2026/09/06 08:50:51 version: linux/amd64 agent binary unavailable: file does not exist
2026/09/06 08:50:51 version: linux/arm64 agent binary unavailable: file does not exist
2026/09/06 08:50:51 version: windows/amd64 agent binary resolved source=test:windows path=/tmp/TestRecomputeFailureClearsOnlyFailedPlatformState2399870938/001/bloxos-agent.exe
2026/09/06 08:50:51 version: windows/amd64 agent binary changed (bbbbbbbbbbbb -> 9d3545accc7b), update will propagate
2026/09/06 08:50:51 schema: at version 0, target 21 — applying 21 migration(s)
2026/09/06 08:50:51 schema: migration 0->1: baseline schema: create all tables and indexes
2026/09/06 08:50:51 schema: migration 0->1 complete
2026/09/06 08:50:51 schema: migration 1->2: add tags, terminal_pin_hash, password_changed, pin_changed columns
2026/09/06 08:50:51 schema: migration 1->2 complete
2026/09/06 08:50:51 schema: migration 2->3: add agent_credentials table for durable enrollment
2026/09/06 08:50:51 schema: migration 2->3 complete
2026/09/06 08:50:51 schema: migration 3->4: add source_ip and user_id to terminal_sessions for audit logging
2026/09/06 08:50:51 schema: migration 3->4 complete
2026/09/06 08:50:51 schema: migration 4->5: add api_machines table for API-polled machines
2026/09/06 08:50:51 schema: migration 4->5 complete
2026/09/06 08:50:51 schema: migration 5->6: add tls_config to api_machines for per-machine TLS trust
2026/09/06 08:50:51 schema: migration 5->6 complete
2026/09/06 08:50:51 schema: migration 6->7: add role column to users for RBAC
2026/09/06 08:50:51 schema: migration 6->7 complete
2026/09/06 08:50:51 schema: migration 7->8: add hardware_info JSON column to machines for static spec snapshots
2026/09/06 08:50:51 schema: migration 7->8 complete
2026/09/06 08:50:51 schema: migration 8->9: add theme_name and theme_mode columns to users for per-user theme prefs
2026/09/06 08:50:51 schema: migration 8->9 complete
2026/09/06 08:50:51 schema: migration 9->10: create branding_config table for admin instance branding (Phase 10)
2026/09/06 08:50:51 schema: migration 9->10 complete
2026/09/06 08:50:51 schema: migration 10->11: Phase 11 — add per-user workflow personalization columns to users
2026/09/06 08:50:51 schema: migration 10->11 complete
2026/09/06 08:50:51 schema: migration 11->12: Phase 11 — create user_pinned_machines table
2026/09/06 08:50:51 schema: migration 11->12 complete
2026/09/06 08:50:51 schema: migration 12->13: Phase 11 — create user_saved_filters table
2026/09/06 08:50:51 schema: migration 12->13 complete
2026/09/06 08:50:51 schema: migration 13->14: Phase 11 — add welcome_message to branding_config
2026/09/06 08:50:51 schema: migration 13->14 complete
2026/09/06 08:50:51 schema: migration 14->15: Phase 12 — add notes column to machines
2026/09/06 08:50:51 schema: migration 14->15 complete
2026/09/06 08:50:51 schema: migration 15->16: Phase 12 — add cpu_temp_c column to metrics
2026/09/06 08:50:51 schema: migration 15->16 complete
2026/09/06 08:50:51 schema: migration 16->17: add nullable target_machine_id to tokens for machine-bound Windows re-enrollment
2026/09/06 08:50:51 schema: migration 16->17 complete
2026/09/06 08:50:51 schema: migration 17->18: add nullable pending_secret_hash and pending_expires_at to agent_credentials for staged Windows re-enrollment handoff
2026/09/06 08:50:51 schema: migration 17->18 complete
2026/09/06 08:50:51 schema: migration 18->19: create hub_settings key/value table (AI Sessions feature switch)
2026/09/06 08:50:51 schema: migration 18->19 complete
2026/09/06 08:50:51 schema: migration 19->20: add mint_time_script and mint-time binding columns to tokens to bind join links to mint-time configuration
2026/09/06 08:50:51 schema: migration 19->20 complete
2026/09/06 08:50:51 schema: migration 20->21: scrub raw install tokens persisted in tokens.mint_time_script
2026/09/06 08:50:51 schema: migration 20->21 complete
2026/09/06 08:50:51 schema: all migrations applied — now at version 21
2026/09/06 08:50:53 version: linux/amd64 agent binary resolved source=test:canonical path=/tmp/TestHashDownloadAndSignatureUseSameResolvedPath1734253631/001/served-agent
2026/09/06 08:50:53 agent download: os=linux arch=amd64 source=test:canonical path=/tmp/TestHashDownloadAndSignatureUseSameResolvedPath1734253631/001/served-agent sha=b1fac5df70d3
2026/09/06 08:50:54 schema: at version 0, target 21 — applying 21 migration(s)
2026/09/06 08:50:54 schema: migration 0->1: baseline schema: create all tables and indexes
2026/09/06 08:50:54 schema: migration 0->1 complete
2026/09/06 08:50:54 schema: migration 1->2: add tags, terminal_pin_hash, password_changed, pin_changed columns
2026/09/06 08:50:54 schema: migration 1->2 complete
2026/09/06 08:50:54 schema: migration 2->3: add agent_credentials table for durable enrollment
2026/09/06 08:50:54 schema: migration 2->3 complete
2026/09/06 08:50:54 schema: migration 3->4: add source_ip and user_id to terminal_sessions for audit logging
2026/09/06 08:50:54 schema: migration 3->4 complete
2026/09/06 08:50:54 schema: migration 4->5: add api_machines table for API-polled machines
2026/09/06 08:50:54 schema: migration 4->5 complete
2026/09/06 08:50:54 schema: migration 5->6: add tls_config to api_machines for per-machine TLS trust
2026/09/06 08:50:54 schema: migration 5->6 complete
2026/09/06 08:50:54 schema: migration 6->7: add role column to users for RBAC
2026/09/06 08:50:54 schema: migration 6->7 complete
2026/09/06 08:50:54 schema: migration 7->8: add hardware_info JSON column to machines for static spec snapshots
2026/09/06 08:50:54 schema: migration 7->8 complete
2026/09/06 08:50:54 schema: migration 8->9: add theme_name and theme_mode columns to users for per-user theme prefs
2026/09/06 08:50:54 schema: migration 8->9 complete
2026/09/06 08:50:54 schema: migration 9->10: create branding_config table for admin instance branding (Phase 10)
2026/09/06 08:50:54 schema: migration 9->10 complete
2026/09/06 08:50:54 schema: migration 10->11: Phase 11 — add per-user workflow personalization columns to users
2026/09/06 08:50:54 schema: migration 10->11 complete
2026/09/06 08:50:54 schema: migration 11->12: Phase 11 — create user_pinned_machines table
2026/09/06 08:50:54 schema: migration 11->12 complete
2026/09/06 08:50:54 schema: migration 12->13: Phase 11 — create user_saved_filters table
2026/09/06 08:50:54 schema: migration 12->13 complete
2026/09/06 08:50:54 schema: migration 13->14: Phase 11 — add welcome_message to branding_config
2026/09/06 08:50:54 schema: migration 13->14 complete
2026/09/06 08:50:54 schema: migration 14->15: Phase 12 — add notes column to machines
2026/09/06 08:50:54 schema: migration 14->15 complete
2026/09/06 08:50:54 schema: migration 15->16: Phase 12 — add cpu_temp_c column to metrics
2026/09/06 08:50:54 schema: migration 15->16 complete
2026/09/06 08:50:54 schema: migration 16->17: add nullable target_machine_id to tokens for machine-bound Windows re-enrollment
2026/09/06 08:50:54 schema: migration 16->17 complete
2026/09/06 08:50:54 schema: migration 17->18: add nullable pending_secret_hash and pending_expires_at to agent_credentials for staged Windows re-enrollment handoff
2026/09/06 08:50:54 schema: migration 17->18 complete
2026/09/06 08:50:54 schema: migration 18->19: create hub_settings key/value table (AI Sessions feature switch)
2026/09/06 08:50:54 schema: migration 18->19 complete
2026/09/06 08:50:54 schema: migration 19->20: add mint_time_script and mint-time binding columns to tokens to bind join links to mint-time configuration
2026/09/06 08:50:54 schema: migration 19->20 complete
2026/09/06 08:50:54 schema: migration 20->21: scrub raw install tokens persisted in tokens.mint_time_script
2026/09/06 08:50:54 schema: migration 20->21 complete
2026/09/06 08:50:54 schema: all migrations applied — now at version 21
2026/09/06 08:50:57 schema: at version 0, target 21 — applying 21 migration(s)
2026/09/06 08:50:57 schema: migration 0->1: baseline schema: create all tables and indexes
2026/09/06 08:50:57 schema: migration 0->1 complete
2026/09/06 08:50:57 schema: migration 1->2: add tags, terminal_pin_hash, password_changed, pin_changed columns
2026/09/06 08:50:57 schema: migration 1->2 complete
2026/09/06 08:50:57 schema: migration 2->3: add agent_credentials table for durable enrollment
2026/09/06 08:50:57 schema: migration 2->3 complete
2026/09/06 08:50:57 schema: migration 3->4: add source_ip and user_id to terminal_sessions for audit logging
2026/09/06 08:50:57 schema: migration 3->4 complete
2026/09/06 08:50:57 schema: migration 4->5: add api_machines table for API-polled machines
2026/09/06 08:50:57 schema: migration 4->5 complete
2026/09/06 08:50:57 schema: migration 5->6: add tls_config to api_machines for per-machine TLS trust
2026/09/06 08:50:57 schema: migration 5->6 complete
2026/09/06 08:50:57 schema: migration 6->7: add role column to users for RBAC
2026/09/06 08:50:57 schema: migration 6->7 complete
2026/09/06 08:50:57 schema: migration 7->8: add hardware_info JSON column to machines for static spec snapshots
2026/09/06 08:50:57 schema: migration 7->8 complete
2026/09/06 08:50:57 schema: migration 8->9: add theme_name and theme_mode columns to users for per-user theme prefs
2026/09/06 08:50:57 schema: migration 8->9 complete
2026/09/06 08:50:57 schema: migration 9->10: create branding_config table for admin instance branding (Phase 10)
2026/09/06 08:50:58 schema: migration 9->10 complete
2026/09/06 08:50:58 schema: migration 10->11: Phase 11 — add per-user workflow personalization columns to users
2026/09/06 08:50:58 schema: migration 10->11 complete
2026/09/06 08:50:58 schema: migration 11->12: Phase 11 — create user_pinned_machines table
2026/09/06 08:50:58 schema: migration 11->12 complete
2026/09/06 08:50:58 schema: migration 12->13: Phase 11 — create user_saved_filters table
2026/09/06 08:50:58 schema: migration 12->13 complete
2026/09/06 08:50:58 schema: migration 13->14: Phase 11 — add welcome_message to branding_config
2026/09/06 08:50:58 schema: migration 13->14 complete
2026/09/06 08:50:58 schema: migration 14->15: Phase 12 — add notes column to machines
2026/09/06 08:50:58 schema: migration 14->15 complete
2026/09/06 08:50:58 schema: migration 15->16: Phase 12 — add cpu_temp_c column to metrics
2026/09/06 08:50:58 schema: migration 15->16 complete
2026/09/06 08:50:58 schema: migration 16->17: add nullable target_machine_id to tokens for machine-bound Windows re-enrollment
2026/09/06 08:50:58 schema: migration 16->17 complete
2026/09/06 08:50:58 schema: migration 17->18: add nullable pending_secret_hash and pending_expires_at to agent_credentials for staged Windows re-enrollment handoff
2026/09/06 08:50:58 schema: migration 17->18 complete
2026/09/06 08:50:58 schema: migration 18->19: create hub_settings key/value table (AI Sessions feature switch)
2026/09/06 08:50:58 schema: migration 18->19 complete
2026/09/06 08:50:58 schema: migration 19->20: add mint_time_script and mint-time binding columns to tokens to bind join links to mint-time configuration
2026/09/06 08:50:58 schema: migration 19->20 complete
2026/09/06 08:50:58 schema: migration 20->21: scrub raw install tokens persisted in tokens.mint_time_script
2026/09/06 08:50:58 schema: migration 20->21 complete
2026/09/06 08:50:58 schema: all migrations applied — now at version 21
2026/09/06 08:51:01 schema: at version 0, target 21 — applying 21 migration(s)
2026/09/06 08:51:01 schema: migration 0->1: baseline schema: create all tables and indexes
2026/09/06 08:51:01 schema: migration 0->1 complete
2026/09/06 08:51:01 schema: migration 1->2: add tags, terminal_pin_hash, password_changed, pin_changed columns
2026/09/06 08:51:01 schema: migration 1->2 complete
2026/09/06 08:51:01 schema: migration 2->3: add agent_credentials table for durable enrollment
2026/09/06 08:51:01 schema: migration 2->3 complete
2026/09/06 08:51:01 schema: migration 3->4: add source_ip and user_id to terminal_sessions for audit logging
2026/09/06 08:51:01 schema: migration 3->4 complete
2026/09/06 08:51:01 schema: migration 4->5: add api_machines table for API-polled machines
2026/09/06 08:51:01 schema: migration 4->5 complete
2026/09/06 08:51:01 schema: migration 5->6: add tls_config to api_machines for per-machine TLS trust
2026/09/06 08:51:01 schema: migration 5->6 complete
2026/09/06 08:51:01 schema: migration 6->7: add role column to users for RBAC
2026/09/06 08:51:01 schema: migration 6->7 complete
2026/09/06 08:51:01 schema: migration 7->8: add hardware_info JSON column to machines for static spec snapshots
2026/09/06 08:51:01 schema: migration 7->8 complete
2026/09/06 08:51:01 schema: migration 8->9: add theme_name and theme_mode columns to users for per-user theme prefs
2026/09/06 08:51:01 schema: migration 8->9 complete
2026/09/06 08:51:01 schema: migration 9->10: create branding_config table for admin instance branding (Phase 10)
2026/09/06 08:51:01 schema: migration 9->10 complete
2026/09/06 08:51:01 schema: migration 10->11: Phase 11 — add per-user workflow personalization columns to users
2026/09/06 08:51:01 schema: migration 10->11 complete
2026/09/06 08:51:01 schema: migration 11->12: Phase 11 — create user_pinned_machines table
2026/09/06 08:51:01 schema: migration 11->12 complete
2026/09/06 08:51:01 schema: migration 12->13: Phase 11 — create user_saved_filters table
2026/09/06 08:51:01 schema: migration 12->13 complete
2026/09/06 08:51:01 schema: migration 13->14: Phase 11 — add welcome_message to branding_config
2026/09/06 08:51:01 schema: migration 13->14 complete
2026/09/06 08:51:01 schema: migration 14->15: Phase 12 — add notes column to machines
2026/09/06 08:51:01 schema: migration 14->15 complete
2026/09/06 08:51:01 schema: migration 15->16: Phase 12 — add cpu_temp_c column to metrics
2026/09/06 08:51:01 schema: migration 15->16 complete
2026/09/06 08:51:01 schema: migration 16->17: add nullable target_machine_id to tokens for machine-bound Windows re-enrollment
2026/09/06 08:51:01 schema: migration 16->17 complete
2026/09/06 08:51:01 schema: migration 17->18: add nullable pending_secret_hash and pending_expires_at to agent_credentials for staged Windows re-enrollment handoff
2026/09/06 08:51:01 schema: migration 17->18 complete
2026/09/06 08:51:01 schema: migration 18->19: create hub_settings key/value table (AI Sessions feature switch)
2026/09/06 08:51:02 schema: migration 18->19 complete
2026/09/06 08:51:02 schema: migration 19->20: add mint_time_script and mint-time binding columns to tokens to bind join links to mint-time configuration
2026/09/06 08:51:02 schema: migration 19->20 complete
2026/09/06 08:51:02 schema: migration 20->21: scrub raw install tokens persisted in tokens.mint_time_script
2026/09/06 08:51:02 schema: migration 20->21 complete
2026/09/06 08:51:02 schema: all migrations applied — now at version 21
2026/09/06 08:51:04 version: linux/amd64 agent binary resolved source=test:fixture path=/tmp/TestDownloadAgentHonorsArch4186562548/001/bloxos-agent
2026/09/06 08:51:04 version: linux/arm64 agent binary resolved source=test:fixture path=/tmp/TestDownloadAgentHonorsArch4186562548/002/bloxos-agent
2026/09/06 08:51:04 version: windows/amd64 agent binary unavailable: no trusted windows/amd64 agent binary: system-default /usr/local/lib/bloxos/windows/bloxos-agent.exe: lstat /usr/local/lib/bloxos/windows/bloxos-agent.exe: no such file or directory; hub-executable-directory /tmp/go-build2081476035/b001/bloxos-agent.exe: lstat /tmp/go-build2081476035/b001/bloxos-agent.exe: no such file or directory
2026/09/06 08:51:04 agent download: os=linux arch=amd64 source=test:fixture path=/tmp/TestDownloadAgentHonorsArch4186562548/001/bloxos-agent sha=22ad6426cc8f
2026/09/06 08:51:04 agent download: os=linux arch=arm64 source=test:fixture path=/tmp/TestDownloadAgentHonorsArch4186562548/002/bloxos-agent sha=5854464976f5
2026/09/06 08:51:04 agent download: os=linux arch=arm64 source=test:fixture path=/tmp/TestDownloadAgentHonorsArch4186562548/002/bloxos-agent sha=5854464976f5
2026/09/06 08:51:04 agent download: os=linux arch=amd64 source=test:fixture path=/tmp/TestDownloadAgentHonorsArch4186562548/001/bloxos-agent sha=22ad6426cc8f
2026/09/06 08:51:04 agent download: os=linux arch=amd64 source=test:fixture path=/tmp/TestDownloadAgentHonorsArch4186562548/001/bloxos-agent sha=22ad6426cc8f
2026/09/06 08:51:04 version: linux/arm64 agent binary unavailable: no trusted linux/arm64 agent binary: system-default /usr/local/lib/bloxos/linux/arm64/bloxos-agent: no such file
2026/09/06 08:51:04 agent download: os=linux arch=amd64 source=test:fixture path=/tmp/TestDownloadAgentHonorsArch4186562548/001/bloxos-agent sha=22ad6426cc8f
2026/09/06 08:51:04 schema: at version 0, target 21 — applying 21 migration(s)
2026/09/06 08:51:04 schema: migration 0->1: baseline schema: create all tables and indexes
2026/09/06 08:51:04 schema: migration 0->1 complete
2026/09/06 08:51:04 schema: migration 1->2: add tags, terminal_pin_hash, password_changed, pin_changed columns
2026/09/06 08:51:04 schema: migration 1->2 complete
2026/09/06 08:51:04 schema: migration 2->3: add agent_credentials table for durable enrollment
2026/09/06 08:51:04 schema: migration 2->3 complete
2026/09/06 08:51:04 schema: migration 3->4: add source_ip and user_id to terminal_sessions for audit logging
2026/09/06 08:51:04 schema: migration 3->4 complete
2026/09/06 08:51:04 schema: migration 4->5: add api_machines table for API-polled machines
2026/09/06 08:51:04 schema: migration 4->5 complete
2026/09/06 08:51:04 schema: migration 5->6: add tls_config to api_machines for per-machine TLS trust
2026/09/06 08:51:04 schema: migration 5->6 complete
2026/09/06 08:51:04 schema: migration 6->7: add role column to users for RBAC
2026/09/06 08:51:04 schema: migration 6->7 complete
2026/09/06 08:51:04 schema: migration 7->8: add hardware_info JSON column to machines for static spec snapshots
2026/09/06 08:51:04 schema: migration 7->8 complete
2026/09/06 08:51:04 schema: migration 8->9: add theme_name and theme_mode columns to users for per-user theme prefs
2026/09/06 08:51:04 schema: migration 8->9 complete
2026/09/06 08:51:04 schema: migration 9->10: create branding_config table for admin instance branding (Phase 10)
2026/09/06 08:51:04 schema: migration 9->10 complete
2026/09/06 08:51:04 schema: migration 10->11: Phase 11 — add per-user workflow personalization columns to users
2026/09/06 08:51:04 schema: migration 10->11 complete
2026/09/06 08:51:04 schema: migration 11->12: Phase 11 — create user_pinned_machines table
2026/09/06 08:51:04 schema: migration 11->12 complete
2026/09/06 08:51:04 schema: migration 12->13: Phase 11 — create user_saved_filters table
2026/09/06 08:51:04 schema: migration 12->13 complete
2026/09/06 08:51:04 schema: migration 13->14: Phase 11 — add welcome_message to branding_config
2026/09/06 08:51:04 schema: migration 13->14 complete
2026/09/06 08:51:04 schema: migration 14->15: Phase 12 — add notes column to machines
2026/09/06 08:51:04 schema: migration 14->15 complete
2026/09/06 08:51:04 schema: migration 15->16: Phase 12 — add cpu_temp_c column to metrics
2026/09/06 08:51:04 schema: migration 15->16 complete
2026/09/06 08:51:04 schema: migration 16->17: add nullable target_machine_id to tokens for machine-bound Windows re-enrollment
2026/09/06 08:51:04 schema: migration 16->17 complete
2026/09/06 08:51:04 schema: migration 17->18: add nullable pending_secret_hash and pending_expires_at to agent_credentials for staged Windows re-enrollment handoff
2026/09/06 08:51:04 schema: migration 17->18 complete
2026/09/06 08:51:04 schema: migration 18->19: create hub_settings key/value table (AI Sessions feature switch)
2026/09/06 08:51:04 schema: migration 18->19 complete
2026/09/06 08:51:04 schema: migration 19->20: add mint_time_script and mint-time binding columns to tokens to bind join links to mint-time configuration
2026/09/06 08:51:04 schema: migration 19->20 complete
2026/09/06 08:51:04 schema: migration 20->21: scrub raw install tokens persisted in tokens.mint_time_script
2026/09/06 08:51:04 schema: migration 20->21 complete
2026/09/06 08:51:04 schema: all migrations applied — now at version 21
2026/09/06 08:51:06 agent token validated successfully
2026/09/06 08:51:06 new agent issued enrollment secret, awaiting commit: test-host (no-staged-state-cleanup)
2026/09/06 08:51:06 agent awaiting enrollment commit: test-host (no-staged-state-cleanup)
2026/09/06 08:51:06 committed fresh enrollment and sent enrollment_confirmed: no-staged-state-cleanup
2026/09/06 08:51:06 agent disconnected: websocket: close 1006 (abnormal closure): unexpected EOF
2026/09/06 08:51:06 agent offline: no-staged-state-cleanup
2026/09/06 08:51:06 agent authenticated via secret: machine_id=no-staged-state-cleanup
2026/09/06 08:51:06 rejecting enrollment_committed from no-staged-state-cleanup: no pending credential was staged on this connection
2026/09/06 08:51:06 agent offline: no-staged-state-cleanup
2026/09/06 08:51:07 schema: at version 0, target 21 — applying 21 migration(s)
2026/09/06 08:51:07 schema: migration 0->1: baseline schema: create all tables and indexes
2026/09/06 08:51:07 schema: migration 0->1 complete
2026/09/06 08:51:07 schema: migration 1->2: add tags, terminal_pin_hash, password_changed, pin_changed columns
2026/09/06 08:51:07 schema: migration 1->2 complete
2026/09/06 08:51:07 schema: migration 2->3: add agent_credentials table for durable enrollment
2026/09/06 08:51:07 schema: migration 2->3 complete
2026/09/06 08:51:07 schema: migration 3->4: add source_ip and user_id to terminal_sessions for audit logging
2026/09/06 08:51:07 schema: migration 3->4 complete
2026/09/06 08:51:07 schema: migration 4->5: add api_machines table for API-polled machines
2026/09/06 08:51:07 schema: migration 4->5 complete
2026/09/06 08:51:07 schema: migration 5->6: add tls_config to api_machines for per-machine TLS trust
2026/09/06 08:51:07 schema: migration 5->6 complete
2026/09/06 08:51:07 schema: migration 6->7: add role column to users for RBAC
2026/09/06 08:51:07 schema: migration 6->7 complete
2026/09/06 08:51:07 schema: migration 7->8: add hardware_info JSON column to machines for static spec snapshots
2026/09/06 08:51:07 schema: migration 7->8 complete
2026/09/06 08:51:07 schema: migration 8->9: add theme_name and theme_mode columns to users for per-user theme prefs
2026/09/06 08:51:07 schema: migration 8->9 complete
2026/09/06 08:51:07 schema: migration 9->10: create branding_config table for admin instance branding (Phase 10)
2026/09/06 08:51:07 schema: migration 9->10 complete
2026/09/06 08:51:07 schema: migration 10->11: Phase 11 — add per-user workflow personalization columns to users
2026/09/06 08:51:07 schema: migration 10->11 complete
2026/09/06 08:51:07 schema: migration 11->12: Phase 11 — create user_pinned_machines table
2026/09/06 08:51:07 schema: migration 11->12 complete
2026/09/06 08:51:07 schema: migration 12->13: Phase 11 — create user_saved_filters table
2026/09/06 08:51:07 schema: migration 12->13 complete
2026/09/06 08:51:07 schema: migration 13->14: Phase 11 — add welcome_message to branding_config
2026/09/06 08:51:07 schema: migration 13->14 complete
2026/09/06 08:51:07 schema: migration 14->15: Phase 12 — add notes column to machines
2026/09/06 08:51:07 schema: migration 14->15 complete
2026/09/06 08:51:07 schema: migration 15->16: Phase 12 — add cpu_temp_c column to metrics
2026/09/06 08:51:07 schema: migration 15->16 complete
2026/09/06 08:51:07 schema: migration 16->17: add nullable target_machine_id to tokens for machine-bound Windows re-enrollment
2026/09/06 08:51:07 schema: migration 16->17 complete
2026/09/06 08:51:07 schema: migration 17->18: add nullable pending_secret_hash and pending_expires_at to agent_credentials for staged Windows re-enrollment handoff
2026/09/06 08:51:07 schema: migration 17->18 complete
2026/09/06 08:51:07 schema: migration 18->19: create hub_settings key/value table (AI Sessions feature switch)
2026/09/06 08:51:07 schema: migration 18->19 complete
2026/09/06 08:51:07 schema: migration 19->20: add mint_time_script and mint-time binding columns to tokens to bind join links to mint-time configuration
2026/09/06 08:51:07 schema: migration 19->20 complete
2026/09/06 08:51:07 schema: migration 20->21: scrub raw install tokens persisted in tokens.mint_time_script
2026/09/06 08:51:07 schema: migration 20->21 complete
2026/09/06 08:51:07 schema: all migrations applied — now at version 21
2026/09/06 08:51:09 agent token validated successfully
2026/09/06 08:51:09 new agent issued enrollment secret, awaiting commit: test-host (promo-mismatch-cleanup)
2026/09/06 08:51:09 agent awaiting enrollment commit: test-host (promo-mismatch-cleanup)
2026/09/06 08:51:09 committed fresh enrollment and sent enrollment_confirmed: promo-mismatch-cleanup
2026/09/06 08:51:09 agent disconnected: websocket: close 1006 (abnormal closure): unexpected EOF
2026/09/06 08:51:09 agent offline: promo-mismatch-cleanup
2026/09/06 08:51:10 agent token validated successfully
2026/09/06 08:51:10 targeted re-enrollment staged a pending credential: test-host (promo-mismatch-cleanup)
2026/09/06 08:51:10 agent registered: test-host (promo-mismatch-cleanup)
2026/09/06 08:51:10 pending credential for promo-mismatch-cleanup no longer matches or has expired — closing connection so it can retry
2026/09/06 08:51:10 agent offline: promo-mismatch-cleanup
2026/09/06 08:51:10 schema: at version 0, target 21 — applying 21 migration(s)
2026/09/06 08:51:10 schema: migration 0->1: baseline schema: create all tables and indexes
2026/09/06 08:51:10 schema: migration 0->1 complete
2026/09/06 08:51:10 schema: migration 1->2: add tags, terminal_pin_hash, password_changed, pin_changed columns
2026/09/06 08:51:10 schema: migration 1->2 complete
2026/09/06 08:51:10 schema: migration 2->3: add agent_credentials table for durable enrollment
2026/09/06 08:51:10 schema: migration 2->3 complete
2026/09/06 08:51:10 schema: migration 3->4: add source_ip and user_id to terminal_sessions for audit logging
2026/09/06 08:51:10 schema: migration 3->4 complete
2026/09/06 08:51:10 schema: migration 4->5: add api_machines table for API-polled machines
2026/09/06 08:51:11 schema: migration 4->5 complete
2026/09/06 08:51:11 schema: migration 5->6: add tls_config to api_machines for per-machine TLS trust
2026/09/06 08:51:11 schema: migration 5->6 complete
2026/09/06 08:51:11 schema: migration 6->7: add role column to users for RBAC
2026/09/06 08:51:11 schema: migration 6->7 complete
2026/09/06 08:51:11 schema: migration 7->8: add hardware_info JSON column to machines for static spec snapshots
2026/09/06 08:51:11 schema: migration 7->8 complete
2026/09/06 08:51:11 schema: migration 8->9: add theme_name and theme_mode columns to users for per-user theme prefs
2026/09/06 08:51:11 schema: migration 8->9 complete
2026/09/06 08:51:11 schema: migration 9->10: create branding_config table for admin instance branding (Phase 10)
2026/09/06 08:51:11 schema: migration 9->10 complete
2026/09/06 08:51:11 schema: migration 10->11: Phase 11 — add per-user workflow personalization columns to users
2026/09/06 08:51:11 schema: migration 10->11 complete
2026/09/06 08:51:11 schema: migration 11->12: Phase 11 — create user_pinned_machines table
2026/09/06 08:51:11 schema: migration 11->12 complete
2026/09/06 08:51:11 schema: migration 12->13: Phase 11 — create user_saved_filters table
2026/09/06 08:51:11 schema: migration 12->13 complete
2026/09/06 08:51:11 schema: migration 13->14: Phase 11 — add welcome_message to branding_config
2026/09/06 08:51:11 schema: migration 13->14 complete
2026/09/06 08:51:11 schema: migration 14->15: Phase 12 — add notes column to machines
2026/09/06 08:51:11 schema: migration 14->15 complete
2026/09/06 08:51:11 schema: migration 15->16: Phase 12 — add cpu_temp_c column to metrics
2026/09/06 08:51:11 schema: migration 15->16 complete
2026/09/06 08:51:11 schema: migration 16->17: add nullable target_machine_id to tokens for machine-bound Windows re-enrollment
2026/09/06 08:51:11 schema: migration 16->17 complete
2026/09/06 08:51:11 schema: migration 17->18: add nullable pending_secret_hash and pending_expires_at to agent_credentials for staged Windows re-enrollment handoff
2026/09/06 08:51:11 schema: migration 17->18 complete
2026/09/06 08:51:11 schema: migration 18->19: create hub_settings key/value table (AI Sessions feature switch)
2026/09/06 08:51:11 schema: migration 18->19 complete
2026/09/06 08:51:11 schema: migration 19->20: add mint_time_script and mint-time binding columns to tokens to bind join links to mint-time configuration
2026/09/06 08:51:11 schema: migration 19->20 complete
2026/09/06 08:51:11 schema: migration 20->21: scrub raw install tokens persisted in tokens.mint_time_script
2026/09/06 08:51:11 schema: migration 20->21 complete
2026/09/06 08:51:11 schema: all migrations applied — now at version 21
2026/09/06 08:51:13 agent token validated successfully
2026/09/06 08:51:13 new agent issued enrollment secret, awaiting commit: test-host (promo-expired-cleanup)
2026/09/06 08:51:13 agent awaiting enrollment commit: test-host (promo-expired-cleanup)
2026/09/06 08:51:13 committed fresh enrollment and sent enrollment_confirmed: promo-expired-cleanup
2026/09/06 08:51:13 agent disconnected: websocket: close 1006 (abnormal closure): unexpected EOF
2026/09/06 08:51:13 agent offline: promo-expired-cleanup
2026/09/06 08:51:14 agent token validated successfully
2026/09/06 08:51:14 targeted re-enrollment staged a pending credential: test-host (promo-expired-cleanup)
2026/09/06 08:51:14 agent registered: test-host (promo-expired-cleanup)
2026/09/06 08:51:14 pending credential for promo-expired-cleanup no longer matches or has expired — closing connection so it can retry
2026/09/06 08:51:14 agent offline: promo-expired-cleanup
2026/09/06 08:51:14 schema: at version 0, target 21 — applying 21 migration(s)
2026/09/06 08:51:14 schema: migration 0->1: baseline schema: create all tables and indexes
2026/09/06 08:51:14 schema: migration 0->1 complete
2026/09/06 08:51:14 schema: migration 1->2: add tags, terminal_pin_hash, password_changed, pin_changed columns
2026/09/06 08:51:14 schema: migration 1->2 complete
2026/09/06 08:51:14 schema: migration 2->3: add agent_credentials table for durable enrollment
2026/09/06 08:51:14 schema: migration 2->3 complete
2026/09/06 08:51:14 schema: migration 3->4: add source_ip and user_id to terminal_sessions for audit logging
2026/09/06 08:51:14 schema: migration 3->4 complete
2026/09/06 08:51:14 schema: migration 4->5: add api_machines table for API-polled machines
2026/09/06 08:51:14 schema: migration 4->5 complete
2026/09/06 08:51:14 schema: migration 5->6: add tls_config to api_machines for per-machine TLS trust
2026/09/06 08:51:14 schema: migration 5->6 complete
2026/09/06 08:51:14 schema: migration 6->7: add role column to users for RBAC
2026/09/06 08:51:14 schema: migration 6->7 complete
2026/09/06 08:51:14 schema: migration 7->8: add hardware_info JSON column to machines for static spec snapshots
2026/09/06 08:51:14 schema: migration 7->8 complete
2026/09/06 08:51:14 schema: migration 8->9: add theme_name and theme_mode columns to users for per-user theme prefs
2026/09/06 08:51:14 schema: migration 8->9 complete
2026/09/06 08:51:14 schema: migration 9->10: create branding_config table for admin instance branding (Phase 10)
2026/09/06 08:51:14 schema: migration 9->10 complete
2026/09/06 08:51:14 schema: migration 10->11: Phase 11 — add per-user workflow personalization columns to users
2026/09/06 08:51:14 schema: migration 10->11 complete
2026/09/06 08:51:14 schema: migration 11->12: Phase 11 — create user_pinned_machines table
2026/09/06 08:51:14 schema: migration 11->12 complete
2026/09/06 08:51:14 schema: migration 12->13: Phase 11 — create user_saved_filters table
2026/09/06 08:51:14 schema: migration 12->13 complete
2026/09/06 08:51:14 schema: migration 13->14: Phase 11 — add welcome_message to branding_config
2026/09/06 08:51:15 schema: migration 13->14 complete
2026/09/06 08:51:15 schema: migration 14->15: Phase 12 — add notes column to machines
2026/09/06 08:51:15 schema: migration 14->15 complete
2026/09/06 08:51:15 schema: migration 15->16: Phase 12 — add cpu_temp_c column to metrics
2026/09/06 08:51:15 schema: migration 15->16 complete
2026/09/06 08:51:15 schema: migration 16->17: add nullable target_machine_id to tokens for machine-bound Windows re-enrollment
2026/09/06 08:51:15 schema: migration 16->17 complete
2026/09/06 08:51:15 schema: migration 17->18: add nullable pending_secret_hash and pending_expires_at to agent_credentials for staged Windows re-enrollment handoff
2026/09/06 08:51:15 schema: migration 17->18 complete
2026/09/06 08:51:15 schema: migration 18->19: create hub_settings key/value table (AI Sessions feature switch)
2026/09/06 08:51:15 schema: migration 18->19 complete
2026/09/06 08:51:15 schema: migration 19->20: add mint_time_script and mint-time binding columns to tokens to bind join links to mint-time configuration
2026/09/06 08:51:15 schema: migration 19->20 complete
2026/09/06 08:51:15 schema: migration 20->21: scrub raw install tokens persisted in tokens.mint_time_script
2026/09/06 08:51:15 schema: migration 20->21 complete
2026/09/06 08:51:15 schema: all migrations applied — now at version 21
2026/09/06 08:51:17 agent token validated successfully
2026/09/06 08:51:17 new agent issued enrollment secret, awaiting commit: test-host (dual-conn-replace)
2026/09/06 08:51:17 agent awaiting enrollment commit: test-host (dual-conn-replace)
2026/09/06 08:51:17 committed fresh enrollment and sent enrollment_confirmed: dual-conn-replace
2026/09/06 08:51:17 agent disconnected: websocket: close 1006 (abnormal closure): unexpected EOF
2026/09/06 08:51:17 agent offline: dual-conn-replace
2026/09/06 08:51:17 ai sessions: config to dual-conn-replace: write tcp 127.0.0.1:32903->127.0.0.1:47112: use of closed network connection
2026/09/06 08:51:17 agent authenticated via secret: machine_id=dual-conn-replace
2026/09/06 08:51:17 agent dual-conn-replace reconnected; closing displaced connection
2026/09/06 08:51:17 agent disconnected: read tcp 127.0.0.1:32903->127.0.0.1:47120: use of closed network connection
2026/09/06 08:51:17 agent authenticated via secret: machine_id=dual-conn-replace
2026/09/06 08:51:17 agent disconnected: write tcp 127.0.0.1:32903->127.0.0.1:47130: write: connection reset by peer
2026/09/06 08:51:17 agent offline: dual-conn-replace
2026/09/06 08:51:17 schema: at version 0, target 21 — applying 21 migration(s)
2026/09/06 08:51:17 schema: migration 0->1: baseline schema: create all tables and indexes
2026/09/06 08:51:17 schema: migration 0->1 complete
2026/09/06 08:51:17 schema: migration 1->2: add tags, terminal_pin_hash, password_changed, pin_changed columns
2026/09/06 08:51:17 schema: migration 1->2 complete
2026/09/06 08:51:17 schema: migration 2->3: add agent_credentials table for durable enrollment
2026/09/06 08:51:17 schema: migration 2->3 complete
2026/09/06 08:51:17 schema: migration 3->4: add source_ip and user_id to terminal_sessions for audit logging
2026/09/06 08:51:17 schema: migration 3->4 complete
2026/09/06 08:51:17 schema: migration 4->5: add api_machines table for API-polled machines
2026/09/06 08:51:17 schema: migration 4->5 complete
2026/09/06 08:51:17 schema: migration 5->6: add tls_config to api_machines for per-machine TLS trust
2026/09/06 08:51:17 schema: migration 5->6 complete
2026/09/06 08:51:17 schema: migration 6->7: add role column to users for RBAC
2026/09/06 08:51:17 schema: migration 6->7 complete
2026/09/06 08:51:17 schema: migration 7->8: add hardware_info JSON column to machines for static spec snapshots
2026/09/06 08:51:17 schema: migration 7->8 complete
2026/09/06 08:51:17 schema: migration 8->9: add theme_name and theme_mode columns to users for per-user theme prefs
2026/09/06 08:51:17 schema: migration 8->9 complete
2026/09/06 08:51:17 schema: migration 9->10: create branding_config table for admin instance branding (Phase 10)
2026/09/06 08:51:17 schema: migration 9->10 complete
2026/09/06 08:51:17 schema: migration 10->11: Phase 11 — add per-user workflow personalization columns to users
2026/09/06 08:51:18 schema: migration 10->11 complete
2026/09/06 08:51:18 schema: migration 11->12: Phase 11 — create user_pinned_machines table
2026/09/06 08:51:18 schema: migration 11->12 complete
2026/09/06 08:51:18 schema: migration 12->13: Phase 11 — create user_saved_filters table
2026/09/06 08:51:18 schema: migration 12->13 complete
2026/09/06 08:51:18 schema: migration 13->14: Phase 11 — add welcome_message to branding_config
2026/09/06 08:51:18 schema: migration 13->14 complete
2026/09/06 08:51:18 schema: migration 14->15: Phase 12 — add notes column to machines
2026/09/06 08:51:18 schema: migration 14->15 complete
2026/09/06 08:51:18 schema: migration 15->16: Phase 12 — add cpu_temp_c column to metrics
2026/09/06 08:51:18 schema: migration 15->16 complete
2026/09/06 08:51:18 schema: migration 16->17: add nullable target_machine_id to tokens for machine-bound Windows re-enrollment
2026/09/06 08:51:18 schema: migration 16->17 complete
2026/09/06 08:51:18 schema: migration 17->18: add nullable pending_secret_hash and pending_expires_at to agent_credentials for staged Windows re-enrollment handoff
2026/09/06 08:51:18 schema: migration 17->18 complete
2026/09/06 08:51:18 schema: migration 18->19: create hub_settings key/value table (AI Sessions feature switch)
2026/09/06 08:51:18 schema: migration 18->19 complete
2026/09/06 08:51:18 schema: migration 19->20: add mint_time_script and mint-time binding columns to tokens to bind join links to mint-time configuration
2026/09/06 08:51:18 schema: migration 19->20 complete
2026/09/06 08:51:18 schema: migration 20->21: scrub raw install tokens persisted in tokens.mint_time_script
2026/09/06 08:51:18 schema: migration 20->21 complete
2026/09/06 08:51:18 schema: all migrations applied — now at version 21
2026/09/06 08:51:20 agent token validation deferred (may be reconnecting agent): invalid token
2026/09/06 08:51:20 schema: at version 0, target 21 — applying 21 migration(s)
2026/09/06 08:51:20 schema: migration 0->1: baseline schema: create all tables and indexes
2026/09/06 08:51:20 schema: migration 0->1 complete
2026/09/06 08:51:20 schema: migration 1->2: add tags, terminal_pin_hash, password_changed, pin_changed columns
2026/09/06 08:51:20 schema: migration 1->2 complete
2026/09/06 08:51:20 schema: migration 2->3: add agent_credentials table for durable enrollment
2026/09/06 08:51:20 schema: migration 2->3 complete
2026/09/06 08:51:20 schema: migration 3->4: add source_ip and user_id to terminal_sessions for audit logging
2026/09/06 08:51:20 schema: migration 3->4 complete
2026/09/06 08:51:20 schema: migration 4->5: add api_machines table for API-polled machines
2026/09/06 08:51:20 schema: migration 4->5 complete
2026/09/06 08:51:20 schema: migration 5->6: add tls_config to api_machines for per-machine TLS trust
2026/09/06 08:51:20 schema: migration 5->6 complete
2026/09/06 08:51:20 schema: migration 6->7: add role column to users for RBAC
2026/09/06 08:51:20 schema: migration 6->7 complete
2026/09/06 08:51:20 schema: migration 7->8: add hardware_info JSON column to machines for static spec snapshots
2026/09/06 08:51:20 schema: migration 7->8 complete
2026/09/06 08:51:20 schema: migration 8->9: add theme_name and theme_mode columns to users for per-user theme prefs
2026/09/06 08:51:20 schema: migration 8->9 complete
2026/09/06 08:51:20 schema: migration 9->10: create branding_config table for admin instance branding (Phase 10)
2026/09/06 08:51:20 schema: migration 9->10 complete
2026/09/06 08:51:20 schema: migration 10->11: Phase 11 — add per-user workflow personalization columns to users
2026/09/06 08:51:20 schema: migration 10->11 complete
2026/09/06 08:51:20 schema: migration 11->12: Phase 11 — create user_pinned_machines table
2026/09/06 08:51:20 schema: migration 11->12 complete
2026/09/06 08:51:20 schema: migration 12->13: Phase 11 — create user_saved_filters table
2026/09/06 08:51:20 schema: migration 12->13 complete
2026/09/06 08:51:20 schema: migration 13->14: Phase 11 — add welcome_message to branding_config
2026/09/06 08:51:20 schema: migration 13->14 complete
2026/09/06 08:51:20 schema: migration 14->15: Phase 12 — add notes column to machines
2026/09/06 08:51:20 schema: migration 14->15 complete
2026/09/06 08:51:20 schema: migration 15->16: Phase 12 — add cpu_temp_c column to metrics
2026/09/06 08:51:20 schema: migration 15->16 complete
2026/09/06 08:51:20 schema: migration 16->17: add nullable target_machine_id to tokens for machine-bound Windows re-enrollment
2026/09/06 08:51:20 schema: migration 16->17 complete
2026/09/06 08:51:20 schema: migration 17->18: add nullable pending_secret_hash and pending_expires_at to agent_credentials for staged Windows re-enrollment handoff
2026/09/06 08:51:20 schema: migration 17->18 complete
2026/09/06 08:51:20 schema: migration 18->19: create hub_settings key/value table (AI Sessions feature switch)
2026/09/06 08:51:20 schema: migration 18->19 complete
2026/09/06 08:51:20 schema: migration 19->20: add mint_time_script and mint-time binding columns to tokens to bind join links to mint-time configuration
2026/09/06 08:51:20 schema: migration 19->20 complete
2026/09/06 08:51:20 schema: migration 20->21: scrub raw install tokens persisted in tokens.mint_time_script
2026/09/06 08:51:20 schema: migration 20->21 complete
2026/09/06 08:51:20 schema: all migrations applied — now at version 21
2026/09/06 08:51:23 agent token validated successfully
2026/09/06 08:51:23 new agent issued enrollment secret, awaiting commit: test-host (machine-A)
2026/09/06 08:51:23 agent awaiting enrollment commit: test-host (machine-A)
2026/09/06 08:51:23 committed fresh enrollment and sent enrollment_confirmed: machine-A
2026/09/06 08:51:23 agent disconnected: websocket: close 1006 (abnormal closure): unexpected EOF
2026/09/06 08:51:23 agent offline: machine-A
2026/09/06 08:51:23 agent authenticated via secret: machine_id=machine-A
2026/09/06 08:51:23 rejecting cross-machine frame: authed=machine-A claimed=machine-B type=metrics
2026/09/06 08:51:23 rejecting cross-machine frame: authed=machine-A claimed=machine-B type=hardware_info
2026/09/06 08:51:23 rejecting cross-machine frame: authed=machine-A claimed=machine-B type=services
2026/09/06 08:51:23 rejecting cross-machine frame: authed=machine-A claimed=machine-B type=containers
2026/09/06 08:51:23 agent disconnected: read tcp 127.0.0.1:39471->127.0.0.1:49164: read: connection reset by peer
2026/09/06 08:51:23 agent offline: machine-A
2026/09/06 08:51:23 schema: at version 0, target 21 — applying 21 migration(s)
2026/09/06 08:51:23 schema: migration 0->1: baseline schema: create all tables and indexes
2026/09/06 08:51:23 schema: migration 0->1 complete
2026/09/06 08:51:23 schema: migration 1->2: add tags, terminal_pin_hash, password_changed, pin_changed columns
2026/09/06 08:51:23 schema: migration 1->2 complete
2026/09/06 08:51:23 schema: migration 2->3: add agent_credentials table for durable enrollment
2026/09/06 08:51:23 schema: migration 2->3 complete
2026/09/06 08:51:23 schema: migration 3->4: add source_ip and user_id to terminal_sessions for audit logging
2026/09/06 08:51:23 schema: migration 3->4 complete
2026/09/06 08:51:23 schema: migration 4->5: add api_machines table for API-polled machines
2026/09/06 08:51:23 schema: migration 4->5 complete
2026/09/06 08:51:23 schema: migration 5->6: add tls_config to api_machines for per-machine TLS trust
2026/09/06 08:51:23 schema: migration 5->6 complete
2026/09/06 08:51:23 schema: migration 6->7: add role column to users for RBAC
2026/09/06 08:51:23 schema: migration 6->7 complete
2026/09/06 08:51:23 schema: migration 7->8: add hardware_info JSON column to machines for static spec snapshots
2026/09/06 08:51:23 schema: migration 7->8 complete
2026/09/06 08:51:23 schema: migration 8->9: add theme_name and theme_mode columns to users for per-user theme prefs
2026/09/06 08:51:23 schema: migration 8->9 complete
2026/09/06 08:51:23 schema: migration 9->10: create branding_config table for admin instance branding (Phase 10)
2026/09/06 08:51:23 schema: migration 9->10 complete
2026/09/06 08:51:23 schema: migration 10->11: Phase 11 — add per-user workflow personalization columns to users
2026/09/06 08:51:23 schema: migration 10->11 complete
2026/09/06 08:51:23 schema: migration 11->12: Phase 11 — create user_pinned_machines table
2026/09/06 08:51:23 schema: migration 11->12 complete
2026/09/06 08:51:23 schema: migration 12->13: Phase 11 — create user_saved_filters table
2026/09/06 08:51:23 schema: migration 12->13 complete
2026/09/06 08:51:23 schema: migration 13->14: Phase 11 — add welcome_message to branding_config
2026/09/06 08:51:23 schema: migration 13->14 complete
2026/09/06 08:51:23 schema: migration 14->15: Phase 12 — add notes column to machines
2026/09/06 08:51:23 schema: migration 14->15 complete
2026/09/06 08:51:23 schema: migration 15->16: Phase 12 — add cpu_temp_c column to metrics
2026/09/06 08:51:23 schema: migration 15->16 complete
2026/09/06 08:51:23 schema: migration 16->17: add nullable target_machine_id to tokens for machine-bound Windows re-enrollment
2026/09/06 08:51:23 schema: migration 16->17 complete
2026/09/06 08:51:23 schema: migration 17->18: add nullable pending_secret_hash and pending_expires_at to agent_credentials for staged Windows re-enrollment handoff
2026/09/06 08:51:23 schema: migration 17->18 complete
2026/09/06 08:51:23 schema: migration 18->19: create hub_settings key/value table (AI Sessions feature switch)
2026/09/06 08:51:23 schema: migration 18->19 complete
2026/09/06 08:51:23 schema: migration 19->20: add mint_time_script and mint-time binding columns to tokens to bind join links to mint-time configuration
2026/09/06 08:51:23 schema: migration 19->20 complete
2026/09/06 08:51:23 schema: migration 20->21: scrub raw install tokens persisted in tokens.mint_time_script
2026/09/06 08:51:23 schema: migration 20->21 complete
2026/09/06 08:51:23 schema: all migrations applied — now at version 21
2026/09/06 08:51:25 agent token validation deferred (may be reconnecting agent): invalid token
2026/09/06 08:51:25 schema: at version 0, target 21 — applying 21 migration(s)
2026/09/06 08:51:25 schema: migration 0->1: baseline schema: create all tables and indexes
2026/09/06 08:51:26 schema: migration 0->1 complete
2026/09/06 08:51:26 schema: migration 1->2: add tags, terminal_pin_hash, password_changed, pin_changed columns
2026/09/06 08:51:26 schema: migration 1->2 complete
2026/09/06 08:51:26 schema: migration 2->3: add agent_credentials table for durable enrollment
2026/09/06 08:51:26 schema: migration 2->3 complete
2026/09/06 08:51:26 schema: migration 3->4: add source_ip and user_id to terminal_sessions for audit logging
2026/09/06 08:51:26 schema: migration 3->4 complete
2026/09/06 08:51:26 schema: migration 4->5: add api_machines table for API-polled machines
2026/09/06 08:51:26 schema: migration 4->5 complete
2026/09/06 08:51:26 schema: migration 5->6: add tls_config to api_machines for per-machine TLS trust
2026/09/06 08:51:26 schema: migration 5->6 complete
2026/09/06 08:51:26 schema: migration 6->7: add role column to users for RBAC
2026/09/06 08:51:26 schema: migration 6->7 complete
2026/09/06 08:51:26 schema: migration 7->8: add hardware_info JSON column to machines for static spec snapshots
2026/09/06 08:51:26 schema: migration 7->8 complete
2026/09/06 08:51:26 schema: migration 8->9: add theme_name and theme_mode columns to users for per-user theme prefs
2026/09/06 08:51:26 schema: migration 8->9 complete
2026/09/06 08:51:26 schema: migration 9->10: create branding_config table for admin instance branding (Phase 10)
2026/09/06 08:51:26 schema: migration 9->10 complete
2026/09/06 08:51:26 schema: migration 10->11: Phase 11 — add per-user workflow personalization columns to users
2026/09/06 08:51:26 schema: migration 10->11 complete
2026/09/06 08:51:26 schema: migration 11->12: Phase 11 — create user_pinned_machines table
2026/09/06 08:51:26 schema: migration 11->12 complete
2026/09/06 08:51:26 schema: migration 12->13: Phase 11 — create user_saved_filters table
2026/09/06 08:51:26 schema: migration 12->13 complete
2026/09/06 08:51:26 schema: migration 13->14: Phase 11 — add welcome_message to branding_config
2026/09/06 08:51:26 schema: migration 13->14 complete
2026/09/06 08:51:26 schema: migration 14->15: Phase 12 — add notes column to machines
2026/09/06 08:51:26 schema: migration 14->15 complete
2026/09/06 08:51:26 schema: migration 15->16: Phase 12 — add cpu_temp_c column to metrics
2026/09/06 08:51:26 schema: migration 15->16 complete
2026/09/06 08:51:26 schema: migration 16->17: add nullable target_machine_id to tokens for machine-bound Windows re-enrollment
2026/09/06 08:51:26 schema: migration 16->17 complete
2026/09/06 08:51:26 schema: migration 17->18: add nullable pending_secret_hash and pending_expires_at to agent_credentials for staged Windows re-enrollment handoff
2026/09/06 08:51:26 schema: migration 17->18 complete
2026/09/06 08:51:26 schema: migration 18->19: create hub_settings key/value table (AI Sessions feature switch)
2026/09/06 08:51:26 schema: migration 18->19 complete
2026/09/06 08:51:26 schema: migration 19->20: add mint_time_script and mint-time binding columns to tokens to bind join links to mint-time configuration
2026/09/06 08:51:26 schema: migration 19->20 complete
2026/09/06 08:51:26 schema: migration 20->21: scrub raw install tokens persisted in tokens.mint_time_script
2026/09/06 08:51:26 schema: migration 20->21 complete
2026/09/06 08:51:26 schema: all migrations applied — now at version 21
2026/09/06 08:51:28 agent token validated successfully
2026/09/06 08:51:28 agent disconnected: read tcp 127.0.0.1:41871->127.0.0.1:50138: i/o timeout
2026/09/06 08:51:28 schema: at version 0, target 21 — applying 21 migration(s)
2026/09/06 08:51:28 schema: migration 0->1: baseline schema: create all tables and indexes
2026/09/06 08:51:29 schema: migration 0->1 complete
2026/09/06 08:51:29 schema: migration 1->2: add tags, terminal_pin_hash, password_changed, pin_changed columns
2026/09/06 08:51:29 schema: migration 1->2 complete
2026/09/06 08:51:29 schema: migration 2->3: add agent_credentials table for durable enrollment
2026/09/06 08:51:29 schema: migration 2->3 complete
2026/09/06 08:51:29 schema: migration 3->4: add source_ip and user_id to terminal_sessions for audit logging
2026/09/06 08:51:29 schema: migration 3->4 complete
2026/09/06 08:51:29 schema: migration 4->5: add api_machines table for API-polled machines
2026/09/06 08:51:29 schema: migration 4->5 complete
2026/09/06 08:51:29 schema: migration 5->6: add tls_config to api_machines for per-machine TLS trust
2026/09/06 08:51:29 schema: migration 5->6 complete
2026/09/06 08:51:29 schema: migration 6->7: add role column to users for RBAC
2026/09/06 08:51:29 schema: migration 6->7 complete
2026/09/06 08:51:29 schema: migration 7->8: add hardware_info JSON column to machines for static spec snapshots
2026/09/06 08:51:29 schema: migration 7->8 complete
2026/09/06 08:51:29 schema: migration 8->9: add theme_name and theme_mode columns to users for per-user theme prefs
2026/09/06 08:51:29 schema: migration 8->9 complete
2026/09/06 08:51:29 schema: migration 9->10: create branding_config table for admin instance branding (Phase 10)
2026/09/06 08:51:29 schema: migration 9->10 complete
2026/09/06 08:51:29 schema: migration 10->11: Phase 11 — add per-user workflow personalization columns to users
2026/09/06 08:51:29 schema: migration 10->11 complete
2026/09/06 08:51:29 schema: migration 11->12: Phase 11 — create user_pinned_machines table
2026/09/06 08:51:29 schema: migration 11->12 complete
2026/09/06 08:51:29 schema: migration 12->13: Phase 11 — create user_saved_filters table
2026/09/06 08:51:29 schema: migration 12->13 complete
2026/09/06 08:51:29 schema: migration 13->14: Phase 11 — add welcome_message to branding_config
2026/09/06 08:51:29 schema: migration 13->14 complete
2026/09/06 08:51:29 schema: migration 14->15: Phase 12 — add notes column to machines
2026/09/06 08:51:29 schema: migration 14->15 complete
2026/09/06 08:51:29 schema: migration 15->16: Phase 12 — add cpu_temp_c column to metrics
2026/09/06 08:51:29 schema: migration 15->16 complete
2026/09/06 08:51:29 schema: migration 16->17: add nullable target_machine_id to tokens for machine-bound Windows re-enrollment
2026/09/06 08:51:29 schema: migration 16->17 complete
2026/09/06 08:51:29 schema: migration 17->18: add nullable pending_secret_hash and pending_expires_at to agent_credentials for staged Windows re-enrollment handoff
2026/09/06 08:51:29 schema: migration 17->18 complete
2026/09/06 08:51:29 schema: migration 18->19: create hub_settings key/value table (AI Sessions feature switch)
2026/09/06 08:51:29 schema: migration 18->19 complete
2026/09/06 08:51:29 schema: migration 19->20: add mint_time_script and mint-time binding columns to tokens to bind join links to mint-time configuration
2026/09/06 08:51:29 schema: migration 19->20 complete
2026/09/06 08:51:29 schema: migration 20->21: scrub raw install tokens persisted in tokens.mint_time_script
2026/09/06 08:51:29 schema: migration 20->21 complete
2026/09/06 08:51:29 schema: all migrations applied — now at version 21
2026/09/06 08:51:31 terminal session term-close-release closed: machine=machine-x user=test-admin-id ip= duration=0s
2026/09/06 08:51:31 terminal session term-close-release closed via API
2026/09/06 08:51:31 schema: at version 0, target 21 — applying 21 migration(s)
2026/09/06 08:51:31 schema: migration 0->1: baseline schema: create all tables and indexes
2026/09/06 08:51:31 schema: migration 0->1 complete
2026/09/06 08:51:31 schema: migration 1->2: add tags, terminal_pin_hash, password_changed, pin_changed columns
2026/09/06 08:51:31 schema: migration 1->2 complete
2026/09/06 08:51:31 schema: migration 2->3: add agent_credentials table for durable enrollment
2026/09/06 08:51:31 schema: migration 2->3 complete
2026/09/06 08:51:31 schema: migration 3->4: add source_ip and user_id to terminal_sessions for audit logging
2026/09/06 08:51:31 schema: migration 3->4 complete
2026/09/06 08:51:31 schema: migration 4->5: add api_machines table for API-polled machines
2026/09/06 08:51:31 schema: migration 4->5 complete
2026/09/06 08:51:31 schema: migration 5->6: add tls_config to api_machines for per-machine TLS trust
2026/09/06 08:51:31 schema: migration 5->6 complete
2026/09/06 08:51:31 schema: migration 6->7: add role column to users for RBAC
2026/09/06 08:51:31 schema: migration 6->7 complete
2026/09/06 08:51:31 schema: migration 7->8: add hardware_info JSON column to machines for static spec snapshots
2026/09/06 08:51:31 schema: migration 7->8 complete
2026/09/06 08:51:31 schema: migration 8->9: add theme_name and theme_mode columns to users for per-user theme prefs
2026/09/06 08:51:31 schema: migration 8->9 complete
2026/09/06 08:51:31 schema: migration 9->10: create branding_config table for admin instance branding (Phase 10)
2026/09/06 08:51:31 schema: migration 9->10 complete
2026/09/06 08:51:31 schema: migration 10->11: Phase 11 — add per-user workflow personalization columns to users
2026/09/06 08:51:32 schema: migration 10->11 complete
2026/09/06 08:51:32 schema: migration 11->12: Phase 11 — create user_pinned_machines table
2026/09/06 08:51:32 schema: migration 11->12 complete
2026/09/06 08:51:32 schema: migration 12->13: Phase 11 — create user_saved_filters table
2026/09/06 08:51:32 schema: migration 12->13 complete
2026/09/06 08:51:32 schema: migration 13->14: Phase 11 — add welcome_message to branding_config
2026/09/06 08:51:32 schema: migration 13->14 complete
2026/09/06 08:51:32 schema: migration 14->15: Phase 12 — add notes column to machines
2026/09/06 08:51:32 schema: migration 14->15 complete
2026/09/06 08:51:32 schema: migration 15->16: Phase 12 — add cpu_temp_c column to metrics
2026/09/06 08:51:32 schema: migration 15->16 complete
2026/09/06 08:51:32 schema: migration 16->17: add nullable target_machine_id to tokens for machine-bound Windows re-enrollment
2026/09/06 08:51:32 schema: migration 16->17 complete
2026/09/06 08:51:32 schema: migration 17->18: add nullable pending_secret_hash and pending_expires_at to agent_credentials for staged Windows re-enrollment handoff
2026/09/06 08:51:32 schema: migration 17->18 complete
2026/09/06 08:51:32 schema: migration 18->19: create hub_settings key/value table (AI Sessions feature switch)
2026/09/06 08:51:32 schema: migration 18->19 complete
2026/09/06 08:51:32 schema: migration 19->20: add mint_time_script and mint-time binding columns to tokens to bind join links to mint-time configuration
2026/09/06 08:51:32 schema: migration 19->20 complete
2026/09/06 08:51:32 schema: migration 20->21: scrub raw install tokens persisted in tokens.mint_time_script
2026/09/06 08:51:32 schema: migration 20->21 complete
2026/09/06 08:51:32 schema: all migrations applied — now at version 21
2026/09/06 08:51:34 agent token validated successfully
2026/09/06 08:51:34 invalid JSON from agent: invalid character 'o' in literal null (expecting 'u')
2026/09/06 08:51:34 invalid JSON from agent: invalid character 'o' in literal null (expecting 'u')
2026/09/06 08:51:34 invalid JSON from agent: invalid character 'o' in literal null (expecting 'u')
2026/09/06 08:51:34 invalid JSON from agent: invalid character 'o' in literal null (expecting 'u')
2026/09/06 08:51:34 agent disconnected: read tcp 127.0.0.1:40767->127.0.0.1:58490: i/o timeout
2026/09/06 08:51:35 schema: at version 0, target 21 — applying 21 migration(s)
2026/09/06 08:51:35 schema: migration 0->1: baseline schema: create all tables and indexes
2026/09/06 08:51:35 schema: migration 0->1 complete
2026/09/06 08:51:35 schema: migration 1->2: add tags, terminal_pin_hash, password_changed, pin_changed columns
2026/09/06 08:51:35 schema: migration 1->2 complete
2026/09/06 08:51:35 schema: migration 2->3: add agent_credentials table for durable enrollment
2026/09/06 08:51:35 schema: migration 2->3 complete
2026/09/06 08:51:35 schema: migration 3->4: add source_ip and user_id to terminal_sessions for audit logging
2026/09/06 08:51:35 schema: migration 3->4 complete
2026/09/06 08:51:35 schema: migration 4->5: add api_machines table for API-polled machines
2026/09/06 08:51:35 schema: migration 4->5 complete
2026/09/06 08:51:35 schema: migration 5->6: add tls_config to api_machines for per-machine TLS trust
2026/09/06 08:51:35 schema: migration 5->6 complete
2026/09/06 08:51:35 schema: migration 6->7: add role column to users for RBAC
2026/09/06 08:51:35 schema: migration 6->7 complete
2026/09/06 08:51:35 schema: migration 7->8: add hardware_info JSON column to machines for static spec snapshots
2026/09/06 08:51:35 schema: migration 7->8 complete
2026/09/06 08:51:35 schema: migration 8->9: add theme_name and theme_mode columns to users for per-user theme prefs
2026/09/06 08:51:35 schema: migration 8->9 complete
2026/09/06 08:51:35 schema: migration 9->10: create branding_config table for admin instance branding (Phase 10)
2026/09/06 08:51:35 schema: migration 9->10 complete
2026/09/06 08:51:35 schema: migration 10->11: Phase 11 — add per-user workflow personalization columns to users
2026/09/06 08:51:35 schema: migration 10->11 complete
2026/09/06 08:51:35 schema: migration 11->12: Phase 11 — create user_pinned_machines table
2026/09/06 08:51:35 schema: migration 11->12 complete
2026/09/06 08:51:35 schema: migration 12->13: Phase 11 — create user_saved_filters table
2026/09/06 08:51:35 schema: migration 12->13 complete
2026/09/06 08:51:35 schema: migration 13->14: Phase 11 — add welcome_message to branding_config
2026/09/06 08:51:35 schema: migration 13->14 complete
2026/09/06 08:51:35 schema: migration 14->15: Phase 12 — add notes column to machines
2026/09/06 08:51:35 schema: migration 14->15 complete
2026/09/06 08:51:35 schema: migration 15->16: Phase 12 — add cpu_temp_c column to metrics
2026/09/06 08:51:35 schema: migration 15->16 complete
2026/09/06 08:51:35 schema: migration 16->17: add nullable target_machine_id to tokens for machine-bound Windows re-enrollment
2026/09/06 08:51:35 schema: migration 16->17 complete
2026/09/06 08:51:35 schema: migration 17->18: add nullable pending_secret_hash and pending_expires_at to agent_credentials for staged Windows re-enrollment handoff
2026/09/06 08:51:35 schema: migration 17->18 complete
2026/09/06 08:51:35 schema: migration 18->19: create hub_settings key/value table (AI Sessions feature switch)
2026/09/06 08:51:35 schema: migration 18->19 complete
2026/09/06 08:51:35 schema: migration 19->20: add mint_time_script and mint-time binding columns to tokens to bind join links to mint-time configuration
2026/09/06 08:51:35 schema: migration 19->20 complete
2026/09/06 08:51:35 schema: migration 20->21: scrub raw install tokens persisted in tokens.mint_time_script
2026/09/06 08:51:35 schema: migration 20->21 complete
2026/09/06 08:51:35 schema: all migrations applied — now at version 21
2026/09/06 08:51:37 agent token validated successfully
2026/09/06 08:51:37 new agent issued enrollment secret, awaiting commit: test-host (ping-machine)
2026/09/06 08:51:37 agent awaiting enrollment commit: test-host (ping-machine)
2026/09/06 08:51:37 committed fresh enrollment and sent enrollment_confirmed: ping-machine
2026/09/06 08:51:37 agent disconnected: websocket: close 1006 (abnormal closure): unexpected EOF
2026/09/06 08:51:37 agent offline: ping-machine
2026/09/06 08:51:37 agent authenticated via secret: machine_id=ping-machine
2026/09/06 08:51:38 agent disconnected: websocket: close 1006 (abnormal closure): unexpected EOF
2026/09/06 08:51:38 agent offline: ping-machine
2026/09/06 08:51:38 schema: at version 0, target 21 — applying 21 migration(s)
2026/09/06 08:51:38 schema: migration 0->1: baseline schema: create all tables and indexes
2026/09/06 08:51:38 schema: migration 0->1 complete
2026/09/06 08:51:38 schema: migration 1->2: add tags, terminal_pin_hash, password_changed, pin_changed columns
2026/09/06 08:51:38 schema: migration 1->2 complete
2026/09/06 08:51:38 schema: migration 2->3: add agent_credentials table for durable enrollment
2026/09/06 08:51:38 schema: migration 2->3 complete
2026/09/06 08:51:38 schema: migration 3->4: add source_ip and user_id to terminal_sessions for audit logging
2026/09/06 08:51:38 schema: migration 3->4 complete
2026/09/06 08:51:38 schema: migration 4->5: add api_machines table for API-polled machines
2026/09/06 08:51:38 schema: migration 4->5 complete
2026/09/06 08:51:38 schema: migration 5->6: add tls_config to api_machines for per-machine TLS trust
2026/09/06 08:51:38 schema: migration 5->6 complete
2026/09/06 08:51:38 schema: migration 6->7: add role column to users for RBAC
2026/09/06 08:51:38 schema: migration 6->7 complete
2026/09/06 08:51:38 schema: migration 7->8: add hardware_info JSON column to machines for static spec snapshots
2026/09/06 08:51:38 schema: migration 7->8 complete
2026/09/06 08:51:38 schema: migration 8->9: add theme_name and theme_mode columns to users for per-user theme prefs
2026/09/06 08:51:38 schema: migration 8->9 complete
2026/09/06 08:51:38 schema: migration 9->10: create branding_config table for admin instance branding (Phase 10)
2026/09/06 08:51:38 schema: migration 9->10 complete
2026/09/06 08:51:38 schema: migration 10->11: Phase 11 — add per-user workflow personalization columns to users
2026/09/06 08:51:38 schema: migration 10->11 complete
2026/09/06 08:51:38 schema: migration 11->12: Phase 11 — create user_pinned_machines table
2026/09/06 08:51:38 schema: migration 11->12 complete
2026/09/06 08:51:38 schema: migration 12->13: Phase 11 — create user_saved_filters table
2026/09/06 08:51:38 schema: migration 12->13 complete
2026/09/06 08:51:38 schema: migration 13->14: Phase 11 — add welcome_message to branding_config
2026/09/06 08:51:38 schema: migration 13->14 complete
2026/09/06 08:51:38 schema: migration 14->15: Phase 12 — add notes column to machines
2026/09/06 08:51:38 schema: migration 14->15 complete
2026/09/06 08:51:38 schema: migration 15->16: Phase 12 — add cpu_temp_c column to metrics
2026/09/06 08:51:38 schema: migration 15->16 complete
2026/09/06 08:51:38 schema: migration 16->17: add nullable target_machine_id to tokens for machine-bound Windows re-enrollment
2026/09/06 08:51:38 schema: migration 16->17 complete
2026/09/06 08:51:38 schema: migration 17->18: add nullable pending_secret_hash and pending_expires_at to agent_credentials for staged Windows re-enrollment handoff
2026/09/06 08:51:38 schema: migration 17->18 complete
2026/09/06 08:51:38 schema: migration 18->19: create hub_settings key/value table (AI Sessions feature switch)
2026/09/06 08:51:38 schema: migration 18->19 complete
2026/09/06 08:51:38 schema: migration 19->20: add mint_time_script and mint-time binding columns to tokens to bind join links to mint-time configuration
2026/09/06 08:51:38 schema: migration 19->20 complete
2026/09/06 08:51:38 schema: migration 20->21: scrub raw install tokens persisted in tokens.mint_time_script
2026/09/06 08:51:38 schema: migration 20->21 complete
2026/09/06 08:51:38 schema: all migrations applied — now at version 21
2026/09/06 08:51:42 agent token validated successfully
2026/09/06 08:51:42 new agent issued enrollment secret, awaiting commit: test-host (machine-A)
2026/09/06 08:51:42 agent awaiting enrollment commit: test-host (machine-A)
2026/09/06 08:51:42 committed fresh enrollment and sent enrollment_confirmed: machine-A
2026/09/06 08:51:42 agent disconnected: read tcp 127.0.0.1:43893->127.0.0.1:54516: read: connection reset by peer
2026/09/06 08:51:42 agent offline: machine-A
2026/09/06 08:51:42 agent authenticated via secret: machine_id=machine-A
2026/09/06 08:51:42 agent disconnected: read tcp 127.0.0.1:43893->127.0.0.1:54528: read: connection reset by peer
2026/09/06 08:51:42 agent offline: machine-A
2026/09/06 08:51:42 schema: at version 0, target 21 — applying 21 migration(s)
2026/09/06 08:51:42 schema: migration 0->1: baseline schema: create all tables and indexes
2026/09/06 08:51:42 schema: migration 0->1 complete
2026/09/06 08:51:42 schema: migration 1->2: add tags, terminal_pin_hash, password_changed, pin_changed columns
2026/09/06 08:51:42 schema: migration 1->2 complete
2026/09/06 08:51:42 schema: migration 2->3: add agent_credentials table for durable enrollment
2026/09/06 08:51:42 schema: migration 2->3 complete
2026/09/06 08:51:42 schema: migration 3->4: add source_ip and user_id to terminal_sessions for audit logging
2026/09/06 08:51:42 schema: migration 3->4 complete
2026/09/06 08:51:42 schema: migration 4->5: add api_machines table for API-polled machines
2026/09/06 08:51:42 schema: migration 4->5 complete
2026/09/06 08:51:42 schema: migration 5->6: add tls_config to api_machines for per-machine TLS trust
2026/09/06 08:51:42 schema: migration 5->6 complete
2026/09/06 08:51:42 schema: migration 6->7: add role column to users for RBAC
2026/09/06 08:51:42 schema: migration 6->7 complete
2026/09/06 08:51:42 schema: migration 7->8: add hardware_info JSON column to machines for static spec snapshots
2026/09/06 08:51:42 schema: migration 7->8 complete
2026/09/06 08:51:42 schema: migration 8->9: add theme_name and theme_mode columns to users for per-user theme prefs
2026/09/06 08:51:42 schema: migration 8->9 complete
2026/09/06 08:51:42 schema: migration 9->10: create branding_config table for admin instance branding (Phase 10)
2026/09/06 08:51:42 schema: migration 9->10 complete
2026/09/06 08:51:42 schema: migration 10->11: Phase 11 — add per-user workflow personalization columns to users
2026/09/06 08:51:42 schema: migration 10->11 complete
2026/09/06 08:51:42 schema: migration 11->12: Phase 11 — create user_pinned_machines table
2026/09/06 08:51:42 schema: migration 11->12 complete
2026/09/06 08:51:42 schema: migration 12->13: Phase 11 — create user_saved_filters table
2026/09/06 08:51:42 schema: migration 12->13 complete
2026/09/06 08:51:42 schema: migration 13->14: Phase 11 — add welcome_message to branding_config
2026/09/06 08:51:42 schema: migration 13->14 complete
2026/09/06 08:51:42 schema: migration 14->15: Phase 12 — add notes column to machines
2026/09/06 08:51:42 schema: migration 14->15 complete
2026/09/06 08:51:42 schema: migration 15->16: Phase 12 — add cpu_temp_c column to metrics
2026/09/06 08:51:42 schema: migration 15->16 complete
2026/09/06 08:51:42 schema: migration 16->17: add nullable target_machine_id to tokens for machine-bound Windows re-enrollment
2026/09/06 08:51:42 schema: migration 16->17 complete
2026/09/06 08:51:42 schema: migration 17->18: add nullable pending_secret_hash and pending_expires_at to agent_credentials for staged Windows re-enrollment handoff
2026/09/06 08:51:42 schema: migration 17->18 complete
2026/09/06 08:51:42 schema: migration 18->19: create hub_settings key/value table (AI Sessions feature switch)
2026/09/06 08:51:42 schema: migration 18->19 complete
2026/09/06 08:51:42 schema: migration 19->20: add mint_time_script and mint-time binding columns to tokens to bind join links to mint-time configuration
2026/09/06 08:51:42 schema: migration 19->20 complete
2026/09/06 08:51:42 schema: migration 20->21: scrub raw install tokens persisted in tokens.mint_time_script
2026/09/06 08:51:42 schema: migration 20->21 complete
2026/09/06 08:51:42 schema: all migrations applied — now at version 21
2026/09/06 08:51:46 agent token validated successfully
2026/09/06 08:51:46 new agent issued enrollment secret, awaiting commit: test-host (machine-P)
2026/09/06 08:51:46 agent awaiting enrollment commit: test-host (machine-P)
2026/09/06 08:51:46 committed fresh enrollment and sent enrollment_confirmed: machine-P
2026/09/06 08:51:46 agent disconnected: websocket: close 1006 (abnormal closure): unexpected EOF
2026/09/06 08:51:46 agent offline: machine-P
2026/09/06 08:51:46 agent authenticated via secret: machine_id=machine-P
2026/09/06 08:51:46 agent disconnected: read tcp 127.0.0.1:44015->127.0.0.1:41234: read: connection reset by peer
2026/09/06 08:51:46 agent offline: machine-P
2026/09/06 08:51:46 schema: at version 0, target 21 — applying 21 migration(s)
2026/09/06 08:51:46 schema: migration 0->1: baseline schema: create all tables and indexes
2026/09/06 08:51:46 schema: migration 0->1 complete
2026/09/06 08:51:46 schema: migration 1->2: add tags, terminal_pin_hash, password_changed, pin_changed columns
2026/09/06 08:51:46 schema: migration 1->2 complete
2026/09/06 08:51:46 schema: migration 2->3: add agent_credentials table for durable enrollment
2026/09/06 08:51:46 schema: migration 2->3 complete
2026/09/06 08:51:46 schema: migration 3->4: add source_ip and user_id to terminal_sessions for audit logging
2026/09/06 08:51:46 schema: migration 3->4 complete
2026/09/06 08:51:46 schema: migration 4->5: add api_machines table for API-polled machines
2026/09/06 08:51:46 schema: migration 4->5 complete
2026/09/06 08:51:46 schema: migration 5->6: add tls_config to api_machines for per-machine TLS trust
2026/09/06 08:51:46 schema: migration 5->6 complete
2026/09/06 08:51:46 schema: migration 6->7: add role column to users for RBAC
2026/09/06 08:51:46 schema: migration 6->7 complete
2026/09/06 08:51:46 schema: migration 7->8: add hardware_info JSON column to machines for static spec snapshots
2026/09/06 08:51:46 schema: migration 7->8 complete
2026/09/06 08:51:46 schema: migration 8->9: add theme_name and theme_mode columns to users for per-user theme prefs
2026/09/06 08:51:46 schema: migration 8->9 complete
2026/09/06 08:51:46 schema: migration 9->10: create branding_config table for admin instance branding (Phase 10)
2026/09/06 08:51:46 schema: migration 9->10 complete
2026/09/06 08:51:46 schema: migration 10->11: Phase 11 — add per-user workflow personalization columns to users
2026/09/06 08:51:46 schema: migration 10->11 complete
2026/09/06 08:51:46 schema: migration 11->12: Phase 11 — create user_pinned_machines table
2026/09/06 08:51:46 schema: migration 11->12 complete
2026/09/06 08:51:46 schema: migration 12->13: Phase 11 — create user_saved_filters table
2026/09/06 08:51:46 schema: migration 12->13 complete
2026/09/06 08:51:46 schema: migration 13->14: Phase 11 — add welcome_message to branding_config
2026/09/06 08:51:46 schema: migration 13->14 complete
2026/09/06 08:51:46 schema: migration 14->15: Phase 12 — add notes column to machines
2026/09/06 08:51:46 schema: migration 14->15 complete
2026/09/06 08:51:46 schema: migration 15->16: Phase 12 — add cpu_temp_c column to metrics
2026/09/06 08:51:46 schema: migration 15->16 complete
2026/09/06 08:51:46 schema: migration 16->17: add nullable target_machine_id to tokens for machine-bound Windows re-enrollment
2026/09/06 08:51:46 schema: migration 16->17 complete
2026/09/06 08:51:46 schema: migration 17->18: add nullable pending_secret_hash and pending_expires_at to agent_credentials for staged Windows re-enrollment handoff
2026/09/06 08:51:46 schema: migration 17->18 complete
2026/09/06 08:51:46 schema: migration 18->19: create hub_settings key/value table (AI Sessions feature switch)
2026/09/06 08:51:46 schema: migration 18->19 complete
2026/09/06 08:51:46 schema: migration 19->20: add mint_time_script and mint-time binding columns to tokens to bind join links to mint-time configuration
2026/09/06 08:51:46 schema: migration 19->20 complete
2026/09/06 08:51:46 schema: migration 20->21: scrub raw install tokens persisted in tokens.mint_time_script
2026/09/06 08:51:46 schema: migration 20->21 complete
2026/09/06 08:51:46 schema: all migrations applied — now at version 21
2026/09/06 08:51:48 schema: at version 0, target 21 — applying 21 migration(s)
2026/09/06 08:51:48 schema: migration 0->1: baseline schema: create all tables and indexes
2026/09/06 08:51:49 schema: migration 0->1 complete
2026/09/06 08:51:49 schema: migration 1->2: add tags, terminal_pin_hash, password_changed, pin_changed columns
2026/09/06 08:51:49 schema: migration 1->2 complete
2026/09/06 08:51:49 schema: migration 2->3: add agent_credentials table for durable enrollment
2026/09/06 08:51:49 schema: migration 2->3 complete
2026/09/06 08:51:49 schema: migration 3->4: add source_ip and user_id to terminal_sessions for audit logging
2026/09/06 08:51:49 schema: migration 3->4 complete
2026/09/06 08:51:49 schema: migration 4->5: add api_machines table for API-polled machines
2026/09/06 08:51:49 schema: migration 4->5 complete
2026/09/06 08:51:49 schema: migration 5->6: add tls_config to api_machines for per-machine TLS trust
2026/09/06 08:51:49 schema: migration 5->6 complete
2026/09/06 08:51:49 schema: migration 6->7: add role column to users for RBAC
2026/09/06 08:51:49 schema: migration 6->7 complete
2026/09/06 08:51:49 schema: migration 7->8: add hardware_info JSON column to machines for static spec snapshots
2026/09/06 08:51:49 schema: migration 7->8 complete
2026/09/06 08:51:49 schema: migration 8->9: add theme_name and theme_mode columns to users for per-user theme prefs
2026/09/06 08:51:49 schema: migration 8->9 complete
2026/09/06 08:51:49 schema: migration 9->10: create branding_config table for admin instance branding (Phase 10)
2026/09/06 08:51:49 schema: migration 9->10 complete
2026/09/06 08:51:49 schema: migration 10->11: Phase 11 — add per-user workflow personalization columns to users
2026/09/06 08:51:49 schema: migration 10->11 complete
2026/09/06 08:51:49 schema: migration 11->12: Phase 11 — create user_pinned_machines table
2026/09/06 08:51:49 schema: migration 11->12 complete
2026/09/06 08:51:49 schema: migration 12->13: Phase 11 — create user_saved_filters table
2026/09/06 08:51:49 schema: migration 12->13 complete
2026/09/06 08:51:49 schema: migration 13->14: Phase 11 — add welcome_message to branding_config
2026/09/06 08:51:49 schema: migration 13->14 complete
2026/09/06 08:51:49 schema: migration 14->15: Phase 12 — add notes column to machines
2026/09/06 08:51:49 schema: migration 14->15 complete
2026/09/06 08:51:49 schema: migration 15->16: Phase 12 — add cpu_temp_c column to metrics
2026/09/06 08:51:49 schema: migration 15->16 complete
2026/09/06 08:51:49 schema: migration 16->17: add nullable target_machine_id to tokens for machine-bound Windows re-enrollment
2026/09/06 08:51:49 schema: migration 16->17 complete
2026/09/06 08:51:49 schema: migration 17->18: add nullable pending_secret_hash and pending_expires_at to agent_credentials for staged Windows re-enrollment handoff
2026/09/06 08:51:49 schema: migration 17->18 complete
2026/09/06 08:51:49 schema: migration 18->19: create hub_settings key/value table (AI Sessions feature switch)
2026/09/06 08:51:49 schema: migration 18->19 complete
2026/09/06 08:51:49 schema: migration 19->20: add mint_time_script and mint-time binding columns to tokens to bind join links to mint-time configuration
2026/09/06 08:51:49 schema: migration 19->20 complete
2026/09/06 08:51:49 schema: migration 20->21: scrub raw install tokens persisted in tokens.mint_time_script
2026/09/06 08:51:49 schema: migration 20->21 complete
2026/09/06 08:51:49 schema: all migrations applied — now at version 21
2026/09/06 08:51:52 agent token validated successfully
2026/09/06 08:51:52 new agent issued enrollment secret, awaiting commit: test-host (machine-B)
2026/09/06 08:51:52 agent awaiting enrollment commit: test-host (machine-B)
2026/09/06 08:51:52 committed fresh enrollment and sent enrollment_confirmed: machine-B
2026/09/06 08:51:52 agent disconnected: websocket: close 1006 (abnormal closure): unexpected EOF
2026/09/06 08:51:52 agent offline: machine-B
2026/09/06 08:51:52 ai sessions: config to machine-B: write tcp 127.0.0.1:44993->127.0.0.1:52498: use of closed network connection
2026/09/06 08:51:52 agent authenticated via secret: machine_id=machine-B
2026/09/06 08:51:52 agent token validated successfully
2026/09/06 08:51:52 new agent issued enrollment secret, awaiting commit: test-host (machine-A)
2026/09/06 08:51:52 agent awaiting enrollment commit: test-host (machine-A)
2026/09/06 08:51:52 committed fresh enrollment and sent enrollment_confirmed: machine-A
2026/09/06 08:51:52 agent disconnected: read tcp 127.0.0.1:44993->127.0.0.1:52512: read: connection reset by peer
2026/09/06 08:51:52 agent offline: machine-A
2026/09/06 08:51:52 agent authenticated via secret: machine_id=machine-A
2026/09/06 08:51:52 rejecting cross-machine frame: authed=machine-A claimed=machine-B type=ai_sessions
2026/09/06 08:51:52 agent disconnected: read tcp 127.0.0.1:44993->127.0.0.1:52528: read: connection reset by peer
2026/09/06 08:51:52 agent disconnected: read tcp 127.0.0.1:44993->127.0.0.1:52504: read: connection reset by peer
2026/09/06 08:51:52 mark offline error: sql: database is closed
2026/09/06 08:51:52 agent offline: machine-B
2026/09/06 08:51:52 agent offline: machine-A
2026/09/06 08:51:52 schema: at version 0, target 21 — applying 21 migration(s)
2026/09/06 08:51:52 schema: migration 0->1: baseline schema: create all tables and indexes
2026/09/06 08:51:52 schema: migration 0->1 complete
2026/09/06 08:51:52 schema: migration 1->2: add tags, terminal_pin_hash, password_changed, pin_changed columns
2026/09/06 08:51:52 schema: migration 1->2 complete
2026/09/06 08:51:52 schema: migration 2->3: add agent_credentials table for durable enrollment
2026/09/06 08:51:52 schema: migration 2->3 complete
2026/09/06 08:51:52 schema: migration 3->4: add source_ip and user_id to terminal_sessions for audit logging
2026/09/06 08:51:52 schema: migration 3->4 complete
2026/09/06 08:51:52 schema: migration 4->5: add api_machines table for API-polled machines
2026/09/06 08:51:52 schema: migration 4->5 complete
2026/09/06 08:51:52 schema: migration 5->6: add tls_config to api_machines for per-machine TLS trust
2026/09/06 08:51:52 schema: migration 5->6 complete
2026/09/06 08:51:52 schema: migration 6->7: add role column to users for RBAC
2026/09/06 08:51:52 schema: migration 6->7 complete
2026/09/06 08:51:52 schema: migration 7->8: add hardware_info JSON column to machines for static spec snapshots
2026/09/06 08:51:52 schema: migration 7->8 complete
2026/09/06 08:51:52 schema: migration 8->9: add theme_name and theme_mode columns to users for per-user theme prefs
2026/09/06 08:51:52 schema: migration 8->9 complete
2026/09/06 08:51:52 schema: migration 9->10: create branding_config table for admin instance branding (Phase 10)
2026/09/06 08:51:53 schema: migration 9->10 complete
2026/09/06 08:51:53 schema: migration 10->11: Phase 11 — add per-user workflow personalization columns to users
2026/09/06 08:51:53 schema: migration 10->11 complete
2026/09/06 08:51:53 schema: migration 11->12: Phase 11 — create user_pinned_machines table
2026/09/06 08:51:53 schema: migration 11->12 complete
2026/09/06 08:51:53 schema: migration 12->13: Phase 11 — create user_saved_filters table
2026/09/06 08:51:53 schema: migration 12->13 complete
2026/09/06 08:51:53 schema: migration 13->14: Phase 11 — add welcome_message to branding_config
2026/09/06 08:51:53 schema: migration 13->14 complete
2026/09/06 08:51:53 schema: migration 14->15: Phase 12 — add notes column to machines
2026/09/06 08:51:53 schema: migration 14->15 complete
2026/09/06 08:51:53 schema: migration 15->16: Phase 12 — add cpu_temp_c column to metrics
2026/09/06 08:51:53 schema: migration 15->16 complete
2026/09/06 08:51:53 schema: migration 16->17: add nullable target_machine_id to tokens for machine-bound Windows re-enrollment
2026/09/06 08:51:53 schema: migration 16->17 complete
2026/09/06 08:51:53 schema: migration 17->18: add nullable pending_secret_hash and pending_expires_at to agent_credentials for staged Windows re-enrollment handoff
2026/09/06 08:51:53 schema: migration 17->18 complete
2026/09/06 08:51:53 schema: migration 18->19: create hub_settings key/value table (AI Sessions feature switch)
2026/09/06 08:51:53 schema: migration 18->19 complete
2026/09/06 08:51:53 schema: migration 19->20: add mint_time_script and mint-time binding columns to tokens to bind join links to mint-time configuration
2026/09/06 08:51:53 schema: migration 19->20 complete
2026/09/06 08:51:53 schema: migration 20->21: scrub raw install tokens persisted in tokens.mint_time_script
2026/09/06 08:51:53 schema: migration 20->21 complete
2026/09/06 08:51:53 schema: all migrations applied — now at version 21
2026/09/06 08:51:56 agent token validated successfully
2026/09/06 08:51:56 new agent issued enrollment secret, awaiting commit: test-host (machine-U)
2026/09/06 08:51:56 agent awaiting enrollment commit: test-host (machine-U)
2026/09/06 08:51:56 agent disconnected: websocket: close 1006 (abnormal closure): unexpected EOF
2026/09/06 08:51:56 agent offline: machine-U
2026/09/06 08:51:56 schema: at version 0, target 21 — applying 21 migration(s)
2026/09/06 08:51:56 schema: migration 0->1: baseline schema: create all tables and indexes
2026/09/06 08:51:56 schema: migration 0->1 complete
2026/09/06 08:51:56 schema: migration 1->2: add tags, terminal_pin_hash, password_changed, pin_changed columns
2026/09/06 08:51:56 schema: migration 1->2 complete
2026/09/06 08:51:56 schema: migration 2->3: add agent_credentials table for durable enrollment
2026/09/06 08:51:56 schema: migration 2->3 complete
2026/09/06 08:51:56 schema: migration 3->4: add source_ip and user_id to terminal_sessions for audit logging
2026/09/06 08:51:56 schema: migration 3->4 complete
2026/09/06 08:51:56 schema: migration 4->5: add api_machines table for API-polled machines
2026/09/06 08:51:56 schema: migration 4->5 complete
2026/09/06 08:51:56 schema: migration 5->6: add tls_config to api_machines for per-machine TLS trust
2026/09/06 08:51:56 schema: migration 5->6 complete
2026/09/06 08:51:56 schema: migration 6->7: add role column to users for RBAC
2026/09/06 08:51:56 schema: migration 6->7 complete
2026/09/06 08:51:56 schema: migration 7->8: add hardware_info JSON column to machines for static spec snapshots
2026/09/06 08:51:56 schema: migration 7->8 complete
2026/09/06 08:51:56 schema: migration 8->9: add theme_name and theme_mode columns to users for per-user theme prefs
2026/09/06 08:51:56 schema: migration 8->9 complete
2026/09/06 08:51:56 schema: migration 9->10: create branding_config table for admin instance branding (Phase 10)
2026/09/06 08:51:56 schema: migration 9->10 complete
2026/09/06 08:51:56 schema: migration 10->11: Phase 11 — add per-user workflow personalization columns to users
2026/09/06 08:51:56 schema: migration 10->11 complete
2026/09/06 08:51:56 schema: migration 11->12: Phase 11 — create user_pinned_machines table
2026/09/06 08:51:56 schema: migration 11->12 complete
2026/09/06 08:51:56 schema: migration 12->13: Phase 11 — create user_saved_filters table
2026/09/06 08:51:56 schema: migration 12->13 complete
2026/09/06 08:51:56 schema: migration 13->14: Phase 11 — add welcome_message to branding_config
2026/09/06 08:51:56 schema: migration 13->14 complete
2026/09/06 08:51:56 schema: migration 14->15: Phase 12 — add notes column to machines
2026/09/06 08:51:56 schema: migration 14->15 complete
2026/09/06 08:51:56 schema: migration 15->16: Phase 12 — add cpu_temp_c column to metrics
2026/09/06 08:51:56 schema: migration 15->16 complete
2026/09/06 08:51:56 schema: migration 16->17: add nullable target_machine_id to tokens for machine-bound Windows re-enrollment
2026/09/06 08:51:56 schema: migration 16->17 complete
2026/09/06 08:51:56 schema: migration 17->18: add nullable pending_secret_hash and pending_expires_at to agent_credentials for staged Windows re-enrollment handoff
2026/09/06 08:51:56 schema: migration 17->18 complete
2026/09/06 08:51:56 schema: migration 18->19: create hub_settings key/value table (AI Sessions feature switch)
2026/09/06 08:51:56 schema: migration 18->19 complete
2026/09/06 08:51:56 schema: migration 19->20: add mint_time_script and mint-time binding columns to tokens to bind join links to mint-time configuration
2026/09/06 08:51:57 schema: migration 19->20 complete
2026/09/06 08:51:57 schema: migration 20->21: scrub raw install tokens persisted in tokens.mint_time_script
2026/09/06 08:51:57 schema: migration 20->21 complete
2026/09/06 08:51:57 schema: all migrations applied — now at version 21
2026/09/06 08:51:59 schema: at version 0, target 21 — applying 21 migration(s)
2026/09/06 08:51:59 schema: migration 0->1: baseline schema: create all tables and indexes
2026/09/06 08:51:59 schema: migration 0->1 complete
2026/09/06 08:51:59 schema: migration 1->2: add tags, terminal_pin_hash, password_changed, pin_changed columns
2026/09/06 08:51:59 schema: migration 1->2 complete
2026/09/06 08:51:59 schema: migration 2->3: add agent_credentials table for durable enrollment
2026/09/06 08:51:59 schema: migration 2->3 complete
2026/09/06 08:51:59 schema: migration 3->4: add source_ip and user_id to terminal_sessions for audit logging
2026/09/06 08:51:59 schema: migration 3->4 complete
2026/09/06 08:51:59 schema: migration 4->5: add api_machines table for API-polled machines
2026/09/06 08:51:59 schema: migration 4->5 complete
2026/09/06 08:51:59 schema: migration 5->6: add tls_config to api_machines for per-machine TLS trust
2026/09/06 08:51:59 schema: migration 5->6 complete
2026/09/06 08:51:59 schema: migration 6->7: add role column to users for RBAC
2026/09/06 08:51:59 schema: migration 6->7 complete
2026/09/06 08:51:59 schema: migration 7->8: add hardware_info JSON column to machines for static spec snapshots
2026/09/06 08:51:59 schema: migration 7->8 complete
2026/09/06 08:51:59 schema: migration 8->9: add theme_name and theme_mode columns to users for per-user theme prefs
2026/09/06 08:51:59 schema: migration 8->9 complete
2026/09/06 08:51:59 schema: migration 9->10: create branding_config table for admin instance branding (Phase 10)
2026/09/06 08:51:59 schema: migration 9->10 complete
2026/09/06 08:51:59 schema: migration 10->11: Phase 11 — add per-user workflow personalization columns to users
2026/09/06 08:51:59 schema: migration 10->11 complete
2026/09/06 08:51:59 schema: migration 11->12: Phase 11 — create user_pinned_machines table
2026/09/06 08:51:59 schema: migration 11->12 complete
2026/09/06 08:51:59 schema: migration 12->13: Phase 11 — create user_saved_filters table
2026/09/06 08:51:59 schema: migration 12->13 complete
2026/09/06 08:51:59 schema: migration 13->14: Phase 11 — add welcome_message to branding_config
2026/09/06 08:51:59 schema: migration 13->14 complete
2026/09/06 08:51:59 schema: migration 14->15: Phase 12 — add notes column to machines
2026/09/06 08:51:59 schema: migration 14->15 complete
2026/09/06 08:51:59 schema: migration 15->16: Phase 12 — add cpu_temp_c column to metrics
2026/09/06 08:51:59 schema: migration 15->16 complete
2026/09/06 08:51:59 schema: migration 16->17: add nullable target_machine_id to tokens for machine-bound Windows re-enrollment
2026/09/06 08:51:59 schema: migration 16->17 complete
2026/09/06 08:51:59 schema: migration 17->18: add nullable pending_secret_hash and pending_expires_at to agent_credentials for staged Windows re-enrollment handoff
2026/09/06 08:51:59 schema: migration 17->18 complete
2026/09/06 08:51:59 schema: migration 18->19: create hub_settings key/value table (AI Sessions feature switch)
2026/09/06 08:51:59 schema: migration 18->19 complete
2026/09/06 08:51:59 schema: migration 19->20: add mint_time_script and mint-time binding columns to tokens to bind join links to mint-time configuration
2026/09/06 08:51:59 schema: migration 19->20 complete
2026/09/06 08:51:59 schema: migration 20->21: scrub raw install tokens persisted in tokens.mint_time_script
2026/09/06 08:51:59 schema: migration 20->21 complete
2026/09/06 08:51:59 schema: all migrations applied — now at version 21
2026/09/06 08:52:09 schema: at version 0, target 21 — applying 21 migration(s)
2026/09/06 08:52:09 schema: migration 0->1: baseline schema: create all tables and indexes
2026/09/06 08:52:09 schema: migration 0->1 complete
2026/09/06 08:52:09 schema: migration 1->2: add tags, terminal_pin_hash, password_changed, pin_changed columns
2026/09/06 08:52:09 schema: migration 1->2 complete
2026/09/06 08:52:09 schema: migration 2->3: add agent_credentials table for durable enrollment
2026/09/06 08:52:09 schema: migration 2->3 complete
2026/09/06 08:52:09 schema: migration 3->4: add source_ip and user_id to terminal_sessions for audit logging
2026/09/06 08:52:09 schema: migration 3->4 complete
2026/09/06 08:52:09 schema: migration 4->5: add api_machines table for API-polled machines
2026/09/06 08:52:09 schema: migration 4->5 complete
2026/09/06 08:52:09 schema: migration 5->6: add tls_config to api_machines for per-machine TLS trust
2026/09/06 08:52:09 schema: migration 5->6 complete
2026/09/06 08:52:09 schema: migration 6->7: add role column to users for RBAC
2026/09/06 08:52:09 schema: migration 6->7 complete
2026/09/06 08:52:09 schema: migration 7->8: add hardware_info JSON column to machines for static spec snapshots
2026/09/06 08:52:09 schema: migration 7->8 complete
2026/09/06 08:52:09 schema: migration 8->9: add theme_name and theme_mode columns to users for per-user theme prefs
2026/09/06 08:52:09 schema: migration 8->9 complete
2026/09/06 08:52:09 schema: migration 9->10: create branding_config table for admin instance branding (Phase 10)
2026/09/06 08:52:09 schema: migration 9->10 complete
2026/09/06 08:52:09 schema: migration 10->11: Phase 11 — add per-user workflow personalization columns to users
2026/09/06 08:52:09 schema: migration 10->11 complete
2026/09/06 08:52:09 schema: migration 11->12: Phase 11 — create user_pinned_machines table
2026/09/06 08:52:09 schema: migration 11->12 complete
2026/09/06 08:52:09 schema: migration 12->13: Phase 11 — create user_saved_filters table
2026/09/06 08:52:09 schema: migration 12->13 complete
2026/09/06 08:52:09 schema: migration 13->14: Phase 11 — add welcome_message to branding_config
2026/09/06 08:52:09 schema: migration 13->14 complete
2026/09/06 08:52:09 schema: migration 14->15: Phase 12 — add notes column to machines
2026/09/06 08:52:09 schema: migration 14->15 complete
2026/09/06 08:52:09 schema: migration 15->16: Phase 12 — add cpu_temp_c column to metrics
2026/09/06 08:52:09 schema: migration 15->16 complete
2026/09/06 08:52:09 schema: migration 16->17: add nullable target_machine_id to tokens for machine-bound Windows re-enrollment
2026/09/06 08:52:09 schema: migration 16->17 complete
2026/09/06 08:52:09 schema: migration 17->18: add nullable pending_secret_hash and pending_expires_at to agent_credentials for staged Windows re-enrollment handoff
2026/09/06 08:52:10 schema: migration 17->18 complete
2026/09/06 08:52:10 schema: migration 18->19: create hub_settings key/value table (AI Sessions feature switch)
2026/09/06 08:52:10 schema: migration 18->19 complete
2026/09/06 08:52:10 schema: migration 19->20: add mint_time_script and mint-time binding columns to tokens to bind join links to mint-time configuration
2026/09/06 08:52:10 schema: migration 19->20 complete
2026/09/06 08:52:10 schema: migration 20->21: scrub raw install tokens persisted in tokens.mint_time_script
2026/09/06 08:52:10 schema: migration 20->21 complete
2026/09/06 08:52:10 schema: all migrations applied — now at version 21
2026/09/06 08:52:13 agent token validated successfully
2026/09/06 08:52:13 new agent issued enrollment secret, awaiting commit: test-host (machine-S)
2026/09/06 08:52:13 agent awaiting enrollment commit: test-host (machine-S)
2026/09/06 08:52:13 committed fresh enrollment and sent enrollment_confirmed: machine-S
2026/09/06 08:52:13 agent disconnected: websocket: close 1006 (abnormal closure): unexpected EOF
2026/09/06 08:52:13 agent offline: machine-S
2026/09/06 08:52:13 agent authenticated via secret: machine_id=machine-S
2026/09/06 08:52:13 agent disconnected: read tcp 127.0.0.1:39621->127.0.0.1:39834: read: connection reset by peer
2026/09/06 08:52:13 agent offline: machine-S
2026/09/06 08:52:13 schema: at version 0, target 21 — applying 21 migration(s)
2026/09/06 08:52:13 schema: migration 0->1: baseline schema: create all tables and indexes
2026/09/06 08:52:13 schema: migration 0->1 complete
2026/09/06 08:52:13 schema: migration 1->2: add tags, terminal_pin_hash, password_changed, pin_changed columns
2026/09/06 08:52:13 schema: migration 1->2 complete
2026/09/06 08:52:13 schema: migration 2->3: add agent_credentials table for durable enrollment
2026/09/06 08:52:13 schema: migration 2->3 complete
2026/09/06 08:52:13 schema: migration 3->4: add source_ip and user_id to terminal_sessions for audit logging
2026/09/06 08:52:13 schema: migration 3->4 complete
2026/09/06 08:52:13 schema: migration 4->5: add api_machines table for API-polled machines
2026/09/06 08:52:13 schema: migration 4->5 complete
2026/09/06 08:52:13 schema: migration 5->6: add tls_config to api_machines for per-machine TLS trust
2026/09/06 08:52:13 schema: migration 5->6 complete
2026/09/06 08:52:13 schema: migration 6->7: add role column to users for RBAC
2026/09/06 08:52:13 schema: migration 6->7 complete
2026/09/06 08:52:13 schema: migration 7->8: add hardware_info JSON column to machines for static spec snapshots
2026/09/06 08:52:13 schema: migration 7->8 complete
2026/09/06 08:52:13 schema: migration 8->9: add theme_name and theme_mode columns to users for per-user theme prefs
2026/09/06 08:52:13 schema: migration 8->9 complete
2026/09/06 08:52:13 schema: migration 9->10: create branding_config table for admin instance branding (Phase 10)
2026/09/06 08:52:13 schema: migration 9->10 complete
2026/09/06 08:52:13 schema: migration 10->11: Phase 11 — add per-user workflow personalization columns to users
2026/09/06 08:52:13 schema: migration 10->11 complete
2026/09/06 08:52:13 schema: migration 11->12: Phase 11 — create user_pinned_machines table
2026/09/06 08:52:13 schema: migration 11->12 complete
2026/09/06 08:52:13 schema: migration 12->13: Phase 11 — create user_saved_filters table
2026/09/06 08:52:13 schema: migration 12->13 complete
2026/09/06 08:52:13 schema: migration 13->14: Phase 11 — add welcome_message to branding_config
2026/09/06 08:52:13 schema: migration 13->14 complete
2026/09/06 08:52:13 schema: migration 14->15: Phase 12 — add notes column to machines
2026/09/06 08:52:13 schema: migration 14->15 complete
2026/09/06 08:52:13 schema: migration 15->16: Phase 12 — add cpu_temp_c column to metrics
2026/09/06 08:52:13 schema: migration 15->16 complete
2026/09/06 08:52:13 schema: migration 16->17: add nullable target_machine_id to tokens for machine-bound Windows re-enrollment
2026/09/06 08:52:13 schema: migration 16->17 complete
2026/09/06 08:52:13 schema: migration 17->18: add nullable pending_secret_hash and pending_expires_at to agent_credentials for staged Windows re-enrollment handoff
2026/09/06 08:52:13 schema: migration 17->18 complete
2026/09/06 08:52:13 schema: migration 18->19: create hub_settings key/value table (AI Sessions feature switch)
2026/09/06 08:52:13 schema: migration 18->19 complete
2026/09/06 08:52:13 schema: migration 19->20: add mint_time_script and mint-time binding columns to tokens to bind join links to mint-time configuration
2026/09/06 08:52:13 schema: migration 19->20 complete
2026/09/06 08:52:13 schema: migration 20->21: scrub raw install tokens persisted in tokens.mint_time_script
2026/09/06 08:52:13 schema: migration 20->21 complete
2026/09/06 08:52:13 schema: all migrations applied — now at version 21
2026/09/06 08:52:16 schema: at version 0, target 21 — applying 21 migration(s)
2026/09/06 08:52:16 schema: migration 0->1: baseline schema: create all tables and indexes
2026/09/06 08:52:16 schema: migration 0->1 complete
2026/09/06 08:52:16 schema: migration 1->2: add tags, terminal_pin_hash, password_changed, pin_changed columns
2026/09/06 08:52:16 schema: migration 1->2 complete
2026/09/06 08:52:16 schema: migration 2->3: add agent_credentials table for durable enrollment
2026/09/06 08:52:16 schema: migration 2->3 complete
2026/09/06 08:52:16 schema: migration 3->4: add source_ip and user_id to terminal_sessions for audit logging
2026/09/06 08:52:16 schema: migration 3->4 complete
2026/09/06 08:52:16 schema: migration 4->5: add api_machines table for API-polled machines
2026/09/06 08:52:16 schema: migration 4->5 complete
2026/09/06 08:52:16 schema: migration 5->6: add tls_config to api_machines for per-machine TLS trust
2026/09/06 08:52:16 schema: migration 5->6 complete
2026/09/06 08:52:16 schema: migration 6->7: add role column to users for RBAC
2026/09/06 08:52:16 schema: migration 6->7 complete
2026/09/06 08:52:16 schema: migration 7->8: add hardware_info JSON column to machines for static spec snapshots
2026/09/06 08:52:16 schema: migration 7->8 complete
2026/09/06 08:52:16 schema: migration 8->9: add theme_name and theme_mode columns to users for per-user theme prefs
2026/09/06 08:52:16 schema: migration 8->9 complete
2026/09/06 08:52:16 schema: migration 9->10: create branding_config table for admin instance branding (Phase 10)
2026/09/06 08:52:16 schema: migration 9->10 complete
2026/09/06 08:52:16 schema: migration 10->11: Phase 11 — add per-user workflow personalization columns to users
2026/09/06 08:52:16 schema: migration 10->11 complete
2026/09/06 08:52:16 schema: migration 11->12: Phase 11 — create user_pinned_machines table
2026/09/06 08:52:16 schema: migration 11->12 complete
2026/09/06 08:52:16 schema: migration 12->13: Phase 11 — create user_saved_filters table
2026/09/06 08:52:16 schema: migration 12->13 complete
2026/09/06 08:52:16 schema: migration 13->14: Phase 11 — add welcome_message to branding_config
2026/09/06 08:52:16 schema: migration 13->14 complete
2026/09/06 08:52:16 schema: migration 14->15: Phase 12 — add notes column to machines
2026/09/06 08:52:16 schema: migration 14->15 complete
2026/09/06 08:52:16 schema: migration 15->16: Phase 12 — add cpu_temp_c column to metrics
2026/09/06 08:52:16 schema: migration 15->16 complete
2026/09/06 08:52:16 schema: migration 16->17: add nullable target_machine_id to tokens for machine-bound Windows re-enrollment
2026/09/06 08:52:16 schema: migration 16->17 complete
2026/09/06 08:52:16 schema: migration 17->18: add nullable pending_secret_hash and pending_expires_at to agent_credentials for staged Windows re-enrollment handoff
2026/09/06 08:52:16 schema: migration 17->18 complete
2026/09/06 08:52:16 schema: migration 18->19: create hub_settings key/value table (AI Sessions feature switch)
2026/09/06 08:52:16 schema: migration 18->19 complete
2026/09/06 08:52:16 schema: migration 19->20: add mint_time_script and mint-time binding columns to tokens to bind join links to mint-time configuration
2026/09/06 08:52:16 schema: migration 19->20 complete
2026/09/06 08:52:16 schema: migration 20->21: scrub raw install tokens persisted in tokens.mint_time_script
2026/09/06 08:52:16 schema: migration 20->21 complete
2026/09/06 08:52:16 schema: all migrations applied — now at version 21
2026/09/06 08:52:19 agent token validated successfully
2026/09/06 08:52:19 new agent issued enrollment secret, awaiting commit: test-host (machine-C)
2026/09/06 08:52:19 agent awaiting enrollment commit: test-host (machine-C)
2026/09/06 08:52:19 committed fresh enrollment and sent enrollment_confirmed: machine-C
2026/09/06 08:52:19 agent disconnected: websocket: close 1006 (abnormal closure): unexpected EOF
2026/09/06 08:52:19 agent offline: machine-C
2026/09/06 08:52:19 agent authenticated via secret: machine_id=machine-C
2026/09/06 08:52:19 stored 1 services for machine-C
2026/09/06 08:52:19 invalid ai_sessions JSON from machine-C: json: cannot unmarshal string into Go struct field Message.sessions of type []aisessions.Session
2026/09/06 08:52:19 agent disconnected: read tcp 127.0.0.1:42877->127.0.0.1:33198: read: connection reset by peer
2026/09/06 08:52:19 agent offline: machine-C
2026/09/06 08:52:19 schema: at version 0, target 21 — applying 21 migration(s)
2026/09/06 08:52:19 schema: migration 0->1: baseline schema: create all tables and indexes
2026/09/06 08:52:20 schema: migration 0->1 complete
2026/09/06 08:52:20 schema: migration 1->2: add tags, terminal_pin_hash, password_changed, pin_changed columns
2026/09/06 08:52:20 schema: migration 1->2 complete
2026/09/06 08:52:20 schema: migration 2->3: add agent_credentials table for durable enrollment
2026/09/06 08:52:20 schema: migration 2->3 complete
2026/09/06 08:52:20 schema: migration 3->4: add source_ip and user_id to terminal_sessions for audit logging
2026/09/06 08:52:20 schema: migration 3->4 complete
2026/09/06 08:52:20 schema: migration 4->5: add api_machines table for API-polled machines
2026/09/06 08:52:20 schema: migration 4->5 complete
2026/09/06 08:52:20 schema: migration 5->6: add tls_config to api_machines for per-machine TLS trust
2026/09/06 08:52:20 schema: migration 5->6 complete
2026/09/06 08:52:20 schema: migration 6->7: add role column to users for RBAC
2026/09/06 08:52:20 schema: migration 6->7 complete
2026/09/06 08:52:20 schema: migration 7->8: add hardware_info JSON column to machines for static spec snapshots
2026/09/06 08:52:20 schema: migration 7->8 complete
2026/09/06 08:52:20 schema: migration 8->9: add theme_name and theme_mode columns to users for per-user theme prefs
2026/09/06 08:52:20 schema: migration 8->9 complete
2026/09/06 08:52:20 schema: migration 9->10: create branding_config table for admin instance branding (Phase 10)
2026/09/06 08:52:20 schema: migration 9->10 complete
2026/09/06 08:52:20 schema: migration 10->11: Phase 11 — add per-user workflow personalization columns to users
2026/09/06 08:52:20 schema: migration 10->11 complete
2026/09/06 08:52:20 schema: migration 11->12: Phase 11 — create user_pinned_machines table
2026/09/06 08:52:20 schema: migration 11->12 complete
2026/09/06 08:52:20 schema: migration 12->13: Phase 11 — create user_saved_filters table
2026/09/06 08:52:20 schema: migration 12->13 complete
2026/09/06 08:52:20 schema: migration 13->14: Phase 11 — add welcome_message to branding_config
2026/09/06 08:52:20 schema: migration 13->14 complete
2026/09/06 08:52:20 schema: migration 14->15: Phase 12 — add notes column to machines
2026/09/06 08:52:20 schema: migration 14->15 complete
2026/09/06 08:52:20 schema: migration 15->16: Phase 12 — add cpu_temp_c column to metrics
2026/09/06 08:52:20 schema: migration 15->16 complete
2026/09/06 08:52:20 schema: migration 16->17: add nullable target_machine_id to tokens for machine-bound Windows re-enrollment
2026/09/06 08:52:20 schema: migration 16->17 complete
2026/09/06 08:52:20 schema: migration 17->18: add nullable pending_secret_hash and pending_expires_at to agent_credentials for staged Windows re-enrollment handoff
2026/09/06 08:52:20 schema: migration 17->18 complete
2026/09/06 08:52:20 schema: migration 18->19: create hub_settings key/value table (AI Sessions feature switch)
2026/09/06 08:52:20 schema: migration 18->19 complete
2026/09/06 08:52:20 schema: migration 19->20: add mint_time_script and mint-time binding columns to tokens to bind join links to mint-time configuration
2026/09/06 08:52:20 schema: migration 19->20 complete
2026/09/06 08:52:20 schema: migration 20->21: scrub raw install tokens persisted in tokens.mint_time_script
2026/09/06 08:52:20 schema: migration 20->21 complete
2026/09/06 08:52:20 schema: all migrations applied — now at version 21
2026/09/06 08:52:23 schema: at version 0, target 21 — applying 21 migration(s)
2026/09/06 08:52:23 schema: migration 0->1: baseline schema: create all tables and indexes
2026/09/06 08:52:23 schema: migration 0->1 complete
2026/09/06 08:52:23 schema: migration 1->2: add tags, terminal_pin_hash, password_changed, pin_changed columns
2026/09/06 08:52:24 schema: migration 1->2 complete
2026/09/06 08:52:24 schema: migration 2->3: add agent_credentials table for durable enrollment
2026/09/06 08:52:24 schema: migration 2->3 complete
2026/09/06 08:52:24 schema: migration 3->4: add source_ip and user_id to terminal_sessions for audit logging
2026/09/06 08:52:24 schema: migration 3->4 complete
2026/09/06 08:52:24 schema: migration 4->5: add api_machines table for API-polled machines
2026/09/06 08:52:24 schema: migration 4->5 complete
2026/09/06 08:52:24 schema: migration 5->6: add tls_config to api_machines for per-machine TLS trust
2026/09/06 08:52:24 schema: migration 5->6 complete
2026/09/06 08:52:24 schema: migration 6->7: add role column to users for RBAC
2026/09/06 08:52:24 schema: migration 6->7 complete
2026/09/06 08:52:24 schema: migration 7->8: add hardware_info JSON column to machines for static spec snapshots
2026/09/06 08:52:24 schema: migration 7->8 complete
2026/09/06 08:52:24 schema: migration 8->9: add theme_name and theme_mode columns to users for per-user theme prefs
2026/09/06 08:52:24 schema: migration 8->9 complete
2026/09/06 08:52:24 schema: migration 9->10: create branding_config table for admin instance branding (Phase 10)
2026/09/06 08:52:24 schema: migration 9->10 complete
2026/09/06 08:52:24 schema: migration 10->11: Phase 11 — add per-user workflow personalization columns to users
2026/09/06 08:52:24 schema: migration 10->11 complete
2026/09/06 08:52:24 schema: migration 11->12: Phase 11 — create user_pinned_machines table
2026/09/06 08:52:24 schema: migration 11->12 complete
2026/09/06 08:52:24 schema: migration 12->13: Phase 11 — create user_saved_filters table
2026/09/06 08:52:24 schema: migration 12->13 complete
2026/09/06 08:52:24 schema: migration 13->14: Phase 11 — add welcome_message to branding_config
2026/09/06 08:52:24 schema: migration 13->14 complete
2026/09/06 08:52:24 schema: migration 14->15: Phase 12 — add notes column to machines
2026/09/06 08:52:24 schema: migration 14->15 complete
2026/09/06 08:52:24 schema: migration 15->16: Phase 12 — add cpu_temp_c column to metrics
2026/09/06 08:52:24 schema: migration 15->16 complete
2026/09/06 08:52:24 schema: migration 16->17: add nullable target_machine_id to tokens for machine-bound Windows re-enrollment
2026/09/06 08:52:24 schema: migration 16->17 complete
2026/09/06 08:52:24 schema: migration 17->18: add nullable pending_secret_hash and pending_expires_at to agent_credentials for staged Windows re-enrollment handoff
2026/09/06 08:52:24 schema: migration 17->18 complete
2026/09/06 08:52:24 schema: migration 18->19: create hub_settings key/value table (AI Sessions feature switch)
2026/09/06 08:52:24 schema: migration 18->19 complete
2026/09/06 08:52:24 schema: migration 19->20: add mint_time_script and mint-time binding columns to tokens to bind join links to mint-time configuration
2026/09/06 08:52:24 schema: migration 19->20 complete
2026/09/06 08:52:24 schema: migration 20->21: scrub raw install tokens persisted in tokens.mint_time_script
2026/09/06 08:52:24 schema: migration 20->21 complete
2026/09/06 08:52:24 schema: all migrations applied — now at version 21
2026/09/06 08:52:26 agent offline: m-d
2026/09/06 08:52:27 schema: at version 0, target 21 — applying 21 migration(s)
2026/09/06 08:52:27 schema: migration 0->1: baseline schema: create all tables and indexes
2026/09/06 08:52:27 schema: migration 0->1 complete
2026/09/06 08:52:27 schema: migration 1->2: add tags, terminal_pin_hash, password_changed, pin_changed columns
2026/09/06 08:52:27 schema: migration 1->2 complete
2026/09/06 08:52:27 schema: migration 2->3: add agent_credentials table for durable enrollment
2026/09/06 08:52:27 schema: migration 2->3 complete
2026/09/06 08:52:27 schema: migration 3->4: add source_ip and user_id to terminal_sessions for audit logging
2026/09/06 08:52:27 schema: migration 3->4 complete
2026/09/06 08:52:27 schema: migration 4->5: add api_machines table for API-polled machines
2026/09/06 08:52:27 schema: migration 4->5 complete
2026/09/06 08:52:27 schema: migration 5->6: add tls_config to api_machines for per-machine TLS trust
2026/09/06 08:52:27 schema: migration 5->6 complete
2026/09/06 08:52:27 schema: migration 6->7: add role column to users for RBAC
2026/09/06 08:52:27 schema: migration 6->7 complete
2026/09/06 08:52:27 schema: migration 7->8: add hardware_info JSON column to machines for static spec snapshots
2026/09/06 08:52:27 schema: migration 7->8 complete
2026/09/06 08:52:27 schema: migration 8->9: add theme_name and theme_mode columns to users for per-user theme prefs
2026/09/06 08:52:27 schema: migration 8->9 complete
2026/09/06 08:52:27 schema: migration 9->10: create branding_config table for admin instance branding (Phase 10)
2026/09/06 08:52:27 schema: migration 9->10 complete
2026/09/06 08:52:27 schema: migration 10->11: Phase 11 — add per-user workflow personalization columns to users
2026/09/06 08:52:27 schema: migration 10->11 complete
2026/09/06 08:52:27 schema: migration 11->12: Phase 11 — create user_pinned_machines table
2026/09/06 08:52:27 schema: migration 11->12 complete
2026/09/06 08:52:27 schema: migration 12->13: Phase 11 — create user_saved_filters table
2026/09/06 08:52:27 schema: migration 12->13 complete
2026/09/06 08:52:27 schema: migration 13->14: Phase 11 — add welcome_message to branding_config
2026/09/06 08:52:27 schema: migration 13->14 complete
2026/09/06 08:52:27 schema: migration 14->15: Phase 12 — add notes column to machines
2026/09/06 08:52:27 schema: migration 14->15 complete
2026/09/06 08:52:27 schema: migration 15->16: Phase 12 — add cpu_temp_c column to metrics
2026/09/06 08:52:27 schema: migration 15->16 complete
2026/09/06 08:52:27 schema: migration 16->17: add nullable target_machine_id to tokens for machine-bound Windows re-enrollment
2026/09/06 08:52:27 schema: migration 16->17 complete
2026/09/06 08:52:27 schema: migration 17->18: add nullable pending_secret_hash and pending_expires_at to agent_credentials for staged Windows re-enrollment handoff
2026/09/06 08:52:27 schema: migration 17->18 complete
2026/09/06 08:52:27 schema: migration 18->19: create hub_settings key/value table (AI Sessions feature switch)
2026/09/06 08:52:27 schema: migration 18->19 complete
2026/09/06 08:52:27 schema: migration 19->20: add mint_time_script and mint-time binding columns to tokens to bind join links to mint-time configuration
2026/09/06 08:52:27 schema: migration 19->20 complete
2026/09/06 08:52:27 schema: migration 20->21: scrub raw install tokens persisted in tokens.mint_time_script
2026/09/06 08:52:27 schema: migration 20->21 complete
2026/09/06 08:52:27 schema: all migrations applied — now at version 21
2026/09/06 08:52:31 machine deleted: machine-m-del (m-del)
2026/09/06 08:52:31 schema: at version 0, target 21 — applying 21 migration(s)
2026/09/06 08:52:31 schema: migration 0->1: baseline schema: create all tables and indexes
2026/09/06 08:52:31 schema: migration 0->1 complete
2026/09/06 08:52:31 schema: migration 1->2: add tags, terminal_pin_hash, password_changed, pin_changed columns
2026/09/06 08:52:31 schema: migration 1->2 complete
2026/09/06 08:52:31 schema: migration 2->3: add agent_credentials table for durable enrollment
2026/09/06 08:52:31 schema: migration 2->3 complete
2026/09/06 08:52:31 schema: migration 3->4: add source_ip and user_id to terminal_sessions for audit logging
2026/09/06 08:52:31 schema: migration 3->4 complete
2026/09/06 08:52:31 schema: migration 4->5: add api_machines table for API-polled machines
2026/09/06 08:52:31 schema: migration 4->5 complete
2026/09/06 08:52:31 schema: migration 5->6: add tls_config to api_machines for per-machine TLS trust
2026/09/06 08:52:31 schema: migration 5->6 complete
2026/09/06 08:52:31 schema: migration 6->7: add role column to users for RBAC
2026/09/06 08:52:31 schema: migration 6->7 complete
2026/09/06 08:52:31 schema: migration 7->8: add hardware_info JSON column to machines for static spec snapshots
2026/09/06 08:52:31 schema: migration 7->8 complete
2026/09/06 08:52:31 schema: migration 8->9: add theme_name and theme_mode columns to users for per-user theme prefs
2026/09/06 08:52:31 schema: migration 8->9 complete
2026/09/06 08:52:31 schema: migration 9->10: create branding_config table for admin instance branding (Phase 10)
2026/09/06 08:52:31 schema: migration 9->10 complete
2026/09/06 08:52:31 schema: migration 10->11: Phase 11 — add per-user workflow personalization columns to users
2026/09/06 08:52:31 schema: migration 10->11 complete
2026/09/06 08:52:31 schema: migration 11->12: Phase 11 — create user_pinned_machines table
2026/09/06 08:52:31 schema: migration 11->12 complete
2026/09/06 08:52:31 schema: migration 12->13: Phase 11 — create user_saved_filters table
2026/09/06 08:52:31 schema: migration 12->13 complete
2026/09/06 08:52:31 schema: migration 13->14: Phase 11 — add welcome_message to branding_config
2026/09/06 08:52:31 schema: migration 13->14 complete
2026/09/06 08:52:31 schema: migration 14->15: Phase 12 — add notes column to machines
2026/09/06 08:52:31 schema: migration 14->15 complete
2026/09/06 08:52:31 schema: migration 15->16: Phase 12 — add cpu_temp_c column to metrics
2026/09/06 08:52:31 schema: migration 15->16 complete
2026/09/06 08:52:31 schema: migration 16->17: add nullable target_machine_id to tokens for machine-bound Windows re-enrollment
2026/09/06 08:52:31 schema: migration 16->17 complete
2026/09/06 08:52:31 schema: migration 17->18: add nullable pending_secret_hash and pending_expires_at to agent_credentials for staged Windows re-enrollment handoff
2026/09/06 08:52:31 schema: migration 17->18 complete
2026/09/06 08:52:31 schema: migration 18->19: create hub_settings key/value table (AI Sessions feature switch)
2026/09/06 08:52:31 schema: migration 18->19 complete
2026/09/06 08:52:31 schema: migration 19->20: add mint_time_script and mint-time binding columns to tokens to bind join links to mint-time configuration
2026/09/06 08:52:31 schema: migration 19->20 complete
2026/09/06 08:52:31 schema: migration 20->21: scrub raw install tokens persisted in tokens.mint_time_script
2026/09/06 08:52:31 schema: migration 20->21 complete
2026/09/06 08:52:31 schema: all migrations applied — now at version 21
2026/09/06 08:52:35 agent token validated successfully
2026/09/06 08:52:35 new agent issued enrollment secret, awaiting commit: test-host (machine-R)
2026/09/06 08:52:35 agent awaiting enrollment commit: test-host (machine-R)
2026/09/06 08:52:35 committed fresh enrollment and sent enrollment_confirmed: machine-R
2026/09/06 08:52:35 agent disconnected: websocket: close 1006 (abnormal closure): unexpected EOF
2026/09/06 08:52:35 agent offline: machine-R
2026/09/06 08:52:35 agent authenticated via secret: machine_id=machine-R
2026/09/06 08:52:35 agent disconnected: websocket: close 1006 (abnormal closure): unexpected EOF
2026/09/06 08:52:35 agent offline: machine-R
2026/09/06 08:52:35 schema: at version 0, target 21 — applying 21 migration(s)
2026/09/06 08:52:35 schema: migration 0->1: baseline schema: create all tables and indexes
2026/09/06 08:52:35 schema: migration 0->1 complete
2026/09/06 08:52:35 schema: migration 1->2: add tags, terminal_pin_hash, password_changed, pin_changed columns
2026/09/06 08:52:35 schema: migration 1->2 complete
2026/09/06 08:52:35 schema: migration 2->3: add agent_credentials table for durable enrollment
2026/09/06 08:52:35 schema: migration 2->3 complete
2026/09/06 08:52:35 schema: migration 3->4: add source_ip and user_id to terminal_sessions for audit logging
2026/09/06 08:52:35 schema: migration 3->4 complete
2026/09/06 08:52:35 schema: migration 4->5: add api_machines table for API-polled machines
2026/09/06 08:52:35 schema: migration 4->5 complete
2026/09/06 08:52:35 schema: migration 5->6: add tls_config to api_machines for per-machine TLS trust
2026/09/06 08:52:35 schema: migration 5->6 complete
2026/09/06 08:52:35 schema: migration 6->7: add role column to users for RBAC
2026/09/06 08:52:35 schema: migration 6->7 complete
2026/09/06 08:52:35 schema: migration 7->8: add hardware_info JSON column to machines for static spec snapshots
2026/09/06 08:52:35 schema: migration 7->8 complete
2026/09/06 08:52:35 schema: migration 8->9: add theme_name and theme_mode columns to users for per-user theme prefs
2026/09/06 08:52:35 schema: migration 8->9 complete
2026/09/06 08:52:35 schema: migration 9->10: create branding_config table for admin instance branding (Phase 10)
2026/09/06 08:52:35 schema: migration 9->10 complete
2026/09/06 08:52:35 schema: migration 10->11: Phase 11 — add per-user workflow personalization columns to users
2026/09/06 08:52:35 schema: migration 10->11 complete
2026/09/06 08:52:35 schema: migration 11->12: Phase 11 — create user_pinned_machines table
2026/09/06 08:52:35 schema: migration 11->12 complete
2026/09/06 08:52:35 schema: migration 12->13: Phase 11 — create user_saved_filters table
2026/09/06 08:52:35 schema: migration 12->13 complete
2026/09/06 08:52:35 schema: migration 13->14: Phase 11 — add welcome_message to branding_config
2026/09/06 08:52:35 schema: migration 13->14 complete
2026/09/06 08:52:35 schema: migration 14->15: Phase 12 — add notes column to machines
2026/09/06 08:52:35 schema: migration 14->15 complete
2026/09/06 08:52:35 schema: migration 15->16: Phase 12 — add cpu_temp_c column to metrics
2026/09/06 08:52:35 schema: migration 15->16 complete
2026/09/06 08:52:35 schema: migration 16->17: add nullable target_machine_id to tokens for machine-bound Windows re-enrollment
2026/09/06 08:52:35 schema: migration 16->17 complete
2026/09/06 08:52:35 schema: migration 17->18: add nullable pending_secret_hash and pending_expires_at to agent_credentials for staged Windows re-enrollment handoff
2026/09/06 08:52:35 schema: migration 17->18 complete
2026/09/06 08:52:35 schema: migration 18->19: create hub_settings key/value table (AI Sessions feature switch)
2026/09/06 08:52:35 schema: migration 18->19 complete
2026/09/06 08:52:35 schema: migration 19->20: add mint_time_script and mint-time binding columns to tokens to bind join links to mint-time configuration
2026/09/06 08:52:35 schema: migration 19->20 complete
2026/09/06 08:52:35 schema: migration 20->21: scrub raw install tokens persisted in tokens.mint_time_script
2026/09/06 08:52:35 schema: migration 20->21 complete
2026/09/06 08:52:35 schema: all migrations applied — now at version 21
2026/09/06 08:52:37 schema: at version 0, target 21 — applying 21 migration(s)
2026/09/06 08:52:37 schema: migration 0->1: baseline schema: create all tables and indexes
2026/09/06 08:52:37 schema: migration 0->1 complete
2026/09/06 08:52:37 schema: migration 1->2: add tags, terminal_pin_hash, password_changed, pin_changed columns
2026/09/06 08:52:37 schema: migration 1->2 complete
2026/09/06 08:52:37 schema: migration 2->3: add agent_credentials table for durable enrollment
2026/09/06 08:52:37 schema: migration 2->3 complete
2026/09/06 08:52:37 schema: migration 3->4: add source_ip and user_id to terminal_sessions for audit logging
2026/09/06 08:52:38 schema: migration 3->4 complete
2026/09/06 08:52:38 schema: migration 4->5: add api_machines table for API-polled machines
2026/09/06 08:52:38 schema: migration 4->5 complete
2026/09/06 08:52:38 schema: migration 5->6: add tls_config to api_machines for per-machine TLS trust
2026/09/06 08:52:38 schema: migration 5->6 complete
2026/09/06 08:52:38 schema: migration 6->7: add role column to users for RBAC
2026/09/06 08:52:38 schema: migration 6->7 complete
2026/09/06 08:52:38 schema: migration 7->8: add hardware_info JSON column to machines for static spec snapshots
2026/09/06 08:52:38 schema: migration 7->8 complete
2026/09/06 08:52:38 schema: migration 8->9: add theme_name and theme_mode columns to users for per-user theme prefs
2026/09/06 08:52:38 schema: migration 8->9 complete
2026/09/06 08:52:38 schema: migration 9->10: create branding_config table for admin instance branding (Phase 10)
2026/09/06 08:52:38 schema: migration 9->10 complete
2026/09/06 08:52:38 schema: migration 10->11: Phase 11 — add per-user workflow personalization columns to users
2026/09/06 08:52:38 schema: migration 10->11 complete
2026/09/06 08:52:38 schema: migration 11->12: Phase 11 — create user_pinned_machines table
2026/09/06 08:52:38 schema: migration 11->12 complete
2026/09/06 08:52:38 schema: migration 12->13: Phase 11 — create user_saved_filters table
2026/09/06 08:52:38 schema: migration 12->13 complete
2026/09/06 08:52:38 schema: migration 13->14: Phase 11 — add welcome_message to branding_config
2026/09/06 08:52:38 schema: migration 13->14 complete
2026/09/06 08:52:38 schema: migration 14->15: Phase 12 — add notes column to machines
2026/09/06 08:52:38 schema: migration 14->15 complete
2026/09/06 08:52:38 schema: migration 15->16: Phase 12 — add cpu_temp_c column to metrics
2026/09/06 08:52:38 schema: migration 15->16 complete
2026/09/06 08:52:38 schema: migration 16->17: add nullable target_machine_id to tokens for machine-bound Windows re-enrollment
2026/09/06 08:52:38 schema: migration 16->17 complete
2026/09/06 08:52:38 schema: migration 17->18: add nullable pending_secret_hash and pending_expires_at to agent_credentials for staged Windows re-enrollment handoff
2026/09/06 08:52:38 schema: migration 17->18 complete
2026/09/06 08:52:38 schema: migration 18->19: create hub_settings key/value table (AI Sessions feature switch)
2026/09/06 08:52:38 schema: migration 18->19 complete
2026/09/06 08:52:38 schema: migration 19->20: add mint_time_script and mint-time binding columns to tokens to bind join links to mint-time configuration
2026/09/06 08:52:38 schema: migration 19->20 complete
2026/09/06 08:52:38 schema: migration 20->21: scrub raw install tokens persisted in tokens.mint_time_script
2026/09/06 08:52:38 schema: migration 20->21 complete
2026/09/06 08:52:38 schema: all migrations applied — now at version 21
2026/09/06 08:52:41 agent token validated successfully
2026/09/06 08:52:41 new agent issued enrollment secret, awaiting commit: test-host (machine-G)
2026/09/06 08:52:41 agent awaiting enrollment commit: test-host (machine-G)
2026/09/06 08:52:41 committed fresh enrollment and sent enrollment_confirmed: machine-G
2026/09/06 08:52:41 agent disconnected: websocket: close 1006 (abnormal closure): unexpected EOF
2026/09/06 08:52:41 agent offline: machine-G
2026/09/06 08:52:41 agent authenticated via secret: machine_id=machine-G
2026/09/06 08:52:41 agent disconnected: websocket: close 1006 (abnormal closure): unexpected EOF
2026/09/06 08:52:41 agent offline: machine-G
2026/09/06 08:52:41 agent authenticated via secret: machine_id=machine-G
2026/09/06 08:52:41 agent disconnected: websocket: close 1006 (abnormal closure): unexpected EOF
2026/09/06 08:52:41 mark offline error: sql: database is closed
2026/09/06 08:52:41 agent offline: machine-G
2026/09/06 08:52:41 schema: at version 0, target 21 — applying 21 migration(s)
2026/09/06 08:52:41 schema: migration 0->1: baseline schema: create all tables and indexes
2026/09/06 08:52:41 schema: migration 0->1 complete
2026/09/06 08:52:41 schema: migration 1->2: add tags, terminal_pin_hash, password_changed, pin_changed columns
2026/09/06 08:52:41 schema: migration 1->2 complete
2026/09/06 08:52:41 schema: migration 2->3: add agent_credentials table for durable enrollment
2026/09/06 08:52:41 schema: migration 2->3 complete
2026/09/06 08:52:41 schema: migration 3->4: add source_ip and user_id to terminal_sessions for audit logging
2026/09/06 08:52:41 schema: migration 3->4 complete
2026/09/06 08:52:41 schema: migration 4->5: add api_machines table for API-polled machines
2026/09/06 08:52:41 schema: migration 4->5 complete
2026/09/06 08:52:41 schema: migration 5->6: add tls_config to api_machines for per-machine TLS trust
2026/09/06 08:52:41 schema: migration 5->6 complete
2026/09/06 08:52:41 schema: migration 6->7: add role column to users for RBAC
2026/09/06 08:52:41 schema: migration 6->7 complete
2026/09/06 08:52:41 schema: migration 7->8: add hardware_info JSON column to machines for static spec snapshots
2026/09/06 08:52:41 schema: migration 7->8 complete
2026/09/06 08:52:41 schema: migration 8->9: add theme_name and theme_mode columns to users for per-user theme prefs
2026/09/06 08:52:41 schema: migration 8->9 complete
2026/09/06 08:52:41 schema: migration 9->10: create branding_config table for admin instance branding (Phase 10)
2026/09/06 08:52:41 schema: migration 9->10 complete
2026/09/06 08:52:41 schema: migration 10->11: Phase 11 — add per-user workflow personalization columns to users
2026/09/06 08:52:41 schema: migration 10->11 complete
2026/09/06 08:52:41 schema: migration 11->12: Phase 11 — create user_pinned_machines table
2026/09/06 08:52:41 schema: migration 11->12 complete
2026/09/06 08:52:41 schema: migration 12->13: Phase 11 — create user_saved_filters table
2026/09/06 08:52:41 schema: migration 12->13 complete
2026/09/06 08:52:41 schema: migration 13->14: Phase 11 — add welcome_message to branding_config
2026/09/06 08:52:41 schema: migration 13->14 complete
2026/09/06 08:52:41 schema: migration 14->15: Phase 12 — add notes column to machines
2026/09/06 08:52:41 schema: migration 14->15 complete
2026/09/06 08:52:41 schema: migration 15->16: Phase 12 — add cpu_temp_c column to metrics
2026/09/06 08:52:41 schema: migration 15->16 complete
2026/09/06 08:52:41 schema: migration 16->17: add nullable target_machine_id to tokens for machine-bound Windows re-enrollment
2026/09/06 08:52:42 schema: migration 16->17 complete
2026/09/06 08:52:42 schema: migration 17->18: add nullable pending_secret_hash and pending_expires_at to agent_credentials for staged Windows re-enrollment handoff
2026/09/06 08:52:42 schema: migration 17->18 complete
2026/09/06 08:52:42 schema: migration 18->19: create hub_settings key/value table (AI Sessions feature switch)
2026/09/06 08:52:42 schema: migration 18->19 complete
2026/09/06 08:52:42 schema: migration 19->20: add mint_time_script and mint-time binding columns to tokens to bind join links to mint-time configuration
2026/09/06 08:52:42 schema: migration 19->20 complete
2026/09/06 08:52:42 schema: migration 20->21: scrub raw install tokens persisted in tokens.mint_time_script
2026/09/06 08:52:42 schema: migration 20->21 complete
2026/09/06 08:52:42 schema: all migrations applied — now at version 21
2026/09/06 08:52:45 agent token validated successfully
2026/09/06 08:52:45 new agent issued enrollment secret, awaiting commit: test-host (machine-O)
2026/09/06 08:52:45 agent awaiting enrollment commit: test-host (machine-O)
2026/09/06 08:52:45 committed fresh enrollment and sent enrollment_confirmed: machine-O
2026/09/06 08:52:45 agent disconnected: websocket: close 1006 (abnormal closure): unexpected EOF
2026/09/06 08:52:45 agent offline: machine-O
2026/09/06 08:52:45 ai sessions: config to machine-O: write tcp 127.0.0.1:33811->127.0.0.1:56696: use of closed network connection
2026/09/06 08:52:45 agent authenticated via secret: machine_id=machine-O
2026/09/06 08:52:45 agent disconnected: websocket: close 1006 (abnormal closure): unexpected EOF
2026/09/06 08:52:45 mark offline error: sql: database is closed
2026/09/06 08:52:45 agent offline: machine-O
2026/09/06 08:52:45 schema: at version 0, target 21 — applying 21 migration(s)
2026/09/06 08:52:45 schema: migration 0->1: baseline schema: create all tables and indexes
2026/09/06 08:52:45 schema: migration 0->1 complete
2026/09/06 08:52:45 schema: migration 1->2: add tags, terminal_pin_hash, password_changed, pin_changed columns
2026/09/06 08:52:45 schema: migration 1->2 complete
2026/09/06 08:52:45 schema: migration 2->3: add agent_credentials table for durable enrollment
2026/09/06 08:52:45 schema: migration 2->3 complete
2026/09/06 08:52:45 schema: migration 3->4: add source_ip and user_id to terminal_sessions for audit logging
2026/09/06 08:52:45 schema: migration 3->4 complete
2026/09/06 08:52:45 schema: migration 4->5: add api_machines table for API-polled machines
2026/09/06 08:52:45 schema: migration 4->5 complete
2026/09/06 08:52:45 schema: migration 5->6: add tls_config to api_machines for per-machine TLS trust
2026/09/06 08:52:45 schema: migration 5->6 complete
2026/09/06 08:52:45 schema: migration 6->7: add role column to users for RBAC
2026/09/06 08:52:45 schema: migration 6->7 complete
2026/09/06 08:52:45 schema: migration 7->8: add hardware_info JSON column to machines for static spec snapshots
2026/09/06 08:52:45 schema: migration 7->8 complete
2026/09/06 08:52:45 schema: migration 8->9: add theme_name and theme_mode columns to users for per-user theme prefs
2026/09/06 08:52:45 schema: migration 8->9 complete
2026/09/06 08:52:45 schema: migration 9->10: create branding_config table for admin instance branding (Phase 10)
2026/09/06 08:52:45 schema: migration 9->10 complete
2026/09/06 08:52:45 schema: migration 10->11: Phase 11 — add per-user workflow personalization columns to users
2026/09/06 08:52:45 schema: migration 10->11 complete
2026/09/06 08:52:45 schema: migration 11->12: Phase 11 — create user_pinned_machines table
2026/09/06 08:52:45 schema: migration 11->12 complete
2026/09/06 08:52:45 schema: migration 12->13: Phase 11 — create user_saved_filters table
2026/09/06 08:52:45 schema: migration 12->13 complete
2026/09/06 08:52:45 schema: migration 13->14: Phase 11 — add welcome_message to branding_config
2026/09/06 08:52:45 schema: migration 13->14 complete
2026/09/06 08:52:45 schema: migration 14->15: Phase 12 — add notes column to machines
2026/09/06 08:52:45 schema: migration 14->15 complete
2026/09/06 08:52:45 schema: migration 15->16: Phase 12 — add cpu_temp_c column to metrics
2026/09/06 08:52:45 schema: migration 15->16 complete
2026/09/06 08:52:45 schema: migration 16->17: add nullable target_machine_id to tokens for machine-bound Windows re-enrollment
2026/09/06 08:52:45 schema: migration 16->17 complete
2026/09/06 08:52:45 schema: migration 17->18: add nullable pending_secret_hash and pending_expires_at to agent_credentials for staged Windows re-enrollment handoff
2026/09/06 08:52:45 schema: migration 17->18 complete
2026/09/06 08:52:45 schema: migration 18->19: create hub_settings key/value table (AI Sessions feature switch)
2026/09/06 08:52:45 schema: migration 18->19 complete
2026/09/06 08:52:45 schema: migration 19->20: add mint_time_script and mint-time binding columns to tokens to bind join links to mint-time configuration
2026/09/06 08:52:45 schema: migration 19->20 complete
2026/09/06 08:52:45 schema: migration 20->21: scrub raw install tokens persisted in tokens.mint_time_script
2026/09/06 08:52:45 schema: migration 20->21 complete
2026/09/06 08:52:45 schema: all migrations applied — now at version 21
2026/09/06 08:52:48 schema: at version 0, target 21 — applying 21 migration(s)
2026/09/06 08:52:48 schema: migration 0->1: baseline schema: create all tables and indexes
2026/09/06 08:52:48 schema: migration 0->1 complete
2026/09/06 08:52:48 schema: migration 1->2: add tags, terminal_pin_hash, password_changed, pin_changed columns
2026/09/06 08:52:48 schema: migration 1->2 complete
2026/09/06 08:52:48 schema: migration 2->3: add agent_credentials table for durable enrollment
2026/09/06 08:52:48 schema: migration 2->3 complete
2026/09/06 08:52:48 schema: migration 3->4: add source_ip and user_id to terminal_sessions for audit logging
2026/09/06 08:52:48 schema: migration 3->4 complete
2026/09/06 08:52:48 schema: migration 4->5: add api_machines table for API-polled machines
2026/09/06 08:52:48 schema: migration 4->5 complete
2026/09/06 08:52:48 schema: migration 5->6: add tls_config to api_machines for per-machine TLS trust
2026/09/06 08:52:48 schema: migration 5->6 complete
2026/09/06 08:52:48 schema: migration 6->7: add role column to users for RBAC
2026/09/06 08:52:48 schema: migration 6->7 complete
2026/09/06 08:52:48 schema: migration 7->8: add hardware_info JSON column to machines for static spec snapshots
2026/09/06 08:52:48 schema: migration 7->8 complete
2026/09/06 08:52:48 schema: migration 8->9: add theme_name and theme_mode columns to users for per-user theme prefs
2026/09/06 08:52:48 schema: migration 8->9 complete
2026/09/06 08:52:48 schema: migration 9->10: create branding_config table for admin instance branding (Phase 10)
2026/09/06 08:52:48 schema: migration 9->10 complete
2026/09/06 08:52:48 schema: migration 10->11: Phase 11 — add per-user workflow personalization columns to users
2026/09/06 08:52:48 schema: migration 10->11 complete
2026/09/06 08:52:48 schema: migration 11->12: Phase 11 — create user_pinned_machines table
2026/09/06 08:52:48 schema: migration 11->12 complete
2026/09/06 08:52:48 schema: migration 12->13: Phase 11 — create user_saved_filters table
2026/09/06 08:52:48 schema: migration 12->13 complete
2026/09/06 08:52:48 schema: migration 13->14: Phase 11 — add welcome_message to branding_config
2026/09/06 08:52:48 schema: migration 13->14 complete
2026/09/06 08:52:48 schema: migration 14->15: Phase 12 — add notes column to machines
2026/09/06 08:52:48 schema: migration 14->15 complete
2026/09/06 08:52:48 schema: migration 15->16: Phase 12 — add cpu_temp_c column to metrics
2026/09/06 08:52:48 schema: migration 15->16 complete
2026/09/06 08:52:48 schema: migration 16->17: add nullable target_machine_id to tokens for machine-bound Windows re-enrollment
2026/09/06 08:52:48 schema: migration 16->17 complete
2026/09/06 08:52:48 schema: migration 17->18: add nullable pending_secret_hash and pending_expires_at to agent_credentials for staged Windows re-enrollment handoff
2026/09/06 08:52:48 schema: migration 17->18 complete
2026/09/06 08:52:48 schema: migration 18->19: create hub_settings key/value table (AI Sessions feature switch)
2026/09/06 08:52:48 schema: migration 18->19 complete
2026/09/06 08:52:48 schema: migration 19->20: add mint_time_script and mint-time binding columns to tokens to bind join links to mint-time configuration
2026/09/06 08:52:48 schema: migration 19->20 complete
2026/09/06 08:52:48 schema: migration 20->21: scrub raw install tokens persisted in tokens.mint_time_script
2026/09/06 08:52:48 schema: migration 20->21 complete
2026/09/06 08:52:48 schema: all migrations applied — now at version 21
2026/09/06 08:52:51 schema: at version 0, target 21 — applying 21 migration(s)
2026/09/06 08:52:51 schema: migration 0->1: baseline schema: create all tables and indexes
2026/09/06 08:52:51 schema: migration 0->1 complete
2026/09/06 08:52:51 schema: migration 1->2: add tags, terminal_pin_hash, password_changed, pin_changed columns
2026/09/06 08:52:51 schema: migration 1->2 complete
2026/09/06 08:52:51 schema: migration 2->3: add agent_credentials table for durable enrollment
2026/09/06 08:52:51 schema: migration 2->3 complete
2026/09/06 08:52:51 schema: migration 3->4: add source_ip and user_id to terminal_sessions for audit logging
2026/09/06 08:52:51 schema: migration 3->4 complete
2026/09/06 08:52:51 schema: migration 4->5: add api_machines table for API-polled machines
2026/09/06 08:52:51 schema: migration 4->5 complete
2026/09/06 08:52:51 schema: migration 5->6: add tls_config to api_machines for per-machine TLS trust
2026/09/06 08:52:51 schema: migration 5->6 complete
2026/09/06 08:52:51 schema: migration 6->7: add role column to users for RBAC
2026/09/06 08:52:51 schema: migration 6->7 complete
2026/09/06 08:52:51 schema: migration 7->8: add hardware_info JSON column to machines for static spec snapshots
2026/09/06 08:52:51 schema: migration 7->8 complete
2026/09/06 08:52:51 schema: migration 8->9: add theme_name and theme_mode columns to users for per-user theme prefs
2026/09/06 08:52:51 schema: migration 8->9 complete
2026/09/06 08:52:51 schema: migration 9->10: create branding_config table for admin instance branding (Phase 10)
2026/09/06 08:52:51 schema: migration 9->10 complete
2026/09/06 08:52:51 schema: migration 10->11: Phase 11 — add per-user workflow personalization columns to users
2026/09/06 08:52:51 schema: migration 10->11 complete
2026/09/06 08:52:51 schema: migration 11->12: Phase 11 — create user_pinned_machines table
2026/09/06 08:52:51 schema: migration 11->12 complete
2026/09/06 08:52:51 schema: migration 12->13: Phase 11 — create user_saved_filters table
2026/09/06 08:52:51 schema: migration 12->13 complete
2026/09/06 08:52:51 schema: migration 13->14: Phase 11 — add welcome_message to branding_config
2026/09/06 08:52:51 schema: migration 13->14 complete
2026/09/06 08:52:51 schema: migration 14->15: Phase 12 — add notes column to machines
2026/09/06 08:52:51 schema: migration 14->15 complete
2026/09/06 08:52:51 schema: migration 15->16: Phase 12 — add cpu_temp_c column to metrics
2026/09/06 08:52:51 schema: migration 15->16 complete
2026/09/06 08:52:51 schema: migration 16->17: add nullable target_machine_id to tokens for machine-bound Windows re-enrollment
2026/09/06 08:52:51 schema: migration 16->17 complete
2026/09/06 08:52:51 schema: migration 17->18: add nullable pending_secret_hash and pending_expires_at to agent_credentials for staged Windows re-enrollment handoff
2026/09/06 08:52:51 schema: migration 17->18 complete
2026/09/06 08:52:51 schema: migration 18->19: create hub_settings key/value table (AI Sessions feature switch)
2026/09/06 08:52:51 schema: migration 18->19 complete
2026/09/06 08:52:51 schema: migration 19->20: add mint_time_script and mint-time binding columns to tokens to bind join links to mint-time configuration
2026/09/06 08:52:51 schema: migration 19->20 complete
2026/09/06 08:52:51 schema: migration 20->21: scrub raw install tokens persisted in tokens.mint_time_script
2026/09/06 08:52:51 schema: migration 20->21 complete
2026/09/06 08:52:51 schema: all migrations applied — now at version 21
2026/09/06 08:52:54 agent offline: m-rm
2026/09/06 08:52:54 machine deleted: machine-m-del2 (m-del2)
2026/09/06 08:52:54 schema: at version 0, target 21 — applying 21 migration(s)
2026/09/06 08:52:54 schema: migration 0->1: baseline schema: create all tables and indexes
2026/09/06 08:52:54 schema: migration 0->1 complete
2026/09/06 08:52:54 schema: migration 1->2: add tags, terminal_pin_hash, password_changed, pin_changed columns
2026/09/06 08:52:54 schema: migration 1->2 complete
2026/09/06 08:52:54 schema: migration 2->3: add agent_credentials table for durable enrollment
2026/09/06 08:52:54 schema: migration 2->3 complete
2026/09/06 08:52:54 schema: migration 3->4: add source_ip and user_id to terminal_sessions for audit logging
2026/09/06 08:52:54 schema: migration 3->4 complete
2026/09/06 08:52:54 schema: migration 4->5: add api_machines table for API-polled machines
2026/09/06 08:52:54 schema: migration 4->5 complete
2026/09/06 08:52:54 schema: migration 5->6: add tls_config to api_machines for per-machine TLS trust
2026/09/06 08:52:54 schema: migration 5->6 complete
2026/09/06 08:52:54 schema: migration 6->7: add role column to users for RBAC
2026/09/06 08:52:54 schema: migration 6->7 complete
2026/09/06 08:52:54 schema: migration 7->8: add hardware_info JSON column to machines for static spec snapshots
2026/09/06 08:52:54 schema: migration 7->8 complete
2026/09/06 08:52:54 schema: migration 8->9: add theme_name and theme_mode columns to users for per-user theme prefs
2026/09/06 08:52:54 schema: migration 8->9 complete
2026/09/06 08:52:54 schema: migration 9->10: create branding_config table for admin instance branding (Phase 10)
2026/09/06 08:52:54 schema: migration 9->10 complete
2026/09/06 08:52:54 schema: migration 10->11: Phase 11 — add per-user workflow personalization columns to users
2026/09/06 08:52:54 schema: migration 10->11 complete
2026/09/06 08:52:54 schema: migration 11->12: Phase 11 — create user_pinned_machines table
2026/09/06 08:52:54 schema: migration 11->12 complete
2026/09/06 08:52:54 schema: migration 12->13: Phase 11 — create user_saved_filters table
2026/09/06 08:52:54 schema: migration 12->13 complete
2026/09/06 08:52:54 schema: migration 13->14: Phase 11 — add welcome_message to branding_config
2026/09/06 08:52:54 schema: migration 13->14 complete
2026/09/06 08:52:54 schema: migration 14->15: Phase 12 — add notes column to machines
2026/09/06 08:52:55 schema: migration 14->15 complete
2026/09/06 08:52:55 schema: migration 15->16: Phase 12 — add cpu_temp_c column to metrics
2026/09/06 08:52:55 schema: migration 15->16 complete
2026/09/06 08:52:55 schema: migration 16->17: add nullable target_machine_id to tokens for machine-bound Windows re-enrollment
2026/09/06 08:52:55 schema: migration 16->17 complete
2026/09/06 08:52:55 schema: migration 17->18: add nullable pending_secret_hash and pending_expires_at to agent_credentials for staged Windows re-enrollment handoff
2026/09/06 08:52:55 schema: migration 17->18 complete
2026/09/06 08:52:55 schema: migration 18->19: create hub_settings key/value table (AI Sessions feature switch)
2026/09/06 08:52:55 schema: migration 18->19 complete
2026/09/06 08:52:55 schema: migration 19->20: add mint_time_script and mint-time binding columns to tokens to bind join links to mint-time configuration
2026/09/06 08:52:55 schema: migration 19->20 complete
2026/09/06 08:52:55 schema: migration 20->21: scrub raw install tokens persisted in tokens.mint_time_script
2026/09/06 08:52:55 schema: migration 20->21 complete
2026/09/06 08:52:55 schema: all migrations applied — now at version 21
2026/09/06 08:52:58 schema: at version 0, target 21 — applying 21 migration(s)
2026/09/06 08:52:58 schema: migration 0->1: baseline schema: create all tables and indexes
2026/09/06 08:52:58 schema: migration 0->1 complete
2026/09/06 08:52:58 schema: migration 1->2: add tags, terminal_pin_hash, password_changed, pin_changed columns
2026/09/06 08:52:58 schema: migration 1->2 complete
2026/09/06 08:52:58 schema: migration 2->3: add agent_credentials table for durable enrollment
2026/09/06 08:52:58 schema: migration 2->3 complete
2026/09/06 08:52:58 schema: migration 3->4: add source_ip and user_id to terminal_sessions for audit logging
2026/09/06 08:52:58 schema: migration 3->4 complete
2026/09/06 08:52:58 schema: migration 4->5: add api_machines table for API-polled machines
2026/09/06 08:52:58 schema: migration 4->5 complete
2026/09/06 08:52:58 schema: migration 5->6: add tls_config to api_machines for per-machine TLS trust
2026/09/06 08:52:58 schema: migration 5->6 complete
2026/09/06 08:52:58 schema: migration 6->7: add role column to users for RBAC
2026/09/06 08:52:58 schema: migration 6->7 complete
2026/09/06 08:52:58 schema: migration 7->8: add hardware_info JSON column to machines for static spec snapshots
2026/09/06 08:52:58 schema: migration 7->8 complete
2026/09/06 08:52:58 schema: migration 8->9: add theme_name and theme_mode columns to users for per-user theme prefs
2026/09/06 08:52:58 schema: migration 8->9 complete
2026/09/06 08:52:58 schema: migration 9->10: create branding_config table for admin instance branding (Phase 10)
2026/09/06 08:52:58 schema: migration 9->10 complete
2026/09/06 08:52:58 schema: migration 10->11: Phase 11 — add per-user workflow personalization columns to users
2026/09/06 08:52:58 schema: migration 10->11 complete
2026/09/06 08:52:58 schema: migration 11->12: Phase 11 — create user_pinned_machines table
2026/09/06 08:52:58 schema: migration 11->12 complete
2026/09/06 08:52:58 schema: migration 12->13: Phase 11 — create user_saved_filters table
2026/09/06 08:52:58 schema: migration 12->13 complete
2026/09/06 08:52:58 schema: migration 13->14: Phase 11 — add welcome_message to branding_config
2026/09/06 08:52:58 schema: migration 13->14 complete
2026/09/06 08:52:58 schema: migration 14->15: Phase 12 — add notes column to machines
2026/09/06 08:52:58 schema: migration 14->15 complete
2026/09/06 08:52:58 schema: migration 15->16: Phase 12 — add cpu_temp_c column to metrics
2026/09/06 08:52:58 schema: migration 15->16 complete
2026/09/06 08:52:58 schema: migration 16->17: add nullable target_machine_id to tokens for machine-bound Windows re-enrollment
2026/09/06 08:52:58 schema: migration 16->17 complete
2026/09/06 08:52:58 schema: migration 17->18: add nullable pending_secret_hash and pending_expires_at to agent_credentials for staged Windows re-enrollment handoff
2026/09/06 08:52:58 schema: migration 17->18 complete
2026/09/06 08:52:58 schema: migration 18->19: create hub_settings key/value table (AI Sessions feature switch)
2026/09/06 08:52:58 schema: migration 18->19 complete
2026/09/06 08:52:58 schema: migration 19->20: add mint_time_script and mint-time binding columns to tokens to bind join links to mint-time configuration
2026/09/06 08:52:58 schema: migration 19->20 complete
2026/09/06 08:52:58 schema: migration 20->21: scrub raw install tokens persisted in tokens.mint_time_script
2026/09/06 08:52:58 schema: migration 20->21 complete
2026/09/06 08:52:58 schema: all migrations applied — now at version 21
2026/09/06 08:52:58 ALERT [warning] cpu-rule on host-machine-gt-test: CPU is 95% (threshold: 90%)
2026/09/06 08:52:58 schema: at version 0, target 21 — applying 21 migration(s)
2026/09/06 08:52:58 schema: migration 0->1: baseline schema: create all tables and indexes
2026/09/06 08:52:58 schema: migration 0->1 complete
2026/09/06 08:52:58 schema: migration 1->2: add tags, terminal_pin_hash, password_changed, pin_changed columns
2026/09/06 08:52:58 schema: migration 1->2 complete
2026/09/06 08:52:58 schema: migration 2->3: add agent_credentials table for durable enrollment
2026/09/06 08:52:58 schema: migration 2->3 complete
2026/09/06 08:52:58 schema: migration 3->4: add source_ip and user_id to terminal_sessions for audit logging
2026/09/06 08:52:58 schema: migration 3->4 complete
2026/09/06 08:52:58 schema: migration 4->5: add api_machines table for API-polled machines
2026/09/06 08:52:58 schema: migration 4->5 complete
2026/09/06 08:52:58 schema: migration 5->6: add tls_config to api_machines for per-machine TLS trust
2026/09/06 08:52:58 schema: migration 5->6 complete
2026/09/06 08:52:58 schema: migration 6->7: add role column to users for RBAC
2026/09/06 08:52:58 schema: migration 6->7 complete
2026/09/06 08:52:58 schema: migration 7->8: add hardware_info JSON column to machines for static spec snapshots
2026/09/06 08:52:58 schema: migration 7->8 complete
2026/09/06 08:52:58 schema: migration 8->9: add theme_name and theme_mode columns to users for per-user theme prefs
2026/09/06 08:52:58 schema: migration 8->9 complete
2026/09/06 08:52:58 schema: migration 9->10: create branding_config table for admin instance branding (Phase 10)
2026/09/06 08:52:58 schema: migration 9->10 complete
2026/09/06 08:52:58 schema: migration 10->11: Phase 11 — add per-user workflow personalization columns to users
2026/09/06 08:52:58 schema: migration 10->11 complete
2026/09/06 08:52:58 schema: migration 11->12: Phase 11 — create user_pinned_machines table
2026/09/06 08:52:58 schema: migration 11->12 complete
2026/09/06 08:52:58 schema: migration 12->13: Phase 11 — create user_saved_filters table
2026/09/06 08:52:58 schema: migration 12->13 complete
2026/09/06 08:52:58 schema: migration 13->14: Phase 11 — add welcome_message to branding_config
2026/09/06 08:52:58 schema: migration 13->14 complete
2026/09/06 08:52:58 schema: migration 14->15: Phase 12 — add notes column to machines
2026/09/06 08:52:58 schema: migration 14->15 complete
2026/09/06 08:52:58 schema: migration 15->16: Phase 12 — add cpu_temp_c column to metrics
2026/09/06 08:52:58 schema: migration 15->16 complete
2026/09/06 08:52:58 schema: migration 16->17: add nullable target_machine_id to tokens for machine-bound Windows re-enrollment
2026/09/06 08:52:58 schema: migration 16->17 complete
2026/09/06 08:52:58 schema: migration 17->18: add nullable pending_secret_hash and pending_expires_at to agent_credentials for staged Windows re-enrollment handoff
2026/09/06 08:52:59 schema: migration 17->18 complete
2026/09/06 08:52:59 schema: migration 18->19: create hub_settings key/value table (AI Sessions feature switch)
2026/09/06 08:52:59 schema: migration 18->19 complete
2026/09/06 08:52:59 schema: migration 19->20: add mint_time_script and mint-time binding columns to tokens to bind join links to mint-time configuration
2026/09/06 08:52:59 schema: migration 19->20 complete
2026/09/06 08:52:59 schema: migration 20->21: scrub raw install tokens persisted in tokens.mint_time_script
2026/09/06 08:52:59 schema: migration 20->21 complete
2026/09/06 08:52:59 schema: all migrations applied — now at version 21
2026/09/06 08:52:59 ALERT [warning] cpu-rule on host-machine-recover-test: CPU is 95% (threshold: 90%)
2026/09/06 08:52:59 RESOLVED: cpu-rule on host-machine-recover-test
2026/09/06 08:52:59 schema: at version 0, target 21 — applying 21 migration(s)
2026/09/06 08:52:59 schema: migration 0->1: baseline schema: create all tables and indexes
2026/09/06 08:52:59 schema: migration 0->1 complete
2026/09/06 08:52:59 schema: migration 1->2: add tags, terminal_pin_hash, password_changed, pin_changed columns
2026/09/06 08:52:59 schema: migration 1->2 complete
2026/09/06 08:52:59 schema: migration 2->3: add agent_credentials table for durable enrollment
2026/09/06 08:52:59 schema: migration 2->3 complete
2026/09/06 08:52:59 schema: migration 3->4: add source_ip and user_id to terminal_sessions for audit logging
2026/09/06 08:52:59 schema: migration 3->4 complete
2026/09/06 08:52:59 schema: migration 4->5: add api_machines table for API-polled machines
2026/09/06 08:52:59 schema: migration 4->5 complete
2026/09/06 08:52:59 schema: migration 5->6: add tls_config to api_machines for per-machine TLS trust
2026/09/06 08:52:59 schema: migration 5->6 complete
2026/09/06 08:52:59 schema: migration 6->7: add role column to users for RBAC
2026/09/06 08:52:59 schema: migration 6->7 complete
2026/09/06 08:52:59 schema: migration 7->8: add hardware_info JSON column to machines for static spec snapshots
2026/09/06 08:52:59 schema: migration 7->8 complete
2026/09/06 08:52:59 schema: migration 8->9: add theme_name and theme_mode columns to users for per-user theme prefs
2026/09/06 08:52:59 schema: migration 8->9 complete
2026/09/06 08:52:59 schema: migration 9->10: create branding_config table for admin instance branding (Phase 10)
2026/09/06 08:52:59 schema: migration 9->10 complete
2026/09/06 08:52:59 schema: migration 10->11: Phase 11 — add per-user workflow personalization columns to users
2026/09/06 08:52:59 schema: migration 10->11 complete
2026/09/06 08:52:59 schema: migration 11->12: Phase 11 — create user_pinned_machines table
2026/09/06 08:52:59 schema: migration 11->12 complete
2026/09/06 08:52:59 schema: migration 12->13: Phase 11 — create user_saved_filters table
2026/09/06 08:52:59 schema: migration 12->13 complete
2026/09/06 08:52:59 schema: migration 13->14: Phase 11 — add welcome_message to branding_config
2026/09/06 08:52:59 schema: migration 13->14 complete
2026/09/06 08:52:59 schema: migration 14->15: Phase 12 — add notes column to machines
2026/09/06 08:52:59 schema: migration 14->15 complete
2026/09/06 08:52:59 schema: migration 15->16: Phase 12 — add cpu_temp_c column to metrics
2026/09/06 08:52:59 schema: migration 15->16 complete
2026/09/06 08:52:59 schema: migration 16->17: add nullable target_machine_id to tokens for machine-bound Windows re-enrollment
2026/09/06 08:52:59 schema: migration 16->17 complete
2026/09/06 08:52:59 schema: migration 17->18: add nullable pending_secret_hash and pending_expires_at to agent_credentials for staged Windows re-enrollment handoff
2026/09/06 08:52:59 schema: migration 17->18 complete
2026/09/06 08:52:59 schema: migration 18->19: create hub_settings key/value table (AI Sessions feature switch)
2026/09/06 08:52:59 schema: migration 18->19 complete
2026/09/06 08:52:59 schema: migration 19->20: add mint_time_script and mint-time binding columns to tokens to bind join links to mint-time configuration
2026/09/06 08:52:59 schema: migration 19->20 complete
2026/09/06 08:52:59 schema: migration 20->21: scrub raw install tokens persisted in tokens.mint_time_script
2026/09/06 08:52:59 schema: migration 20->21 complete
2026/09/06 08:52:59 schema: all migrations applied — now at version 21
2026/09/06 08:52:59 schema: at version 0, target 21 — applying 21 migration(s)
2026/09/06 08:52:59 schema: migration 0->1: baseline schema: create all tables and indexes
2026/09/06 08:52:59 schema: migration 0->1 complete
2026/09/06 08:52:59 schema: migration 1->2: add tags, terminal_pin_hash, password_changed, pin_changed columns
2026/09/06 08:52:59 schema: migration 1->2 complete
2026/09/06 08:52:59 schema: migration 2->3: add agent_credentials table for durable enrollment
2026/09/06 08:52:59 schema: migration 2->3 complete
2026/09/06 08:52:59 schema: migration 3->4: add source_ip and user_id to terminal_sessions for audit logging
2026/09/06 08:52:59 schema: migration 3->4 complete
2026/09/06 08:52:59 schema: migration 4->5: add api_machines table for API-polled machines
2026/09/06 08:52:59 schema: migration 4->5 complete
2026/09/06 08:52:59 schema: migration 5->6: add tls_config to api_machines for per-machine TLS trust
2026/09/06 08:52:59 schema: migration 5->6 complete
2026/09/06 08:52:59 schema: migration 6->7: add role column to users for RBAC
2026/09/06 08:52:59 schema: migration 6->7 complete
2026/09/06 08:52:59 schema: migration 7->8: add hardware_info JSON column to machines for static spec snapshots
2026/09/06 08:52:59 schema: migration 7->8 complete
2026/09/06 08:52:59 schema: migration 8->9: add theme_name and theme_mode columns to users for per-user theme prefs
2026/09/06 08:52:59 schema: migration 8->9 complete
2026/09/06 08:52:59 schema: migration 9->10: create branding_config table for admin instance branding (Phase 10)
2026/09/06 08:52:59 schema: migration 9->10 complete
2026/09/06 08:52:59 schema: migration 10->11: Phase 11 — add per-user workflow personalization columns to users
2026/09/06 08:52:59 schema: migration 10->11 complete
2026/09/06 08:52:59 schema: migration 11->12: Phase 11 — create user_pinned_machines table
2026/09/06 08:52:59 schema: migration 11->12 complete
2026/09/06 08:52:59 schema: migration 12->13: Phase 11 — create user_saved_filters table
2026/09/06 08:52:59 schema: migration 12->13 complete
2026/09/06 08:52:59 schema: migration 13->14: Phase 11 — add welcome_message to branding_config
2026/09/06 08:52:59 schema: migration 13->14 complete
2026/09/06 08:52:59 schema: migration 14->15: Phase 12 — add notes column to machines
2026/09/06 08:52:59 schema: migration 14->15 complete
2026/09/06 08:52:59 schema: migration 15->16: Phase 12 — add cpu_temp_c column to metrics
2026/09/06 08:52:59 schema: migration 15->16 complete
2026/09/06 08:52:59 schema: migration 16->17: add nullable target_machine_id to tokens for machine-bound Windows re-enrollment
2026/09/06 08:52:59 schema: migration 16->17 complete
2026/09/06 08:52:59 schema: migration 17->18: add nullable pending_secret_hash and pending_expires_at to agent_credentials for staged Windows re-enrollment handoff
2026/09/06 08:52:59 schema: migration 17->18 complete
2026/09/06 08:52:59 schema: migration 18->19: create hub_settings key/value table (AI Sessions feature switch)
2026/09/06 08:52:59 schema: migration 18->19 complete
2026/09/06 08:52:59 schema: migration 19->20: add mint_time_script and mint-time binding columns to tokens to bind join links to mint-time configuration
2026/09/06 08:52:59 schema: migration 19->20 complete
2026/09/06 08:52:59 schema: migration 20->21: scrub raw install tokens persisted in tokens.mint_time_script
2026/09/06 08:52:59 schema: migration 20->21 complete
2026/09/06 08:52:59 schema: all migrations applied — now at version 21
2026/09/06 08:52:59 schema: at version 0, target 21 — applying 21 migration(s)
2026/09/06 08:52:59 schema: migration 0->1: baseline schema: create all tables and indexes
2026/09/06 08:52:59 schema: migration 0->1 complete
2026/09/06 08:52:59 schema: migration 1->2: add tags, terminal_pin_hash, password_changed, pin_changed columns
2026/09/06 08:52:59 schema: migration 1->2 complete
2026/09/06 08:52:59 schema: migration 2->3: add agent_credentials table for durable enrollment
2026/09/06 08:52:59 schema: migration 2->3 complete
2026/09/06 08:52:59 schema: migration 3->4: add source_ip and user_id to terminal_sessions for audit logging
2026/09/06 08:52:59 schema: migration 3->4 complete
2026/09/06 08:52:59 schema: migration 4->5: add api_machines table for API-polled machines
2026/09/06 08:52:59 schema: migration 4->5 complete
2026/09/06 08:52:59 schema: migration 5->6: add tls_config to api_machines for per-machine TLS trust
2026/09/06 08:53:00 schema: migration 5->6 complete
2026/09/06 08:53:00 schema: migration 6->7: add role column to users for RBAC
2026/09/06 08:53:00 schema: migration 6->7 complete
2026/09/06 08:53:00 schema: migration 7->8: add hardware_info JSON column to machines for static spec snapshots
2026/09/06 08:53:00 schema: migration 7->8 complete
2026/09/06 08:53:00 schema: migration 8->9: add theme_name and theme_mode columns to users for per-user theme prefs
2026/09/06 08:53:00 schema: migration 8->9 complete
2026/09/06 08:53:00 schema: migration 9->10: create branding_config table for admin instance branding (Phase 10)
2026/09/06 08:53:00 schema: migration 9->10 complete
2026/09/06 08:53:00 schema: migration 10->11: Phase 11 — add per-user workflow personalization columns to users
2026/09/06 08:53:00 schema: migration 10->11 complete
2026/09/06 08:53:00 schema: migration 11->12: Phase 11 — create user_pinned_machines table
2026/09/06 08:53:00 schema: migration 11->12 complete
2026/09/06 08:53:00 schema: migration 12->13: Phase 11 — create user_saved_filters table
2026/09/06 08:53:00 schema: migration 12->13 complete
2026/09/06 08:53:00 schema: migration 13->14: Phase 11 — add welcome_message to branding_config
2026/09/06 08:53:00 schema: migration 13->14 complete
2026/09/06 08:53:00 schema: migration 14->15: Phase 12 — add notes column to machines
2026/09/06 08:53:00 schema: migration 14->15 complete
2026/09/06 08:53:00 schema: migration 15->16: Phase 12 — add cpu_temp_c column to metrics
2026/09/06 08:53:00 schema: migration 15->16 complete
2026/09/06 08:53:00 schema: migration 16->17: add nullable target_machine_id to tokens for machine-bound Windows re-enrollment
2026/09/06 08:53:00 schema: migration 16->17 complete
2026/09/06 08:53:00 schema: migration 17->18: add nullable pending_secret_hash and pending_expires_at to agent_credentials for staged Windows re-enrollment handoff
2026/09/06 08:53:00 schema: migration 17->18 complete
2026/09/06 08:53:00 schema: migration 18->19: create hub_settings key/value table (AI Sessions feature switch)
2026/09/06 08:53:00 schema: migration 18->19 complete
2026/09/06 08:53:00 schema: migration 19->20: add mint_time_script and mint-time binding columns to tokens to bind join links to mint-time configuration
2026/09/06 08:53:00 schema: migration 19->20 complete
2026/09/06 08:53:00 schema: migration 20->21: scrub raw install tokens persisted in tokens.mint_time_script
2026/09/06 08:53:00 schema: migration 20->21 complete
2026/09/06 08:53:00 schema: all migrations applied — now at version 21
2026/09/06 08:53:00 schema: at version 0, target 21 — applying 21 migration(s)
2026/09/06 08:53:00 schema: migration 0->1: baseline schema: create all tables and indexes
2026/09/06 08:53:00 schema: migration 0->1 complete
2026/09/06 08:53:00 schema: migration 1->2: add tags, terminal_pin_hash, password_changed, pin_changed columns
2026/09/06 08:53:00 schema: migration 1->2 complete
2026/09/06 08:53:00 schema: migration 2->3: add agent_credentials table for durable enrollment
2026/09/06 08:53:00 schema: migration 2->3 complete
2026/09/06 08:53:00 schema: migration 3->4: add source_ip and user_id to terminal_sessions for audit logging
2026/09/06 08:53:00 schema: migration 3->4 complete
2026/09/06 08:53:00 schema: migration 4->5: add api_machines table for API-polled machines
2026/09/06 08:53:00 schema: migration 4->5 complete
2026/09/06 08:53:00 schema: migration 5->6: add tls_config to api_machines for per-machine TLS trust
2026/09/06 08:53:00 schema: migration 5->6 complete
2026/09/06 08:53:00 schema: migration 6->7: add role column to users for RBAC
2026/09/06 08:53:00 schema: migration 6->7 complete
2026/09/06 08:53:00 schema: migration 7->8: add hardware_info JSON column to machines for static spec snapshots
2026/09/06 08:53:00 schema: migration 7->8 complete
2026/09/06 08:53:00 schema: migration 8->9: add theme_name and theme_mode columns to users for per-user theme prefs
2026/09/06 08:53:00 schema: migration 8->9 complete
2026/09/06 08:53:00 schema: migration 9->10: create branding_config table for admin instance branding (Phase 10)
2026/09/06 08:53:00 schema: migration 9->10 complete
2026/09/06 08:53:00 schema: migration 10->11: Phase 11 — add per-user workflow personalization columns to users
2026/09/06 08:53:00 schema: migration 10->11 complete
2026/09/06 08:53:00 schema: migration 11->12: Phase 11 — create user_pinned_machines table
2026/09/06 08:53:00 schema: migration 11->12 complete
2026/09/06 08:53:00 schema: migration 12->13: Phase 11 — create user_saved_filters table
2026/09/06 08:53:00 schema: migration 12->13 complete
2026/09/06 08:53:00 schema: migration 13->14: Phase 11 — add welcome_message to branding_config
2026/09/06 08:53:00 schema: migration 13->14 complete
2026/09/06 08:53:00 schema: migration 14->15: Phase 12 — add notes column to machines
2026/09/06 08:53:00 schema: migration 14->15 complete
2026/09/06 08:53:00 schema: migration 15->16: Phase 12 — add cpu_temp_c column to metrics
2026/09/06 08:53:00 schema: migration 15->16 complete
2026/09/06 08:53:00 schema: migration 16->17: add nullable target_machine_id to tokens for machine-bound Windows re-enrollment
2026/09/06 08:53:00 schema: migration 16->17 complete
2026/09/06 08:53:00 schema: migration 17->18: add nullable pending_secret_hash and pending_expires_at to agent_credentials for staged Windows re-enrollment handoff
2026/09/06 08:53:00 schema: migration 17->18 complete
2026/09/06 08:53:00 schema: migration 18->19: create hub_settings key/value table (AI Sessions feature switch)
2026/09/06 08:53:00 schema: migration 18->19 complete
2026/09/06 08:53:00 schema: migration 19->20: add mint_time_script and mint-time binding columns to tokens to bind join links to mint-time configuration
2026/09/06 08:53:00 schema: migration 19->20 complete
2026/09/06 08:53:00 schema: migration 20->21: scrub raw install tokens persisted in tokens.mint_time_script
2026/09/06 08:53:00 schema: migration 20->21 complete
2026/09/06 08:53:00 schema: all migrations applied — now at version 21
2026/09/06 08:53:00 ALERT [warning] machine_offline-rule on stale: Machine offline for 301s (threshold: 120s)
2026/09/06 08:53:00 schema: at version 0, target 21 — applying 21 migration(s)
2026/09/06 08:53:00 schema: migration 0->1: baseline schema: create all tables and indexes
2026/09/06 08:53:00 schema: migration 0->1 complete
2026/09/06 08:53:00 schema: migration 1->2: add tags, terminal_pin_hash, password_changed, pin_changed columns
2026/09/06 08:53:00 schema: migration 1->2 complete
2026/09/06 08:53:00 schema: migration 2->3: add agent_credentials table for durable enrollment
2026/09/06 08:53:00 schema: migration 2->3 complete
2026/09/06 08:53:00 schema: migration 3->4: add source_ip and user_id to terminal_sessions for audit logging
2026/09/06 08:53:00 schema: migration 3->4 complete
2026/09/06 08:53:00 schema: migration 4->5: add api_machines table for API-polled machines
2026/09/06 08:53:00 schema: migration 4->5 complete
2026/09/06 08:53:00 schema: migration 5->6: add tls_config to api_machines for per-machine TLS trust
2026/09/06 08:53:00 schema: migration 5->6 complete
2026/09/06 08:53:00 schema: migration 6->7: add role column to users for RBAC
2026/09/06 08:53:00 schema: migration 6->7 complete
2026/09/06 08:53:00 schema: migration 7->8: add hardware_info JSON column to machines for static spec snapshots
2026/09/06 08:53:00 schema: migration 7->8 complete
2026/09/06 08:53:00 schema: migration 8->9: add theme_name and theme_mode columns to users for per-user theme prefs
2026/09/06 08:53:00 schema: migration 8->9 complete
2026/09/06 08:53:00 schema: migration 9->10: create branding_config table for admin instance branding (Phase 10)
2026/09/06 08:53:00 schema: migration 9->10 complete
2026/09/06 08:53:00 schema: migration 10->11: Phase 11 — add per-user workflow personalization columns to users
2026/09/06 08:53:01 schema: migration 10->11 complete
2026/09/06 08:53:01 schema: migration 11->12: Phase 11 — create user_pinned_machines table
2026/09/06 08:53:01 schema: migration 11->12 complete
2026/09/06 08:53:01 schema: migration 12->13: Phase 11 — create user_saved_filters table
2026/09/06 08:53:01 schema: migration 12->13 complete
2026/09/06 08:53:01 schema: migration 13->14: Phase 11 — add welcome_message to branding_config
2026/09/06 08:53:01 schema: migration 13->14 complete
2026/09/06 08:53:01 schema: migration 14->15: Phase 12 — add notes column to machines
2026/09/06 08:53:01 schema: migration 14->15 complete
2026/09/06 08:53:01 schema: migration 15->16: Phase 12 — add cpu_temp_c column to metrics
2026/09/06 08:53:01 schema: migration 15->16 complete
2026/09/06 08:53:01 schema: migration 16->17: add nullable target_machine_id to tokens for machine-bound Windows re-enrollment
2026/09/06 08:53:01 schema: migration 16->17 complete
2026/09/06 08:53:01 schema: migration 17->18: add nullable pending_secret_hash and pending_expires_at to agent_credentials for staged Windows re-enrollment handoff
2026/09/06 08:53:01 schema: migration 17->18 complete
2026/09/06 08:53:01 schema: migration 18->19: create hub_settings key/value table (AI Sessions feature switch)
2026/09/06 08:53:01 schema: migration 18->19 complete
2026/09/06 08:53:01 schema: migration 19->20: add mint_time_script and mint-time binding columns to tokens to bind join links to mint-time configuration
2026/09/06 08:53:01 schema: migration 19->20 complete
2026/09/06 08:53:01 schema: migration 20->21: scrub raw install tokens persisted in tokens.mint_time_script
2026/09/06 08:53:01 schema: migration 20->21 complete
2026/09/06 08:53:01 schema: all migrations applied — now at version 21
2026/09/06 08:53:03 schema: at version 0, target 21 — applying 21 migration(s)
2026/09/06 08:53:03 schema: migration 0->1: baseline schema: create all tables and indexes
2026/09/06 08:53:03 schema: migration 0->1 complete
2026/09/06 08:53:03 schema: migration 1->2: add tags, terminal_pin_hash, password_changed, pin_changed columns
2026/09/06 08:53:03 schema: migration 1->2 complete
2026/09/06 08:53:03 schema: migration 2->3: add agent_credentials table for durable enrollment
2026/09/06 08:53:03 schema: migration 2->3 complete
2026/09/06 08:53:03 schema: migration 3->4: add source_ip and user_id to terminal_sessions for audit logging
2026/09/06 08:53:03 schema: migration 3->4 complete
2026/09/06 08:53:03 schema: migration 4->5: add api_machines table for API-polled machines
2026/09/06 08:53:03 schema: migration 4->5 complete
2026/09/06 08:53:03 schema: migration 5->6: add tls_config to api_machines for per-machine TLS trust
2026/09/06 08:53:03 schema: migration 5->6 complete
2026/09/06 08:53:03 schema: migration 6->7: add role column to users for RBAC
2026/09/06 08:53:03 schema: migration 6->7 complete
2026/09/06 08:53:03 schema: migration 7->8: add hardware_info JSON column to machines for static spec snapshots
2026/09/06 08:53:03 schema: migration 7->8 complete
2026/09/06 08:53:03 schema: migration 8->9: add theme_name and theme_mode columns to users for per-user theme prefs
2026/09/06 08:53:03 schema: migration 8->9 complete
2026/09/06 08:53:03 schema: migration 9->10: create branding_config table for admin instance branding (Phase 10)
2026/09/06 08:53:03 schema: migration 9->10 complete
2026/09/06 08:53:03 schema: migration 10->11: Phase 11 — add per-user workflow personalization columns to users
2026/09/06 08:53:03 schema: migration 10->11 complete
2026/09/06 08:53:03 schema: migration 11->12: Phase 11 — create user_pinned_machines table
2026/09/06 08:53:03 schema: migration 11->12 complete
2026/09/06 08:53:03 schema: migration 12->13: Phase 11 — create user_saved_filters table
2026/09/06 08:53:03 schema: migration 12->13 complete
2026/09/06 08:53:03 schema: migration 13->14: Phase 11 — add welcome_message to branding_config
2026/09/06 08:53:03 schema: migration 13->14 complete
2026/09/06 08:53:03 schema: migration 14->15: Phase 12 — add notes column to machines
2026/09/06 08:53:03 schema: migration 14->15 complete
2026/09/06 08:53:03 schema: migration 15->16: Phase 12 — add cpu_temp_c column to metrics
2026/09/06 08:53:03 schema: migration 15->16 complete
2026/09/06 08:53:03 schema: migration 16->17: add nullable target_machine_id to tokens for machine-bound Windows re-enrollment
2026/09/06 08:53:03 schema: migration 16->17 complete
2026/09/06 08:53:03 schema: migration 17->18: add nullable pending_secret_hash and pending_expires_at to agent_credentials for staged Windows re-enrollment handoff
2026/09/06 08:53:03 schema: migration 17->18 complete
2026/09/06 08:53:03 schema: migration 18->19: create hub_settings key/value table (AI Sessions feature switch)
2026/09/06 08:53:03 schema: migration 18->19 complete
2026/09/06 08:53:03 schema: migration 19->20: add mint_time_script and mint-time binding columns to tokens to bind join links to mint-time configuration
2026/09/06 08:53:03 schema: migration 19->20 complete
2026/09/06 08:53:03 schema: migration 20->21: scrub raw install tokens persisted in tokens.mint_time_script
2026/09/06 08:53:03 schema: migration 20->21 complete
2026/09/06 08:53:03 schema: all migrations applied — now at version 21
2026/09/06 08:53:06 schema: at version 0, target 21 — applying 21 migration(s)
2026/09/06 08:53:06 schema: migration 0->1: baseline schema: create all tables and indexes
2026/09/06 08:53:06 schema: migration 0->1 complete
2026/09/06 08:53:06 schema: migration 1->2: add tags, terminal_pin_hash, password_changed, pin_changed columns
2026/09/06 08:53:06 schema: migration 1->2 complete
2026/09/06 08:53:06 schema: migration 2->3: add agent_credentials table for durable enrollment
2026/09/06 08:53:06 schema: migration 2->3 complete
2026/09/06 08:53:06 schema: migration 3->4: add source_ip and user_id to terminal_sessions for audit logging
2026/09/06 08:53:06 schema: migration 3->4 complete
2026/09/06 08:53:06 schema: migration 4->5: add api_machines table for API-polled machines
2026/09/06 08:53:06 schema: migration 4->5 complete
2026/09/06 08:53:06 schema: migration 5->6: add tls_config to api_machines for per-machine TLS trust
2026/09/06 08:53:06 schema: migration 5->6 complete
2026/09/06 08:53:06 schema: migration 6->7: add role column to users for RBAC
2026/09/06 08:53:06 schema: migration 6->7 complete
2026/09/06 08:53:06 schema: migration 7->8: add hardware_info JSON column to machines for static spec snapshots
2026/09/06 08:53:06 schema: migration 7->8 complete
2026/09/06 08:53:06 schema: migration 8->9: add theme_name and theme_mode columns to users for per-user theme prefs
2026/09/06 08:53:06 schema: migration 8->9 complete
2026/09/06 08:53:06 schema: migration 9->10: create branding_config table for admin instance branding (Phase 10)
2026/09/06 08:53:06 schema: migration 9->10 complete
2026/09/06 08:53:06 schema: migration 10->11: Phase 11 — add per-user workflow personalization columns to users
2026/09/06 08:53:06 schema: migration 10->11 complete
2026/09/06 08:53:06 schema: migration 11->12: Phase 11 — create user_pinned_machines table
2026/09/06 08:53:06 schema: migration 11->12 complete
2026/09/06 08:53:06 schema: migration 12->13: Phase 11 — create user_saved_filters table
2026/09/06 08:53:06 schema: migration 12->13 complete
2026/09/06 08:53:06 schema: migration 13->14: Phase 11 — add welcome_message to branding_config
2026/09/06 08:53:06 schema: migration 13->14 complete
2026/09/06 08:53:06 schema: migration 14->15: Phase 12 — add notes column to machines
2026/09/06 08:53:06 schema: migration 14->15 complete
2026/09/06 08:53:06 schema: migration 15->16: Phase 12 — add cpu_temp_c column to metrics
2026/09/06 08:53:06 schema: migration 15->16 complete
2026/09/06 08:53:06 schema: migration 16->17: add nullable target_machine_id to tokens for machine-bound Windows re-enrollment
2026/09/06 08:53:06 schema: migration 16->17 complete
2026/09/06 08:53:06 schema: migration 17->18: add nullable pending_secret_hash and pending_expires_at to agent_credentials for staged Windows re-enrollment handoff
2026/09/06 08:53:06 schema: migration 17->18 complete
2026/09/06 08:53:06 schema: migration 18->19: create hub_settings key/value table (AI Sessions feature switch)
2026/09/06 08:53:06 schema: migration 18->19 complete
2026/09/06 08:53:06 schema: migration 19->20: add mint_time_script and mint-time binding columns to tokens to bind join links to mint-time configuration
2026/09/06 08:53:06 schema: migration 19->20 complete
2026/09/06 08:53:06 schema: migration 20->21: scrub raw install tokens persisted in tokens.mint_time_script
2026/09/06 08:53:06 schema: migration 20->21 complete
2026/09/06 08:53:06 schema: all migrations applied — now at version 21
2026/09/06 08:53:08 schema: at version 0, target 21 — applying 21 migration(s)
2026/09/06 08:53:08 schema: migration 0->1: baseline schema: create all tables and indexes
2026/09/06 08:53:08 schema: migration 0->1 complete
2026/09/06 08:53:08 schema: migration 1->2: add tags, terminal_pin_hash, password_changed, pin_changed columns
2026/09/06 08:53:08 schema: migration 1->2 complete
2026/09/06 08:53:08 schema: migration 2->3: add agent_credentials table for durable enrollment
2026/09/06 08:53:08 schema: migration 2->3 complete
2026/09/06 08:53:08 schema: migration 3->4: add source_ip and user_id to terminal_sessions for audit logging
2026/09/06 08:53:08 schema: migration 3->4 complete
2026/09/06 08:53:08 schema: migration 4->5: add api_machines table for API-polled machines
2026/09/06 08:53:08 schema: migration 4->5 complete
2026/09/06 08:53:08 schema: migration 5->6: add tls_config to api_machines for per-machine TLS trust
2026/09/06 08:53:08 schema: migration 5->6 complete
2026/09/06 08:53:08 schema: migration 6->7: add role column to users for RBAC
2026/09/06 08:53:08 schema: migration 6->7 complete
2026/09/06 08:53:08 schema: migration 7->8: add hardware_info JSON column to machines for static spec snapshots
2026/09/06 08:53:08 schema: migration 7->8 complete
2026/09/06 08:53:08 schema: migration 8->9: add theme_name and theme_mode columns to users for per-user theme prefs
2026/09/06 08:53:08 schema: migration 8->9 complete
2026/09/06 08:53:08 schema: migration 9->10: create branding_config table for admin instance branding (Phase 10)
2026/09/06 08:53:08 schema: migration 9->10 complete
2026/09/06 08:53:08 schema: migration 10->11: Phase 11 — add per-user workflow personalization columns to users
2026/09/06 08:53:08 schema: migration 10->11 complete
2026/09/06 08:53:08 schema: migration 11->12: Phase 11 — create user_pinned_machines table
2026/09/06 08:53:08 schema: migration 11->12 complete
2026/09/06 08:53:08 schema: migration 12->13: Phase 11 — create user_saved_filters table
2026/09/06 08:53:08 schema: migration 12->13 complete
2026/09/06 08:53:08 schema: migration 13->14: Phase 11 — add welcome_message to branding_config
2026/09/06 08:53:08 schema: migration 13->14 complete
2026/09/06 08:53:08 schema: migration 14->15: Phase 12 — add notes column to machines
2026/09/06 08:53:08 schema: migration 14->15 complete
2026/09/06 08:53:08 schema: migration 15->16: Phase 12 — add cpu_temp_c column to metrics
2026/09/06 08:53:08 schema: migration 15->16 complete
2026/09/06 08:53:08 schema: migration 16->17: add nullable target_machine_id to tokens for machine-bound Windows re-enrollment
2026/09/06 08:53:08 schema: migration 16->17 complete
2026/09/06 08:53:08 schema: migration 17->18: add nullable pending_secret_hash and pending_expires_at to agent_credentials for staged Windows re-enrollment handoff
2026/09/06 08:53:08 schema: migration 17->18 complete
2026/09/06 08:53:08 schema: migration 18->19: create hub_settings key/value table (AI Sessions feature switch)
2026/09/06 08:53:08 schema: migration 18->19 complete
2026/09/06 08:53:08 schema: migration 19->20: add mint_time_script and mint-time binding columns to tokens to bind join links to mint-time configuration
2026/09/06 08:53:09 schema: migration 19->20 complete
2026/09/06 08:53:09 schema: migration 20->21: scrub raw install tokens persisted in tokens.mint_time_script
2026/09/06 08:53:09 schema: migration 20->21 complete
2026/09/06 08:53:09 schema: all migrations applied — now at version 21
2026/09/06 08:53:11 schema: at version 0, target 21 — applying 21 migration(s)
2026/09/06 08:53:11 schema: migration 0->1: baseline schema: create all tables and indexes
2026/09/06 08:53:11 schema: migration 0->1 complete
2026/09/06 08:53:11 schema: migration 1->2: add tags, terminal_pin_hash, password_changed, pin_changed columns
2026/09/06 08:53:11 schema: migration 1->2 complete
2026/09/06 08:53:11 schema: migration 2->3: add agent_credentials table for durable enrollment
2026/09/06 08:53:11 schema: migration 2->3 complete
2026/09/06 08:53:11 schema: migration 3->4: add source_ip and user_id to terminal_sessions for audit logging
2026/09/06 08:53:11 schema: migration 3->4 complete
2026/09/06 08:53:11 schema: migration 4->5: add api_machines table for API-polled machines
2026/09/06 08:53:11 schema: migration 4->5 complete
2026/09/06 08:53:11 schema: migration 5->6: add tls_config to api_machines for per-machine TLS trust
2026/09/06 08:53:11 schema: migration 5->6 complete
2026/09/06 08:53:11 schema: migration 6->7: add role column to users for RBAC
2026/09/06 08:53:11 schema: migration 6->7 complete
2026/09/06 08:53:11 schema: migration 7->8: add hardware_info JSON column to machines for static spec snapshots
2026/09/06 08:53:11 schema: migration 7->8 complete
2026/09/06 08:53:11 schema: migration 8->9: add theme_name and theme_mode columns to users for per-user theme prefs
2026/09/06 08:53:11 schema: migration 8->9 complete
2026/09/06 08:53:11 schema: migration 9->10: create branding_config table for admin instance branding (Phase 10)
2026/09/06 08:53:11 schema: migration 9->10 complete
2026/09/06 08:53:11 schema: migration 10->11: Phase 11 — add per-user workflow personalization columns to users
2026/09/06 08:53:11 schema: migration 10->11 complete
2026/09/06 08:53:11 schema: migration 11->12: Phase 11 — create user_pinned_machines table
2026/09/06 08:53:11 schema: migration 11->12 complete
2026/09/06 08:53:11 schema: migration 12->13: Phase 11 — create user_saved_filters table
2026/09/06 08:53:11 schema: migration 12->13 complete
2026/09/06 08:53:11 schema: migration 13->14: Phase 11 — add welcome_message to branding_config
2026/09/06 08:53:11 schema: migration 13->14 complete
2026/09/06 08:53:11 schema: migration 14->15: Phase 12 — add notes column to machines
2026/09/06 08:53:11 schema: migration 14->15 complete
2026/09/06 08:53:11 schema: migration 15->16: Phase 12 — add cpu_temp_c column to metrics
2026/09/06 08:53:11 schema: migration 15->16 complete
2026/09/06 08:53:11 schema: migration 16->17: add nullable target_machine_id to tokens for machine-bound Windows re-enrollment
2026/09/06 08:53:11 schema: migration 16->17 complete
2026/09/06 08:53:11 schema: migration 17->18: add nullable pending_secret_hash and pending_expires_at to agent_credentials for staged Windows re-enrollment handoff
2026/09/06 08:53:11 schema: migration 17->18 complete
2026/09/06 08:53:11 schema: migration 18->19: create hub_settings key/value table (AI Sessions feature switch)
2026/09/06 08:53:11 schema: migration 18->19 complete
2026/09/06 08:53:11 schema: migration 19->20: add mint_time_script and mint-time binding columns to tokens to bind join links to mint-time configuration
2026/09/06 08:53:11 schema: migration 19->20 complete
2026/09/06 08:53:11 schema: migration 20->21: scrub raw install tokens persisted in tokens.mint_time_script
2026/09/06 08:53:11 schema: migration 20->21 complete
2026/09/06 08:53:11 schema: all migrations applied — now at version 21
2026/09/06 08:53:14 schema: at version 0, target 21 — applying 21 migration(s)
2026/09/06 08:53:14 schema: migration 0->1: baseline schema: create all tables and indexes
2026/09/06 08:53:14 schema: migration 0->1 complete
2026/09/06 08:53:14 schema: migration 1->2: add tags, terminal_pin_hash, password_changed, pin_changed columns
2026/09/06 08:53:15 schema: migration 1->2 complete
2026/09/06 08:53:15 schema: migration 2->3: add agent_credentials table for durable enrollment
2026/09/06 08:53:15 schema: migration 2->3 complete
2026/09/06 08:53:15 schema: migration 3->4: add source_ip and user_id to terminal_sessions for audit logging
2026/09/06 08:53:15 schema: migration 3->4 complete
2026/09/06 08:53:15 schema: migration 4->5: add api_machines table for API-polled machines
2026/09/06 08:53:15 schema: migration 4->5 complete
2026/09/06 08:53:15 schema: migration 5->6: add tls_config to api_machines for per-machine TLS trust
2026/09/06 08:53:15 schema: migration 5->6 complete
2026/09/06 08:53:15 schema: migration 6->7: add role column to users for RBAC
2026/09/06 08:53:15 schema: migration 6->7 complete
2026/09/06 08:53:15 schema: migration 7->8: add hardware_info JSON column to machines for static spec snapshots
2026/09/06 08:53:15 schema: migration 7->8 complete
2026/09/06 08:53:15 schema: migration 8->9: add theme_name and theme_mode columns to users for per-user theme prefs
2026/09/06 08:53:15 schema: migration 8->9 complete
2026/09/06 08:53:15 schema: migration 9->10: create branding_config table for admin instance branding (Phase 10)
2026/09/06 08:53:15 schema: migration 9->10 complete
2026/09/06 08:53:15 schema: migration 10->11: Phase 11 — add per-user workflow personalization columns to users
2026/09/06 08:53:15 schema: migration 10->11 complete
2026/09/06 08:53:15 schema: migration 11->12: Phase 11 — create user_pinned_machines table
2026/09/06 08:53:15 schema: migration 11->12 complete
2026/09/06 08:53:15 schema: migration 12->13: Phase 11 — create user_saved_filters table
2026/09/06 08:53:15 schema: migration 12->13 complete
2026/09/06 08:53:15 schema: migration 13->14: Phase 11 — add welcome_message to branding_config
2026/09/06 08:53:15 schema: migration 13->14 complete
2026/09/06 08:53:15 schema: migration 14->15: Phase 12 — add notes column to machines
2026/09/06 08:53:15 schema: migration 14->15 complete
2026/09/06 08:53:15 schema: migration 15->16: Phase 12 — add cpu_temp_c column to metrics
2026/09/06 08:53:15 schema: migration 15->16 complete
2026/09/06 08:53:15 schema: migration 16->17: add nullable target_machine_id to tokens for machine-bound Windows re-enrollment
2026/09/06 08:53:15 schema: migration 16->17 complete
2026/09/06 08:53:15 schema: migration 17->18: add nullable pending_secret_hash and pending_expires_at to agent_credentials for staged Windows re-enrollment handoff
2026/09/06 08:53:15 schema: migration 17->18 complete
2026/09/06 08:53:15 schema: migration 18->19: create hub_settings key/value table (AI Sessions feature switch)
2026/09/06 08:53:15 schema: migration 18->19 complete
2026/09/06 08:53:15 schema: migration 19->20: add mint_time_script and mint-time binding columns to tokens to bind join links to mint-time configuration
2026/09/06 08:53:15 schema: migration 19->20 complete
2026/09/06 08:53:15 schema: migration 20->21: scrub raw install tokens persisted in tokens.mint_time_script
2026/09/06 08:53:15 schema: migration 20->21 complete
2026/09/06 08:53:15 schema: all migrations applied — now at version 21
2026/09/06 08:53:24 agent credential revoked: machine_id=revoke-machine credential_existed=true connection_closed=false
2026/09/06 08:53:25 schema: at version 0, target 21 — applying 21 migration(s)
2026/09/06 08:53:25 schema: migration 0->1: baseline schema: create all tables and indexes
2026/09/06 08:53:25 schema: migration 0->1 complete
2026/09/06 08:53:25 schema: migration 1->2: add tags, terminal_pin_hash, password_changed, pin_changed columns
2026/09/06 08:53:25 schema: migration 1->2 complete
2026/09/06 08:53:25 schema: migration 2->3: add agent_credentials table for durable enrollment
2026/09/06 08:53:25 schema: migration 2->3 complete
2026/09/06 08:53:25 schema: migration 3->4: add source_ip and user_id to terminal_sessions for audit logging
2026/09/06 08:53:25 schema: migration 3->4 complete
2026/09/06 08:53:25 schema: migration 4->5: add api_machines table for API-polled machines
2026/09/06 08:53:25 schema: migration 4->5 complete
2026/09/06 08:53:25 schema: migration 5->6: add tls_config to api_machines for per-machine TLS trust
2026/09/06 08:53:25 schema: migration 5->6 complete
2026/09/06 08:53:25 schema: migration 6->7: add role column to users for RBAC
2026/09/06 08:53:25 schema: migration 6->7 complete
2026/09/06 08:53:25 schema: migration 7->8: add hardware_info JSON column to machines for static spec snapshots
2026/09/06 08:53:25 schema: migration 7->8 complete
2026/09/06 08:53:25 schema: migration 8->9: add theme_name and theme_mode columns to users for per-user theme prefs
2026/09/06 08:53:25 schema: migration 8->9 complete
2026/09/06 08:53:25 schema: migration 9->10: create branding_config table for admin instance branding (Phase 10)
2026/09/06 08:53:25 schema: migration 9->10 complete
2026/09/06 08:53:25 schema: migration 10->11: Phase 11 — add per-user workflow personalization columns to users
2026/09/06 08:53:25 schema: migration 10->11 complete
2026/09/06 08:53:25 schema: migration 11->12: Phase 11 — create user_pinned_machines table
2026/09/06 08:53:25 schema: migration 11->12 complete
2026/09/06 08:53:25 schema: migration 12->13: Phase 11 — create user_saved_filters table
2026/09/06 08:53:25 schema: migration 12->13 complete
2026/09/06 08:53:25 schema: migration 13->14: Phase 11 — add welcome_message to branding_config
2026/09/06 08:53:25 schema: migration 13->14 complete
2026/09/06 08:53:25 schema: migration 14->15: Phase 12 — add notes column to machines
2026/09/06 08:53:25 schema: migration 14->15 complete
2026/09/06 08:53:25 schema: migration 15->16: Phase 12 — add cpu_temp_c column to metrics
2026/09/06 08:53:25 schema: migration 15->16 complete
2026/09/06 08:53:25 schema: migration 16->17: add nullable target_machine_id to tokens for machine-bound Windows re-enrollment
2026/09/06 08:53:25 schema: migration 16->17 complete
2026/09/06 08:53:25 schema: migration 17->18: add nullable pending_secret_hash and pending_expires_at to agent_credentials for staged Windows re-enrollment handoff
2026/09/06 08:53:25 schema: migration 17->18 complete
2026/09/06 08:53:25 schema: migration 18->19: create hub_settings key/value table (AI Sessions feature switch)
2026/09/06 08:53:25 schema: migration 18->19 complete
2026/09/06 08:53:25 schema: migration 19->20: add mint_time_script and mint-time binding columns to tokens to bind join links to mint-time configuration
2026/09/06 08:53:25 schema: migration 19->20 complete
2026/09/06 08:53:25 schema: migration 20->21: scrub raw install tokens persisted in tokens.mint_time_script
2026/09/06 08:53:25 schema: migration 20->21 complete
2026/09/06 08:53:25 schema: all migrations applied — now at version 21
2026/09/06 08:53:28 agent credential revoked: machine_id=revoke-machine credential_existed=true connection_closed=false
2026/09/06 08:53:28 agent credential revoked: machine_id=revoke-machine credential_existed=false connection_closed=false
2026/09/06 08:53:28 schema: at version 0, target 21 — applying 21 migration(s)
2026/09/06 08:53:28 schema: migration 0->1: baseline schema: create all tables and indexes
2026/09/06 08:53:28 schema: migration 0->1 complete
2026/09/06 08:53:28 schema: migration 1->2: add tags, terminal_pin_hash, password_changed, pin_changed columns
2026/09/06 08:53:28 schema: migration 1->2 complete
2026/09/06 08:53:28 schema: migration 2->3: add agent_credentials table for durable enrollment
2026/09/06 08:53:28 schema: migration 2->3 complete
2026/09/06 08:53:28 schema: migration 3->4: add source_ip and user_id to terminal_sessions for audit logging
2026/09/06 08:53:28 schema: migration 3->4 complete
2026/09/06 08:53:28 schema: migration 4->5: add api_machines table for API-polled machines
2026/09/06 08:53:28 schema: migration 4->5 complete
2026/09/06 08:53:28 schema: migration 5->6: add tls_config to api_machines for per-machine TLS trust
2026/09/06 08:53:28 schema: migration 5->6 complete
2026/09/06 08:53:28 schema: migration 6->7: add role column to users for RBAC
2026/09/06 08:53:28 schema: migration 6->7 complete
2026/09/06 08:53:28 schema: migration 7->8: add hardware_info JSON column to machines for static spec snapshots
2026/09/06 08:53:28 schema: migration 7->8 complete
2026/09/06 08:53:28 schema: migration 8->9: add theme_name and theme_mode columns to users for per-user theme prefs
2026/09/06 08:53:28 schema: migration 8->9 complete
2026/09/06 08:53:28 schema: migration 9->10: create branding_config table for admin instance branding (Phase 10)
2026/09/06 08:53:28 schema: migration 9->10 complete
2026/09/06 08:53:28 schema: migration 10->11: Phase 11 — add per-user workflow personalization columns to users
2026/09/06 08:53:28 schema: migration 10->11 complete
2026/09/06 08:53:28 schema: migration 11->12: Phase 11 — create user_pinned_machines table
2026/09/06 08:53:28 schema: migration 11->12 complete
2026/09/06 08:53:28 schema: migration 12->13: Phase 11 — create user_saved_filters table
2026/09/06 08:53:28 schema: migration 12->13 complete
2026/09/06 08:53:28 schema: migration 13->14: Phase 11 — add welcome_message to branding_config
2026/09/06 08:53:29 schema: migration 13->14 complete
2026/09/06 08:53:29 schema: migration 14->15: Phase 12 — add notes column to machines
2026/09/06 08:53:29 schema: migration 14->15 complete
2026/09/06 08:53:29 schema: migration 15->16: Phase 12 — add cpu_temp_c column to metrics
2026/09/06 08:53:29 schema: migration 15->16 complete
2026/09/06 08:53:29 schema: migration 16->17: add nullable target_machine_id to tokens for machine-bound Windows re-enrollment
2026/09/06 08:53:29 schema: migration 16->17 complete
2026/09/06 08:53:29 schema: migration 17->18: add nullable pending_secret_hash and pending_expires_at to agent_credentials for staged Windows re-enrollment handoff
2026/09/06 08:53:29 schema: migration 17->18 complete
2026/09/06 08:53:29 schema: migration 18->19: create hub_settings key/value table (AI Sessions feature switch)
2026/09/06 08:53:29 schema: migration 18->19 complete
2026/09/06 08:53:29 schema: migration 19->20: add mint_time_script and mint-time binding columns to tokens to bind join links to mint-time configuration
2026/09/06 08:53:29 schema: migration 19->20 complete
2026/09/06 08:53:29 schema: migration 20->21: scrub raw install tokens persisted in tokens.mint_time_script
2026/09/06 08:53:29 schema: migration 20->21 complete
2026/09/06 08:53:29 schema: all migrations applied — now at version 21
2026/09/06 08:53:31 agent token validated successfully
2026/09/06 08:53:31 new agent issued enrollment secret, awaiting commit: test-host (revoke-machine)
2026/09/06 08:53:31 agent awaiting enrollment commit: test-host (revoke-machine)
2026/09/06 08:53:31 committed fresh enrollment and sent enrollment_confirmed: revoke-machine
2026/09/06 08:53:31 agent disconnected: websocket: close 1006 (abnormal closure): unexpected EOF
2026/09/06 08:53:31 agent offline: revoke-machine
2026/09/06 08:53:31 agent authenticated via secret: machine_id=revoke-machine
2026/09/06 08:53:32 agent disconnected: read tcp 127.0.0.1:43781->127.0.0.1:38520: use of closed network connection
2026/09/06 08:53:32 agent offline: revoke-machine
2026/09/06 08:53:32 agent credential revoked: machine_id=revoke-machine credential_existed=true connection_closed=true
2026/09/06 08:53:32 schema: at version 0, target 21 — applying 21 migration(s)
2026/09/06 08:53:32 schema: migration 0->1: baseline schema: create all tables and indexes
2026/09/06 08:53:32 schema: migration 0->1 complete
2026/09/06 08:53:32 schema: migration 1->2: add tags, terminal_pin_hash, password_changed, pin_changed columns
2026/09/06 08:53:32 schema: migration 1->2 complete
2026/09/06 08:53:32 schema: migration 2->3: add agent_credentials table for durable enrollment
2026/09/06 08:53:32 schema: migration 2->3 complete
2026/09/06 08:53:32 schema: migration 3->4: add source_ip and user_id to terminal_sessions for audit logging
2026/09/06 08:53:32 schema: migration 3->4 complete
2026/09/06 08:53:32 schema: migration 4->5: add api_machines table for API-polled machines
2026/09/06 08:53:32 schema: migration 4->5 complete
2026/09/06 08:53:32 schema: migration 5->6: add tls_config to api_machines for per-machine TLS trust
2026/09/06 08:53:32 schema: migration 5->6 complete
2026/09/06 08:53:32 schema: migration 6->7: add role column to users for RBAC
2026/09/06 08:53:32 schema: migration 6->7 complete
2026/09/06 08:53:32 schema: migration 7->8: add hardware_info JSON column to machines for static spec snapshots
2026/09/06 08:53:32 schema: migration 7->8 complete
2026/09/06 08:53:32 schema: migration 8->9: add theme_name and theme_mode columns to users for per-user theme prefs
2026/09/06 08:53:32 schema: migration 8->9 complete
2026/09/06 08:53:32 schema: migration 9->10: create branding_config table for admin instance branding (Phase 10)
2026/09/06 08:53:32 schema: migration 9->10 complete
2026/09/06 08:53:32 schema: migration 10->11: Phase 11 — add per-user workflow personalization columns to users
2026/09/06 08:53:32 schema: migration 10->11 complete
2026/09/06 08:53:32 schema: migration 11->12: Phase 11 — create user_pinned_machines table
2026/09/06 08:53:32 schema: migration 11->12 complete
2026/09/06 08:53:32 schema: migration 12->13: Phase 11 — create user_saved_filters table
2026/09/06 08:53:32 schema: migration 12->13 complete
2026/09/06 08:53:32 schema: migration 13->14: Phase 11 — add welcome_message to branding_config
2026/09/06 08:53:32 schema: migration 13->14 complete
2026/09/06 08:53:32 schema: migration 14->15: Phase 12 — add notes column to machines
2026/09/06 08:53:32 schema: migration 14->15 complete
2026/09/06 08:53:32 schema: migration 15->16: Phase 12 — add cpu_temp_c column to metrics
2026/09/06 08:53:32 schema: migration 15->16 complete
2026/09/06 08:53:32 schema: migration 16->17: add nullable target_machine_id to tokens for machine-bound Windows re-enrollment
2026/09/06 08:53:32 schema: migration 16->17 complete
2026/09/06 08:53:32 schema: migration 17->18: add nullable pending_secret_hash and pending_expires_at to agent_credentials for staged Windows re-enrollment handoff
2026/09/06 08:53:32 schema: migration 17->18 complete
2026/09/06 08:53:32 schema: migration 18->19: create hub_settings key/value table (AI Sessions feature switch)
2026/09/06 08:53:32 schema: migration 18->19 complete
2026/09/06 08:53:32 schema: migration 19->20: add mint_time_script and mint-time binding columns to tokens to bind join links to mint-time configuration
2026/09/06 08:53:32 schema: migration 19->20 complete
2026/09/06 08:53:32 schema: migration 20->21: scrub raw install tokens persisted in tokens.mint_time_script
2026/09/06 08:53:32 schema: migration 20->21 complete
2026/09/06 08:53:32 schema: all migrations applied — now at version 21
2026/09/06 08:53:35 agent token validated successfully
2026/09/06 08:53:35 new agent issued enrollment secret, awaiting commit: test-host (revoke-machine)
2026/09/06 08:53:35 agent awaiting enrollment commit: test-host (revoke-machine)
2026/09/06 08:53:35 committed fresh enrollment and sent enrollment_confirmed: revoke-machine
2026/09/06 08:53:35 agent disconnected: websocket: close 1006 (abnormal closure): unexpected EOF
2026/09/06 08:53:35 agent offline: revoke-machine
2026/09/06 08:53:36 agent credential revoked: machine_id=revoke-machine credential_existed=true connection_closed=false
2026/09/06 08:53:36 agent secret validation failed: invalid agent secret
2026/09/06 08:53:36 agent secret validation failed: invalid agent secret
2026/09/06 08:53:36 agent token validated successfully
2026/09/06 08:53:36 new agent issued enrollment secret, awaiting commit: test-host (revoke-machine)
2026/09/06 08:53:36 agent awaiting enrollment commit: test-host (revoke-machine)
2026/09/06 08:53:36 committed fresh enrollment and sent enrollment_confirmed: revoke-machine
2026/09/06 08:53:36 agent disconnected: websocket: close 1006 (abnormal closure): unexpected EOF
2026/09/06 08:53:36 agent offline: revoke-machine
2026/09/06 08:53:36 schema: at version 0, target 21 — applying 21 migration(s)
2026/09/06 08:53:36 schema: migration 0->1: baseline schema: create all tables and indexes
2026/09/06 08:53:36 schema: migration 0->1 complete
2026/09/06 08:53:36 schema: migration 1->2: add tags, terminal_pin_hash, password_changed, pin_changed columns
2026/09/06 08:53:36 schema: migration 1->2 complete
2026/09/06 08:53:36 schema: migration 2->3: add agent_credentials table for durable enrollment
2026/09/06 08:53:36 schema: migration 2->3 complete
2026/09/06 08:53:36 schema: migration 3->4: add source_ip and user_id to terminal_sessions for audit logging
2026/09/06 08:53:36 schema: migration 3->4 complete
2026/09/06 08:53:36 schema: migration 4->5: add api_machines table for API-polled machines
2026/09/06 08:53:36 schema: migration 4->5 complete
2026/09/06 08:53:36 schema: migration 5->6: add tls_config to api_machines for per-machine TLS trust
2026/09/06 08:53:36 schema: migration 5->6 complete
2026/09/06 08:53:36 schema: migration 6->7: add role column to users for RBAC
2026/09/06 08:53:36 schema: migration 6->7 complete
2026/09/06 08:53:36 schema: migration 7->8: add hardware_info JSON column to machines for static spec snapshots
2026/09/06 08:53:36 schema: migration 7->8 complete
2026/09/06 08:53:36 schema: migration 8->9: add theme_name and theme_mode columns to users for per-user theme prefs
2026/09/06 08:53:36 schema: migration 8->9 complete
2026/09/06 08:53:36 schema: migration 9->10: create branding_config table for admin instance branding (Phase 10)
2026/09/06 08:53:36 schema: migration 9->10 complete
2026/09/06 08:53:36 schema: migration 10->11: Phase 11 — add per-user workflow personalization columns to users
2026/09/06 08:53:36 schema: migration 10->11 complete
2026/09/06 08:53:36 schema: migration 11->12: Phase 11 — create user_pinned_machines table
2026/09/06 08:53:36 schema: migration 11->12 complete
2026/09/06 08:53:36 schema: migration 12->13: Phase 11 — create user_saved_filters table
2026/09/06 08:53:36 schema: migration 12->13 complete
2026/09/06 08:53:36 schema: migration 13->14: Phase 11 — add welcome_message to branding_config
2026/09/06 08:53:36 schema: migration 13->14 complete
2026/09/06 08:53:36 schema: migration 14->15: Phase 12 — add notes column to machines
2026/09/06 08:53:36 schema: migration 14->15 complete
2026/09/06 08:53:36 schema: migration 15->16: Phase 12 — add cpu_temp_c column to metrics
2026/09/06 08:53:36 schema: migration 15->16 complete
2026/09/06 08:53:36 schema: migration 16->17: add nullable target_machine_id to tokens for machine-bound Windows re-enrollment
2026/09/06 08:53:36 schema: migration 16->17 complete
2026/09/06 08:53:36 schema: migration 17->18: add nullable pending_secret_hash and pending_expires_at to agent_credentials for staged Windows re-enrollment handoff
2026/09/06 08:53:36 schema: migration 17->18 complete
2026/09/06 08:53:36 schema: migration 18->19: create hub_settings key/value table (AI Sessions feature switch)
2026/09/06 08:53:36 schema: migration 18->19 complete
2026/09/06 08:53:36 schema: migration 19->20: add mint_time_script and mint-time binding columns to tokens to bind join links to mint-time configuration
2026/09/06 08:53:36 schema: migration 19->20 complete
2026/09/06 08:53:36 schema: migration 20->21: scrub raw install tokens persisted in tokens.mint_time_script
2026/09/06 08:53:36 schema: migration 20->21 complete
2026/09/06 08:53:36 schema: all migrations applied — now at version 21
2026/09/06 08:53:38 schema: at version 0, target 21 — applying 21 migration(s)
2026/09/06 08:53:38 schema: migration 0->1: baseline schema: create all tables and indexes
2026/09/06 08:53:39 schema: migration 0->1 complete
2026/09/06 08:53:39 schema: migration 1->2: add tags, terminal_pin_hash, password_changed, pin_changed columns
2026/09/06 08:53:39 schema: migration 1->2 complete
2026/09/06 08:53:39 schema: migration 2->3: add agent_credentials table for durable enrollment
2026/09/06 08:53:39 schema: migration 2->3 complete
2026/09/06 08:53:39 schema: migration 3->4: add source_ip and user_id to terminal_sessions for audit logging
2026/09/06 08:53:39 schema: migration 3->4 complete
2026/09/06 08:53:39 schema: migration 4->5: add api_machines table for API-polled machines
2026/09/06 08:53:39 schema: migration 4->5 complete
2026/09/06 08:53:39 schema: migration 5->6: add tls_config to api_machines for per-machine TLS trust
2026/09/06 08:53:39 schema: migration 5->6 complete
2026/09/06 08:53:39 schema: migration 6->7: add role column to users for RBAC
2026/09/06 08:53:39 schema: migration 6->7 complete
2026/09/06 08:53:39 schema: migration 7->8: add hardware_info JSON column to machines for static spec snapshots
2026/09/06 08:53:39 schema: migration 7->8 complete
2026/09/06 08:53:39 schema: migration 8->9: add theme_name and theme_mode columns to users for per-user theme prefs
2026/09/06 08:53:39 schema: migration 8->9 complete
2026/09/06 08:53:39 schema: migration 9->10: create branding_config table for admin instance branding (Phase 10)
2026/09/06 08:53:39 schema: migration 9->10 complete
2026/09/06 08:53:39 schema: migration 10->11: Phase 11 — add per-user workflow personalization columns to users
2026/09/06 08:53:39 schema: migration 10->11 complete
2026/09/06 08:53:39 schema: migration 11->12: Phase 11 — create user_pinned_machines table
2026/09/06 08:53:39 schema: migration 11->12 complete
2026/09/06 08:53:39 schema: migration 12->13: Phase 11 — create user_saved_filters table
2026/09/06 08:53:39 schema: migration 12->13 complete
2026/09/06 08:53:39 schema: migration 13->14: Phase 11 — add welcome_message to branding_config
2026/09/06 08:53:39 schema: migration 13->14 complete
2026/09/06 08:53:39 schema: migration 14->15: Phase 12 — add notes column to machines
2026/09/06 08:53:39 schema: migration 14->15 complete
2026/09/06 08:53:39 schema: migration 15->16: Phase 12 — add cpu_temp_c column to metrics
2026/09/06 08:53:39 schema: migration 15->16 complete
2026/09/06 08:53:39 schema: migration 16->17: add nullable target_machine_id to tokens for machine-bound Windows re-enrollment
2026/09/06 08:53:39 schema: migration 16->17 complete
2026/09/06 08:53:39 schema: migration 17->18: add nullable pending_secret_hash and pending_expires_at to agent_credentials for staged Windows re-enrollment handoff
2026/09/06 08:53:39 schema: migration 17->18 complete
2026/09/06 08:53:39 schema: migration 18->19: create hub_settings key/value table (AI Sessions feature switch)
2026/09/06 08:53:39 schema: migration 18->19 complete
2026/09/06 08:53:39 schema: migration 19->20: add mint_time_script and mint-time binding columns to tokens to bind join links to mint-time configuration
2026/09/06 08:53:39 schema: migration 19->20 complete
2026/09/06 08:53:39 schema: migration 20->21: scrub raw install tokens persisted in tokens.mint_time_script
2026/09/06 08:53:39 schema: migration 20->21 complete
2026/09/06 08:53:39 schema: all migrations applied — now at version 21
2026/09/06 08:53:41 agent token validated successfully
2026/09/06 08:53:41 new agent issued enrollment secret, awaiting commit: test-host (fresh-hash-machine)
2026/09/06 08:53:41 agent awaiting enrollment commit: test-host (fresh-hash-machine)
2026/09/06 08:53:41 committed fresh enrollment and sent enrollment_confirmed: fresh-hash-machine
2026/09/06 08:53:41 agent disconnected: read tcp 127.0.0.1:41729->127.0.0.1:43240: read: connection reset by peer
2026/09/06 08:53:41 agent offline: fresh-hash-machine
2026/09/06 08:53:41 schema: at version 0, target 21 — applying 21 migration(s)
2026/09/06 08:53:41 schema: migration 0->1: baseline schema: create all tables and indexes
2026/09/06 08:53:41 schema: migration 0->1 complete
2026/09/06 08:53:41 schema: migration 1->2: add tags, terminal_pin_hash, password_changed, pin_changed columns
2026/09/06 08:53:41 schema: migration 1->2 complete
2026/09/06 08:53:41 schema: migration 2->3: add agent_credentials table for durable enrollment
2026/09/06 08:53:41 schema: migration 2->3 complete
2026/09/06 08:53:41 schema: migration 3->4: add source_ip and user_id to terminal_sessions for audit logging
2026/09/06 08:53:41 schema: migration 3->4 complete
2026/09/06 08:53:41 schema: migration 4->5: add api_machines table for API-polled machines
2026/09/06 08:53:41 schema: migration 4->5 complete
2026/09/06 08:53:41 schema: migration 5->6: add tls_config to api_machines for per-machine TLS trust
2026/09/06 08:53:41 schema: migration 5->6 complete
2026/09/06 08:53:41 schema: migration 6->7: add role column to users for RBAC
2026/09/06 08:53:41 schema: migration 6->7 complete
2026/09/06 08:53:41 schema: migration 7->8: add hardware_info JSON column to machines for static spec snapshots
2026/09/06 08:53:41 schema: migration 7->8 complete
2026/09/06 08:53:41 schema: migration 8->9: add theme_name and theme_mode columns to users for per-user theme prefs
2026/09/06 08:53:41 schema: migration 8->9 complete
2026/09/06 08:53:41 schema: migration 9->10: create branding_config table for admin instance branding (Phase 10)
2026/09/06 08:53:41 schema: migration 9->10 complete
2026/09/06 08:53:41 schema: migration 10->11: Phase 11 — add per-user workflow personalization columns to users
2026/09/06 08:53:41 schema: migration 10->11 complete
2026/09/06 08:53:41 schema: migration 11->12: Phase 11 — create user_pinned_machines table
2026/09/06 08:53:41 schema: migration 11->12 complete
2026/09/06 08:53:41 schema: migration 12->13: Phase 11 — create user_saved_filters table
2026/09/06 08:53:41 schema: migration 12->13 complete
2026/09/06 08:53:41 schema: migration 13->14: Phase 11 — add welcome_message to branding_config
2026/09/06 08:53:41 schema: migration 13->14 complete
2026/09/06 08:53:41 schema: migration 14->15: Phase 12 — add notes column to machines
2026/09/06 08:53:41 schema: migration 14->15 complete
2026/09/06 08:53:41 schema: migration 15->16: Phase 12 — add cpu_temp_c column to metrics
2026/09/06 08:53:41 schema: migration 15->16 complete
2026/09/06 08:53:41 schema: migration 16->17: add nullable target_machine_id to tokens for machine-bound Windows re-enrollment
2026/09/06 08:53:41 schema: migration 16->17 complete
2026/09/06 08:53:41 schema: migration 17->18: add nullable pending_secret_hash and pending_expires_at to agent_credentials for staged Windows re-enrollment handoff
2026/09/06 08:53:42 schema: migration 17->18 complete
2026/09/06 08:53:42 schema: migration 18->19: create hub_settings key/value table (AI Sessions feature switch)
2026/09/06 08:53:42 schema: migration 18->19 complete
2026/09/06 08:53:42 schema: migration 19->20: add mint_time_script and mint-time binding columns to tokens to bind join links to mint-time configuration
2026/09/06 08:53:42 schema: migration 19->20 complete
2026/09/06 08:53:42 schema: migration 20->21: scrub raw install tokens persisted in tokens.mint_time_script
2026/09/06 08:53:42 schema: migration 20->21 complete
2026/09/06 08:53:42 schema: all migrations applied — now at version 21
2026/09/06 08:53:44 agent token validated successfully
2026/09/06 08:53:44 new agent issued enrollment secret, awaiting commit: test-host (staged-hash-machine)
2026/09/06 08:53:44 agent awaiting enrollment commit: test-host (staged-hash-machine)
2026/09/06 08:53:44 committed fresh enrollment and sent enrollment_confirmed: staged-hash-machine
2026/09/06 08:53:44 agent disconnected: websocket: close 1006 (abnormal closure): unexpected EOF
2026/09/06 08:53:44 agent offline: staged-hash-machine
2026/09/06 08:53:44 ai sessions: config to staged-hash-machine: write tcp 127.0.0.1:35389->127.0.0.1:42166: use of closed network connection
2026/09/06 08:53:45 agent token validated successfully
2026/09/06 08:53:45 targeted re-enrollment staged a pending credential: test-host (staged-hash-machine)
2026/09/06 08:53:45 agent registered: test-host (staged-hash-machine)
2026/09/06 08:53:45 promoted pending credential to active and sent enrollment_confirmed for staged-hash-machine
2026/09/06 08:53:45 agent disconnected: websocket: close 1006 (abnormal closure): unexpected EOF
2026/09/06 08:53:45 agent offline: staged-hash-machine
2026/09/06 08:53:45 schema: at version 0, target 21 — applying 21 migration(s)
2026/09/06 08:53:45 schema: migration 0->1: baseline schema: create all tables and indexes
2026/09/06 08:53:45 schema: migration 0->1 complete
2026/09/06 08:53:45 schema: migration 1->2: add tags, terminal_pin_hash, password_changed, pin_changed columns
2026/09/06 08:53:45 schema: migration 1->2 complete
2026/09/06 08:53:45 schema: migration 2->3: add agent_credentials table for durable enrollment
2026/09/06 08:53:45 schema: migration 2->3 complete
2026/09/06 08:53:45 schema: migration 3->4: add source_ip and user_id to terminal_sessions for audit logging
2026/09/06 08:53:45 schema: migration 3->4 complete
2026/09/06 08:53:45 schema: migration 4->5: add api_machines table for API-polled machines
2026/09/06 08:53:45 schema: migration 4->5 complete
2026/09/06 08:53:45 schema: migration 5->6: add tls_config to api_machines for per-machine TLS trust
2026/09/06 08:53:45 schema: migration 5->6 complete
2026/09/06 08:53:45 schema: migration 6->7: add role column to users for RBAC
2026/09/06 08:53:45 schema: migration 6->7 complete
2026/09/06 08:53:45 schema: migration 7->8: add hardware_info JSON column to machines for static spec snapshots
2026/09/06 08:53:45 schema: migration 7->8 complete
2026/09/06 08:53:45 schema: migration 8->9: add theme_name and theme_mode columns to users for per-user theme prefs
2026/09/06 08:53:45 schema: migration 8->9 complete
2026/09/06 08:53:45 schema: migration 9->10: create branding_config table for admin instance branding (Phase 10)
2026/09/06 08:53:45 schema: migration 9->10 complete
2026/09/06 08:53:45 schema: migration 10->11: Phase 11 — add per-user workflow personalization columns to users
2026/09/06 08:53:45 schema: migration 10->11 complete
2026/09/06 08:53:45 schema: migration 11->12: Phase 11 — create user_pinned_machines table
2026/09/06 08:53:45 schema: migration 11->12 complete
2026/09/06 08:53:45 schema: migration 12->13: Phase 11 — create user_saved_filters table
2026/09/06 08:53:45 schema: migration 12->13 complete
2026/09/06 08:53:45 schema: migration 13->14: Phase 11 — add welcome_message to branding_config
2026/09/06 08:53:45 schema: migration 13->14 complete
2026/09/06 08:53:45 schema: migration 14->15: Phase 12 — add notes column to machines
2026/09/06 08:53:45 schema: migration 14->15 complete
2026/09/06 08:53:45 schema: migration 15->16: Phase 12 — add cpu_temp_c column to metrics
2026/09/06 08:53:45 schema: migration 15->16 complete
2026/09/06 08:53:45 schema: migration 16->17: add nullable target_machine_id to tokens for machine-bound Windows re-enrollment
2026/09/06 08:53:45 schema: migration 16->17 complete
2026/09/06 08:53:45 schema: migration 17->18: add nullable pending_secret_hash and pending_expires_at to agent_credentials for staged Windows re-enrollment handoff
2026/09/06 08:53:45 schema: migration 17->18 complete
2026/09/06 08:53:45 schema: migration 18->19: create hub_settings key/value table (AI Sessions feature switch)
2026/09/06 08:53:45 schema: migration 18->19 complete
2026/09/06 08:53:45 schema: migration 19->20: add mint_time_script and mint-time binding columns to tokens to bind join links to mint-time configuration
2026/09/06 08:53:45 schema: migration 19->20 complete
2026/09/06 08:53:45 schema: migration 20->21: scrub raw install tokens persisted in tokens.mint_time_script
2026/09/06 08:53:45 schema: migration 20->21 complete
2026/09/06 08:53:45 schema: all migrations applied — now at version 21
2026/09/06 08:53:47 agent token validated successfully
2026/09/06 08:53:47 new agent issued enrollment secret, awaiting commit: test-host (pending-reconnect-hash-machine)
2026/09/06 08:53:47 agent awaiting enrollment commit: test-host (pending-reconnect-hash-machine)
2026/09/06 08:53:47 committed fresh enrollment and sent enrollment_confirmed: pending-reconnect-hash-machine
2026/09/06 08:53:47 agent disconnected: websocket: close 1006 (abnormal closure): unexpected EOF
2026/09/06 08:53:47 agent offline: pending-reconnect-hash-machine
2026/09/06 08:53:48 agent token validated successfully
2026/09/06 08:53:48 targeted re-enrollment staged a pending credential: test-host (pending-reconnect-hash-machine)
2026/09/06 08:53:48 agent registered: test-host (pending-reconnect-hash-machine)
2026/09/06 08:53:48 agent disconnected: websocket: close 1006 (abnormal closure): unexpected EOF
2026/09/06 08:53:48 agent offline: pending-reconnect-hash-machine
2026/09/06 08:53:48 agent authenticated via secret: machine_id=pending-reconnect-hash-machine
2026/09/06 08:53:48 sent enrollment_confirmed to pending-reconnect-hash-machine
2026/09/06 08:53:48 agent disconnected: websocket: close 1006 (abnormal closure): unexpected EOF
2026/09/06 08:53:48 agent offline: pending-reconnect-hash-machine
2026/09/06 08:53:49 schema: at version 0, target 21 — applying 21 migration(s)
2026/09/06 08:53:49 schema: migration 0->1: baseline schema: create all tables and indexes
2026/09/06 08:53:49 schema: migration 0->1 complete
2026/09/06 08:53:49 schema: migration 1->2: add tags, terminal_pin_hash, password_changed, pin_changed columns
2026/09/06 08:53:49 schema: migration 1->2 complete
2026/09/06 08:53:49 schema: migration 2->3: add agent_credentials table for durable enrollment
2026/09/06 08:53:49 schema: migration 2->3 complete
2026/09/06 08:53:49 schema: migration 3->4: add source_ip and user_id to terminal_sessions for audit logging
2026/09/06 08:53:49 schema: migration 3->4 complete
2026/09/06 08:53:49 schema: migration 4->5: add api_machines table for API-polled machines
2026/09/06 08:53:49 schema: migration 4->5 complete
2026/09/06 08:53:49 schema: migration 5->6: add tls_config to api_machines for per-machine TLS trust
2026/09/06 08:53:49 schema: migration 5->6 complete
2026/09/06 08:53:49 schema: migration 6->7: add role column to users for RBAC
2026/09/06 08:53:49 schema: migration 6->7 complete
2026/09/06 08:53:49 schema: migration 7->8: add hardware_info JSON column to machines for static spec snapshots
2026/09/06 08:53:49 schema: migration 7->8 complete
2026/09/06 08:53:49 schema: migration 8->9: add theme_name and theme_mode columns to users for per-user theme prefs
2026/09/06 08:53:49 schema: migration 8->9 complete
2026/09/06 08:53:49 schema: migration 9->10: create branding_config table for admin instance branding (Phase 10)
2026/09/06 08:53:49 schema: migration 9->10 complete
2026/09/06 08:53:49 schema: migration 10->11: Phase 11 — add per-user workflow personalization columns to users
2026/09/06 08:53:49 schema: migration 10->11 complete
2026/09/06 08:53:49 schema: migration 11->12: Phase 11 — create user_pinned_machines table
2026/09/06 08:53:49 schema: migration 11->12 complete
2026/09/06 08:53:49 schema: migration 12->13: Phase 11 — create user_saved_filters table
2026/09/06 08:53:49 schema: migration 12->13 complete
2026/09/06 08:53:49 schema: migration 13->14: Phase 11 — add welcome_message to branding_config
2026/09/06 08:53:49 schema: migration 13->14 complete
2026/09/06 08:53:49 schema: migration 14->15: Phase 12 — add notes column to machines
2026/09/06 08:53:49 schema: migration 14->15 complete
2026/09/06 08:53:49 schema: migration 15->16: Phase 12 — add cpu_temp_c column to metrics
2026/09/06 08:53:49 schema: migration 15->16 complete
2026/09/06 08:53:49 schema: migration 16->17: add nullable target_machine_id to tokens for machine-bound Windows re-enrollment
2026/09/06 08:53:49 schema: migration 16->17 complete
2026/09/06 08:53:49 schema: migration 17->18: add nullable pending_secret_hash and pending_expires_at to agent_credentials for staged Windows re-enrollment handoff
2026/09/06 08:53:49 schema: migration 17->18 complete
2026/09/06 08:53:49 schema: migration 18->19: create hub_settings key/value table (AI Sessions feature switch)
2026/09/06 08:53:49 schema: migration 18->19 complete
2026/09/06 08:53:49 schema: migration 19->20: add mint_time_script and mint-time binding columns to tokens to bind join links to mint-time configuration
2026/09/06 08:53:49 schema: migration 19->20 complete
2026/09/06 08:53:49 schema: migration 20->21: scrub raw install tokens persisted in tokens.mint_time_script
2026/09/06 08:53:49 schema: migration 20->21 complete
2026/09/06 08:53:49 schema: all migrations applied — now at version 21
2026/09/06 08:53:51 agent token validated successfully
2026/09/06 08:53:51 new agent issued enrollment secret, awaiting commit: test-host (lingering-token-hash-machine)
2026/09/06 08:53:51 agent awaiting enrollment commit: test-host (lingering-token-hash-machine)
2026/09/06 08:53:51 committed fresh enrollment and sent enrollment_confirmed: lingering-token-hash-machine
2026/09/06 08:53:51 agent disconnected: websocket: close 1006 (abnormal closure): unexpected EOF
2026/09/06 08:53:51 agent offline: lingering-token-hash-machine
2026/09/06 08:53:52 agent token validated successfully
2026/09/06 08:53:52 targeted re-enrollment staged a pending credential: test-host (lingering-token-hash-machine)
2026/09/06 08:53:52 agent registered: test-host (lingering-token-hash-machine)
2026/09/06 08:53:52 promoted pending credential to active and sent enrollment_confirmed for lingering-token-hash-machine
2026/09/06 08:53:52 agent disconnected: read tcp 127.0.0.1:43895->127.0.0.1:43914: read: connection reset by peer
2026/09/06 08:53:52 agent offline: lingering-token-hash-machine
2026/09/06 08:53:52 agent token validation deferred (may be reconnecting agent): token already used
2026/09/06 08:53:52 agent authenticated via secret: machine_id=lingering-token-hash-machine
2026/09/06 08:53:52 sent enrollment_confirmed to lingering-token-hash-machine
2026/09/06 08:53:52 agent disconnected: read tcp 127.0.0.1:43895->127.0.0.1:43920: read: connection reset by peer
2026/09/06 08:53:52 agent offline: lingering-token-hash-machine
2026/09/06 08:53:52 schema: at version 0, target 21 — applying 21 migration(s)
2026/09/06 08:53:52 schema: migration 0->1: baseline schema: create all tables and indexes
2026/09/06 08:53:52 schema: migration 0->1 complete
2026/09/06 08:53:52 schema: migration 1->2: add tags, terminal_pin_hash, password_changed, pin_changed columns
2026/09/06 08:53:52 schema: migration 1->2 complete
2026/09/06 08:53:52 schema: migration 2->3: add agent_credentials table for durable enrollment
2026/09/06 08:53:52 schema: migration 2->3 complete
2026/09/06 08:53:52 schema: migration 3->4: add source_ip and user_id to terminal_sessions for audit logging
2026/09/06 08:53:52 schema: migration 3->4 complete
2026/09/06 08:53:52 schema: migration 4->5: add api_machines table for API-polled machines
2026/09/06 08:53:52 schema: migration 4->5 complete
2026/09/06 08:53:52 schema: migration 5->6: add tls_config to api_machines for per-machine TLS trust
2026/09/06 08:53:52 schema: migration 5->6 complete
2026/09/06 08:53:52 schema: migration 6->7: add role column to users for RBAC
2026/09/06 08:53:52 schema: migration 6->7 complete
2026/09/06 08:53:52 schema: migration 7->8: add hardware_info JSON column to machines for static spec snapshots
2026/09/06 08:53:52 schema: migration 7->8 complete
2026/09/06 08:53:52 schema: migration 8->9: add theme_name and theme_mode columns to users for per-user theme prefs
2026/09/06 08:53:52 schema: migration 8->9 complete
2026/09/06 08:53:52 schema: migration 9->10: create branding_config table for admin instance branding (Phase 10)
2026/09/06 08:53:52 schema: migration 9->10 complete
2026/09/06 08:53:52 schema: migration 10->11: Phase 11 — add per-user workflow personalization columns to users
2026/09/06 08:53:53 schema: migration 10->11 complete
2026/09/06 08:53:53 schema: migration 11->12: Phase 11 — create user_pinned_machines table
2026/09/06 08:53:53 schema: migration 11->12 complete
2026/09/06 08:53:53 schema: migration 12->13: Phase 11 — create user_saved_filters table
2026/09/06 08:53:53 schema: migration 12->13 complete
2026/09/06 08:53:53 schema: migration 13->14: Phase 11 — add welcome_message to branding_config
2026/09/06 08:53:53 schema: migration 13->14 complete
2026/09/06 08:53:53 schema: migration 14->15: Phase 12 — add notes column to machines
2026/09/06 08:53:53 schema: migration 14->15 complete
2026/09/06 08:53:53 schema: migration 15->16: Phase 12 — add cpu_temp_c column to metrics
2026/09/06 08:53:53 schema: migration 15->16 complete
2026/09/06 08:53:53 schema: migration 16->17: add nullable target_machine_id to tokens for machine-bound Windows re-enrollment
2026/09/06 08:53:53 schema: migration 16->17 complete
2026/09/06 08:53:53 schema: migration 17->18: add nullable pending_secret_hash and pending_expires_at to agent_credentials for staged Windows re-enrollment handoff
2026/09/06 08:53:53 schema: migration 17->18 complete
2026/09/06 08:53:53 schema: migration 18->19: create hub_settings key/value table (AI Sessions feature switch)
2026/09/06 08:53:53 schema: migration 18->19 complete
2026/09/06 08:53:53 schema: migration 19->20: add mint_time_script and mint-time binding columns to tokens to bind join links to mint-time configuration
2026/09/06 08:53:53 schema: migration 19->20 complete
2026/09/06 08:53:53 schema: migration 20->21: scrub raw install tokens persisted in tokens.mint_time_script
2026/09/06 08:53:53 schema: migration 20->21 complete
2026/09/06 08:53:53 schema: all migrations applied — now at version 21
2026/09/06 08:53:55 agent token validated successfully
2026/09/06 08:53:55 new agent issued enrollment secret, awaiting commit: test-host (stale-ack-hash-machine)
2026/09/06 08:53:55 agent awaiting enrollment commit: test-host (stale-ack-hash-machine)
2026/09/06 08:53:55 committed fresh enrollment and sent enrollment_confirmed: stale-ack-hash-machine
2026/09/06 08:53:55 agent disconnected: websocket: close 1006 (abnormal closure): unexpected EOF
2026/09/06 08:53:55 agent offline: stale-ack-hash-machine
2026/09/06 08:53:56 agent token validated successfully
2026/09/06 08:53:56 targeted re-enrollment staged a pending credential: test-host (stale-ack-hash-machine)
2026/09/06 08:53:56 agent registered: test-host (stale-ack-hash-machine)
2026/09/06 08:53:56 pending credential for stale-ack-hash-machine no longer matches or has expired — closing connection so it can retry
2026/09/06 08:53:56 agent offline: stale-ack-hash-machine
2026/09/06 08:53:56 schema: at version 0, target 21 — applying 21 migration(s)
2026/09/06 08:53:56 schema: migration 0->1: baseline schema: create all tables and indexes
2026/09/06 08:53:56 schema: migration 0->1 complete
2026/09/06 08:53:56 schema: migration 1->2: add tags, terminal_pin_hash, password_changed, pin_changed columns
2026/09/06 08:53:56 schema: migration 1->2 complete
2026/09/06 08:53:56 schema: migration 2->3: add agent_credentials table for durable enrollment
2026/09/06 08:53:56 schema: migration 2->3 complete
2026/09/06 08:53:56 schema: migration 3->4: add source_ip and user_id to terminal_sessions for audit logging
2026/09/06 08:53:56 schema: migration 3->4 complete
2026/09/06 08:53:56 schema: migration 4->5: add api_machines table for API-polled machines
2026/09/06 08:53:56 schema: migration 4->5 complete
2026/09/06 08:53:56 schema: migration 5->6: add tls_config to api_machines for per-machine TLS trust
2026/09/06 08:53:56 schema: migration 5->6 complete
2026/09/06 08:53:56 schema: migration 6->7: add role column to users for RBAC
2026/09/06 08:53:56 schema: migration 6->7 complete
2026/09/06 08:53:56 schema: migration 7->8: add hardware_info JSON column to machines for static spec snapshots
2026/09/06 08:53:56 schema: migration 7->8 complete
2026/09/06 08:53:56 schema: migration 8->9: add theme_name and theme_mode columns to users for per-user theme prefs
2026/09/06 08:53:56 schema: migration 8->9 complete
2026/09/06 08:53:56 schema: migration 9->10: create branding_config table for admin instance branding (Phase 10)
2026/09/06 08:53:56 schema: migration 9->10 complete
2026/09/06 08:53:56 schema: migration 10->11: Phase 11 — add per-user workflow personalization columns to users
2026/09/06 08:53:56 schema: migration 10->11 complete
2026/09/06 08:53:56 schema: migration 11->12: Phase 11 — create user_pinned_machines table
2026/09/06 08:53:56 schema: migration 11->12 complete
2026/09/06 08:53:56 schema: migration 12->13: Phase 11 — create user_saved_filters table
2026/09/06 08:53:56 schema: migration 12->13 complete
2026/09/06 08:53:56 schema: migration 13->14: Phase 11 — add welcome_message to branding_config
2026/09/06 08:53:56 schema: migration 13->14 complete
2026/09/06 08:53:56 schema: migration 14->15: Phase 12 — add notes column to machines
2026/09/06 08:53:56 schema: migration 14->15 complete
2026/09/06 08:53:56 schema: migration 15->16: Phase 12 — add cpu_temp_c column to metrics
2026/09/06 08:53:56 schema: migration 15->16 complete
2026/09/06 08:53:56 schema: migration 16->17: add nullable target_machine_id to tokens for machine-bound Windows re-enrollment
2026/09/06 08:53:56 schema: migration 16->17 complete
2026/09/06 08:53:56 schema: migration 17->18: add nullable pending_secret_hash and pending_expires_at to agent_credentials for staged Windows re-enrollment handoff
2026/09/06 08:53:56 schema: migration 17->18 complete
2026/09/06 08:53:56 schema: migration 18->19: create hub_settings key/value table (AI Sessions feature switch)
2026/09/06 08:53:56 schema: migration 18->19 complete
2026/09/06 08:53:56 schema: migration 19->20: add mint_time_script and mint-time binding columns to tokens to bind join links to mint-time configuration
2026/09/06 08:53:56 schema: migration 19->20 complete
2026/09/06 08:53:56 schema: migration 20->21: scrub raw install tokens persisted in tokens.mint_time_script
2026/09/06 08:53:56 schema: migration 20->21 complete
2026/09/06 08:53:56 schema: all migrations applied — now at version 21
2026/09/06 08:53:59 agent token validated successfully
2026/09/06 08:53:59 new agent issued enrollment secret, awaiting commit: test-host (machine-A)
2026/09/06 08:53:59 agent awaiting enrollment commit: test-host (machine-A)
2026/09/06 08:53:59 committed fresh enrollment and sent enrollment_confirmed: machine-A
2026/09/06 08:53:59 agent disconnected: websocket: close 1006 (abnormal closure): unexpected EOF
2026/09/06 08:53:59 agent offline: machine-A
2026/09/06 08:53:59 agent token validated successfully
2026/09/06 08:53:59 rejecting enrollment for test-host (machine-A): machine already has a durable credential; revoke before re-enrolling
2026/09/06 08:53:59 schema: at version 0, target 21 — applying 21 migration(s)
2026/09/06 08:53:59 schema: migration 0->1: baseline schema: create all tables and indexes
2026/09/06 08:53:59 schema: migration 0->1 complete
2026/09/06 08:53:59 schema: migration 1->2: add tags, terminal_pin_hash, password_changed, pin_changed columns
2026/09/06 08:53:59 schema: migration 1->2 complete
2026/09/06 08:53:59 schema: migration 2->3: add agent_credentials table for durable enrollment
2026/09/06 08:53:59 schema: migration 2->3 complete
2026/09/06 08:53:59 schema: migration 3->4: add source_ip and user_id to terminal_sessions for audit logging
2026/09/06 08:53:59 schema: migration 3->4 complete
2026/09/06 08:53:59 schema: migration 4->5: add api_machines table for API-polled machines
2026/09/06 08:53:59 schema: migration 4->5 complete
2026/09/06 08:53:59 schema: migration 5->6: add tls_config to api_machines for per-machine TLS trust
2026/09/06 08:53:59 schema: migration 5->6 complete
2026/09/06 08:53:59 schema: migration 6->7: add role column to users for RBAC
2026/09/06 08:53:59 schema: migration 6->7 complete
2026/09/06 08:53:59 schema: migration 7->8: add hardware_info JSON column to machines for static spec snapshots
2026/09/06 08:53:59 schema: migration 7->8 complete
2026/09/06 08:53:59 schema: migration 8->9: add theme_name and theme_mode columns to users for per-user theme prefs
2026/09/06 08:53:59 schema: migration 8->9 complete
2026/09/06 08:53:59 schema: migration 9->10: create branding_config table for admin instance branding (Phase 10)
2026/09/06 08:53:59 schema: migration 9->10 complete
2026/09/06 08:53:59 schema: migration 10->11: Phase 11 — add per-user workflow personalization columns to users
2026/09/06 08:53:59 schema: migration 10->11 complete
2026/09/06 08:53:59 schema: migration 11->12: Phase 11 — create user_pinned_machines table
2026/09/06 08:53:59 schema: migration 11->12 complete
2026/09/06 08:53:59 schema: migration 12->13: Phase 11 — create user_saved_filters table
2026/09/06 08:53:59 schema: migration 12->13 complete
2026/09/06 08:53:59 schema: migration 13->14: Phase 11 — add welcome_message to branding_config
2026/09/06 08:53:59 schema: migration 13->14 complete
2026/09/06 08:53:59 schema: migration 14->15: Phase 12 — add notes column to machines
2026/09/06 08:53:59 schema: migration 14->15 complete
2026/09/06 08:53:59 schema: migration 15->16: Phase 12 — add cpu_temp_c column to metrics
2026/09/06 08:53:59 schema: migration 15->16 complete
2026/09/06 08:53:59 schema: migration 16->17: add nullable target_machine_id to tokens for machine-bound Windows re-enrollment
2026/09/06 08:53:59 schema: migration 16->17 complete
2026/09/06 08:53:59 schema: migration 17->18: add nullable pending_secret_hash and pending_expires_at to agent_credentials for staged Windows re-enrollment handoff
2026/09/06 08:53:59 schema: migration 17->18 complete
2026/09/06 08:53:59 schema: migration 18->19: create hub_settings key/value table (AI Sessions feature switch)
2026/09/06 08:53:59 schema: migration 18->19 complete
2026/09/06 08:53:59 schema: migration 19->20: add mint_time_script and mint-time binding columns to tokens to bind join links to mint-time configuration
2026/09/06 08:53:59 schema: migration 19->20 complete
2026/09/06 08:53:59 schema: migration 20->21: scrub raw install tokens persisted in tokens.mint_time_script
2026/09/06 08:53:59 schema: migration 20->21 complete
2026/09/06 08:53:59 schema: all migrations applied — now at version 21
2026/09/06 08:54:02 schema: at version 0, target 21 — applying 21 migration(s)
2026/09/06 08:54:02 schema: migration 0->1: baseline schema: create all tables and indexes
2026/09/06 08:54:03 schema: migration 0->1 complete
2026/09/06 08:54:03 schema: migration 1->2: add tags, terminal_pin_hash, password_changed, pin_changed columns
2026/09/06 08:54:03 schema: migration 1->2 complete
2026/09/06 08:54:03 schema: migration 2->3: add agent_credentials table for durable enrollment
2026/09/06 08:54:03 schema: migration 2->3 complete
2026/09/06 08:54:03 schema: migration 3->4: add source_ip and user_id to terminal_sessions for audit logging
2026/09/06 08:54:03 schema: migration 3->4 complete
2026/09/06 08:54:03 schema: migration 4->5: add api_machines table for API-polled machines
2026/09/06 08:54:03 schema: migration 4->5 complete
2026/09/06 08:54:03 schema: migration 5->6: add tls_config to api_machines for per-machine TLS trust
2026/09/06 08:54:03 schema: migration 5->6 complete
2026/09/06 08:54:03 schema: migration 6->7: add role column to users for RBAC
2026/09/06 08:54:03 schema: migration 6->7 complete
2026/09/06 08:54:03 schema: migration 7->8: add hardware_info JSON column to machines for static spec snapshots
2026/09/06 08:54:03 schema: migration 7->8 complete
2026/09/06 08:54:03 schema: migration 8->9: add theme_name and theme_mode columns to users for per-user theme prefs
2026/09/06 08:54:03 schema: migration 8->9 complete
2026/09/06 08:54:03 schema: migration 9->10: create branding_config table for admin instance branding (Phase 10)
2026/09/06 08:54:03 schema: migration 9->10 complete
2026/09/06 08:54:03 schema: migration 10->11: Phase 11 — add per-user workflow personalization columns to users
2026/09/06 08:54:03 schema: migration 10->11 complete
2026/09/06 08:54:03 schema: migration 11->12: Phase 11 — create user_pinned_machines table
2026/09/06 08:54:03 schema: migration 11->12 complete
2026/09/06 08:54:03 schema: migration 12->13: Phase 11 — create user_saved_filters table
2026/09/06 08:54:03 schema: migration 12->13 complete
2026/09/06 08:54:03 schema: migration 13->14: Phase 11 — add welcome_message to branding_config
2026/09/06 08:54:03 schema: migration 13->14 complete
2026/09/06 08:54:03 schema: migration 14->15: Phase 12 — add notes column to machines
2026/09/06 08:54:03 schema: migration 14->15 complete
2026/09/06 08:54:03 schema: migration 15->16: Phase 12 — add cpu_temp_c column to metrics
2026/09/06 08:54:03 schema: migration 15->16 complete
2026/09/06 08:54:03 schema: migration 16->17: add nullable target_machine_id to tokens for machine-bound Windows re-enrollment
2026/09/06 08:54:03 schema: migration 16->17 complete
2026/09/06 08:54:03 schema: migration 17->18: add nullable pending_secret_hash and pending_expires_at to agent_credentials for staged Windows re-enrollment handoff
2026/09/06 08:54:03 schema: migration 17->18 complete
2026/09/06 08:54:03 schema: migration 18->19: create hub_settings key/value table (AI Sessions feature switch)
2026/09/06 08:54:03 schema: migration 18->19 complete
2026/09/06 08:54:03 schema: migration 19->20: add mint_time_script and mint-time binding columns to tokens to bind join links to mint-time configuration
2026/09/06 08:54:03 schema: migration 19->20 complete
2026/09/06 08:54:03 schema: migration 20->21: scrub raw install tokens persisted in tokens.mint_time_script
2026/09/06 08:54:03 schema: migration 20->21 complete
2026/09/06 08:54:03 schema: all migrations applied — now at version 21
2026/09/06 08:54:06 schema: at version 0, target 21 — applying 21 migration(s)
2026/09/06 08:54:06 schema: migration 0->1: baseline schema: create all tables and indexes
2026/09/06 08:54:06 schema: migration 0->1 complete
2026/09/06 08:54:06 schema: migration 1->2: add tags, terminal_pin_hash, password_changed, pin_changed columns
2026/09/06 08:54:06 schema: migration 1->2 complete
2026/09/06 08:54:06 schema: migration 2->3: add agent_credentials table for durable enrollment
2026/09/06 08:54:06 schema: migration 2->3 complete
2026/09/06 08:54:06 schema: migration 3->4: add source_ip and user_id to terminal_sessions for audit logging
2026/09/06 08:54:06 schema: migration 3->4 complete
2026/09/06 08:54:06 schema: migration 4->5: add api_machines table for API-polled machines
2026/09/06 08:54:06 schema: migration 4->5 complete
2026/09/06 08:54:06 schema: migration 5->6: add tls_config to api_machines for per-machine TLS trust
2026/09/06 08:54:06 schema: migration 5->6 complete
2026/09/06 08:54:06 schema: migration 6->7: add role column to users for RBAC
2026/09/06 08:54:06 schema: migration 6->7 complete
2026/09/06 08:54:06 schema: migration 7->8: add hardware_info JSON column to machines for static spec snapshots
2026/09/06 08:54:06 schema: migration 7->8 complete
2026/09/06 08:54:06 schema: migration 8->9: add theme_name and theme_mode columns to users for per-user theme prefs
2026/09/06 08:54:06 schema: migration 8->9 complete
2026/09/06 08:54:06 schema: migration 9->10: create branding_config table for admin instance branding (Phase 10)
2026/09/06 08:54:06 schema: migration 9->10 complete
2026/09/06 08:54:06 schema: migration 10->11: Phase 11 — add per-user workflow personalization columns to users
2026/09/06 08:54:06 schema: migration 10->11 complete
2026/09/06 08:54:06 schema: migration 11->12: Phase 11 — create user_pinned_machines table
2026/09/06 08:54:06 schema: migration 11->12 complete
2026/09/06 08:54:06 schema: migration 12->13: Phase 11 — create user_saved_filters table
2026/09/06 08:54:06 schema: migration 12->13 complete
2026/09/06 08:54:06 schema: migration 13->14: Phase 11 — add welcome_message to branding_config
2026/09/06 08:54:06 schema: migration 13->14 complete
2026/09/06 08:54:06 schema: migration 14->15: Phase 12 — add notes column to machines
2026/09/06 08:54:06 schema: migration 14->15 complete
2026/09/06 08:54:06 schema: migration 15->16: Phase 12 — add cpu_temp_c column to metrics
2026/09/06 08:54:07 schema: migration 15->16 complete
2026/09/06 08:54:07 schema: migration 16->17: add nullable target_machine_id to tokens for machine-bound Windows re-enrollment
2026/09/06 08:54:07 schema: migration 16->17 complete
2026/09/06 08:54:07 schema: migration 17->18: add nullable pending_secret_hash and pending_expires_at to agent_credentials for staged Windows re-enrollment handoff
2026/09/06 08:54:07 schema: migration 17->18 complete
2026/09/06 08:54:07 schema: migration 18->19: create hub_settings key/value table (AI Sessions feature switch)
2026/09/06 08:54:07 schema: migration 18->19 complete
2026/09/06 08:54:07 schema: migration 19->20: add mint_time_script and mint-time binding columns to tokens to bind join links to mint-time configuration
2026/09/06 08:54:07 schema: migration 19->20 complete
2026/09/06 08:54:07 schema: migration 20->21: scrub raw install tokens persisted in tokens.mint_time_script
2026/09/06 08:54:07 schema: migration 20->21 complete
2026/09/06 08:54:07 schema: all migrations applied — now at version 21
2026/09/06 08:54:09 version: linux/amd64 agent binary resolved source=test:fixture path=/tmp/TestInstallScriptPinsAgentBinaryHash3881630823/001/bloxos-agent
2026/09/06 08:54:09 version: linux/arm64 agent binary unavailable: no trusted linux/arm64 agent binary: environment:BLOXOS_AGENT_BINARY (arch-verified) /tmp/TestInstallScriptPinsAgentBinaryHash3881630823/001/bloxos-agent: /tmp/TestInstallScriptPinsAgentBinaryHash3881630823/001/bloxos-agent is owned by uid 1001, want root; system-default /usr/local/lib/bloxos/linux/arm64/bloxos-agent: lstat /usr/local/lib/bloxos/linux/arm64/bloxos-agent: no such file or directory; system-default-legacy /usr/local/lib/bloxos/linux/bloxos-agent: lstat /usr/local/lib/bloxos/linux/bloxos-agent: no such file or directory; hub-executable-directory /tmp/go-build2081476035/b001/bloxos-agent: lstat /tmp/go-build2081476035/b001/bloxos-agent: no such file or directory
2026/09/06 08:54:09 schema: at version 0, target 21 — applying 21 migration(s)
2026/09/06 08:54:09 schema: migration 0->1: baseline schema: create all tables and indexes
2026/09/06 08:54:09 schema: migration 0->1 complete
2026/09/06 08:54:09 schema: migration 1->2: add tags, terminal_pin_hash, password_changed, pin_changed columns
2026/09/06 08:54:09 schema: migration 1->2 complete
2026/09/06 08:54:09 schema: migration 2->3: add agent_credentials table for durable enrollment
2026/09/06 08:54:09 schema: migration 2->3 complete
2026/09/06 08:54:09 schema: migration 3->4: add source_ip and user_id to terminal_sessions for audit logging
2026/09/06 08:54:09 schema: migration 3->4 complete
2026/09/06 08:54:09 schema: migration 4->5: add api_machines table for API-polled machines
2026/09/06 08:54:09 schema: migration 4->5 complete
2026/09/06 08:54:09 schema: migration 5->6: add tls_config to api_machines for per-machine TLS trust
2026/09/06 08:54:09 schema: migration 5->6 complete
2026/09/06 08:54:09 schema: migration 6->7: add role column to users for RBAC
2026/09/06 08:54:09 schema: migration 6->7 complete
2026/09/06 08:54:09 schema: migration 7->8: add hardware_info JSON column to machines for static spec snapshots
2026/09/06 08:54:09 schema: migration 7->8 complete
2026/09/06 08:54:09 schema: migration 8->9: add theme_name and theme_mode columns to users for per-user theme prefs
2026/09/06 08:54:09 schema: migration 8->9 complete
2026/09/06 08:54:09 schema: migration 9->10: create branding_config table for admin instance branding (Phase 10)
2026/09/06 08:54:09 schema: migration 9->10 complete
2026/09/06 08:54:09 schema: migration 10->11: Phase 11 — add per-user workflow personalization columns to users
2026/09/06 08:54:09 schema: migration 10->11 complete
2026/09/06 08:54:09 schema: migration 11->12: Phase 11 — create user_pinned_machines table
2026/09/06 08:54:09 schema: migration 11->12 complete
2026/09/06 08:54:09 schema: migration 12->13: Phase 11 — create user_saved_filters table
2026/09/06 08:54:09 schema: migration 12->13 complete
2026/09/06 08:54:09 schema: migration 13->14: Phase 11 — add welcome_message to branding_config
2026/09/06 08:54:09 schema: migration 13->14 complete
2026/09/06 08:54:09 schema: migration 14->15: Phase 12 — add notes column to machines
2026/09/06 08:54:09 schema: migration 14->15 complete
2026/09/06 08:54:09 schema: migration 15->16: Phase 12 — add cpu_temp_c column to metrics
2026/09/06 08:54:09 schema: migration 15->16 complete
2026/09/06 08:54:09 schema: migration 16->17: add nullable target_machine_id to tokens for machine-bound Windows re-enrollment
2026/09/06 08:54:09 schema: migration 16->17 complete
2026/09/06 08:54:09 schema: migration 17->18: add nullable pending_secret_hash and pending_expires_at to agent_credentials for staged Windows re-enrollment handoff
2026/09/06 08:54:09 schema: migration 17->18 complete
2026/09/06 08:54:09 schema: migration 18->19: create hub_settings key/value table (AI Sessions feature switch)
2026/09/06 08:54:09 schema: migration 18->19 complete
2026/09/06 08:54:09 schema: migration 19->20: add mint_time_script and mint-time binding columns to tokens to bind join links to mint-time configuration
2026/09/06 08:54:09 schema: migration 19->20 complete
2026/09/06 08:54:09 schema: migration 20->21: scrub raw install tokens persisted in tokens.mint_time_script
2026/09/06 08:54:09 schema: migration 20->21 complete
2026/09/06 08:54:09 schema: all migrations applied — now at version 21
2026/09/06 08:54:11 version: linux/amd64 agent binary resolved source=test:fixture path=/tmp/TestInstallScriptInstallsAgentBinaryAsRoot529756313/001/bloxos-agent
2026/09/06 08:54:11 version: linux/arm64 agent binary unavailable: no trusted linux/arm64 agent binary: system-default /usr/local/lib/bloxos/linux/arm64/bloxos-agent: lstat /usr/local/lib/bloxos/linux/arm64/bloxos-agent: no such file or directory; system-default-legacy /usr/local/lib/bloxos/linux/bloxos-agent: lstat /usr/local/lib/bloxos/linux/bloxos-agent: no such file or directory; hub-executable-directory /tmp/go-build2081476035/b001/bloxos-agent: lstat /tmp/go-build2081476035/b001/bloxos-agent: no such file or directory
2026/09/06 08:54:11 schema: at version 0, target 21 — applying 21 migration(s)
2026/09/06 08:54:11 schema: migration 0->1: baseline schema: create all tables and indexes
2026/09/06 08:54:12 schema: migration 0->1 complete
2026/09/06 08:54:12 schema: migration 1->2: add tags, terminal_pin_hash, password_changed, pin_changed columns
2026/09/06 08:54:12 schema: migration 1->2 complete
2026/09/06 08:54:12 schema: migration 2->3: add agent_credentials table for durable enrollment
2026/09/06 08:54:12 schema: migration 2->3 complete
2026/09/06 08:54:12 schema: migration 3->4: add source_ip and user_id to terminal_sessions for audit logging
2026/09/06 08:54:12 schema: migration 3->4 complete
2026/09/06 08:54:12 schema: migration 4->5: add api_machines table for API-polled machines
2026/09/06 08:54:12 schema: migration 4->5 complete
2026/09/06 08:54:12 schema: migration 5->6: add tls_config to api_machines for per-machine TLS trust
2026/09/06 08:54:12 schema: migration 5->6 complete
2026/09/06 08:54:12 schema: migration 6->7: add role column to users for RBAC
2026/09/06 08:54:12 schema: migration 6->7 complete
2026/09/06 08:54:12 schema: migration 7->8: add hardware_info JSON column to machines for static spec snapshots
2026/09/06 08:54:12 schema: migration 7->8 complete
2026/09/06 08:54:12 schema: migration 8->9: add theme_name and theme_mode columns to users for per-user theme prefs
2026/09/06 08:54:12 schema: migration 8->9 complete
2026/09/06 08:54:12 schema: migration 9->10: create branding_config table for admin instance branding (Phase 10)
2026/09/06 08:54:12 schema: migration 9->10 complete
2026/09/06 08:54:12 schema: migration 10->11: Phase 11 — add per-user workflow personalization columns to users
2026/09/06 08:54:12 schema: migration 10->11 complete
2026/09/06 08:54:12 schema: migration 11->12: Phase 11 — create user_pinned_machines table
2026/09/06 08:54:12 schema: migration 11->12 complete
2026/09/06 08:54:12 schema: migration 12->13: Phase 11 — create user_saved_filters table
2026/09/06 08:54:12 schema: migration 12->13 complete
2026/09/06 08:54:12 schema: migration 13->14: Phase 11 — add welcome_message to branding_config
2026/09/06 08:54:12 schema: migration 13->14 complete
2026/09/06 08:54:12 schema: migration 14->15: Phase 12 — add notes column to machines
2026/09/06 08:54:12 schema: migration 14->15 complete
2026/09/06 08:54:12 schema: migration 15->16: Phase 12 — add cpu_temp_c column to metrics
2026/09/06 08:54:12 schema: migration 15->16 complete
2026/09/06 08:54:12 schema: migration 16->17: add nullable target_machine_id to tokens for machine-bound Windows re-enrollment
2026/09/06 08:54:12 schema: migration 16->17 complete
2026/09/06 08:54:12 schema: migration 17->18: add nullable pending_secret_hash and pending_expires_at to agent_credentials for staged Windows re-enrollment handoff
2026/09/06 08:54:12 schema: migration 17->18 complete
2026/09/06 08:54:12 schema: migration 18->19: create hub_settings key/value table (AI Sessions feature switch)
2026/09/06 08:54:12 schema: migration 18->19 complete
2026/09/06 08:54:12 schema: migration 19->20: add mint_time_script and mint-time binding columns to tokens to bind join links to mint-time configuration
2026/09/06 08:54:12 schema: migration 19->20 complete
2026/09/06 08:54:12 schema: migration 20->21: scrub raw install tokens persisted in tokens.mint_time_script
2026/09/06 08:54:12 schema: migration 20->21 complete
2026/09/06 08:54:12 schema: all migrations applied — now at version 21
2026/09/06 08:54:14 version: windows/amd64 agent binary resolved source=test:fixture path=/tmp/TestWindowsInstallScriptPinsHashAndVerifiesBinaryDownload2931654095/001/bloxos-agent.exe
2026/09/06 08:54:14 schema: at version 0, target 21 — applying 21 migration(s)
2026/09/06 08:54:14 schema: migration 0->1: baseline schema: create all tables and indexes
2026/09/06 08:54:14 schema: migration 0->1 complete
2026/09/06 08:54:14 schema: migration 1->2: add tags, terminal_pin_hash, password_changed, pin_changed columns
2026/09/06 08:54:14 schema: migration 1->2 complete
2026/09/06 08:54:14 schema: migration 2->3: add agent_credentials table for durable enrollment
2026/09/06 08:54:14 schema: migration 2->3 complete
2026/09/06 08:54:14 schema: migration 3->4: add source_ip and user_id to terminal_sessions for audit logging
2026/09/06 08:54:14 schema: migration 3->4 complete
2026/09/06 08:54:14 schema: migration 4->5: add api_machines table for API-polled machines
2026/09/06 08:54:14 schema: migration 4->5 complete
2026/09/06 08:54:14 schema: migration 5->6: add tls_config to api_machines for per-machine TLS trust
2026/09/06 08:54:14 schema: migration 5->6 complete
2026/09/06 08:54:14 schema: migration 6->7: add role column to users for RBAC
2026/09/06 08:54:14 schema: migration 6->7 complete
2026/09/06 08:54:14 schema: migration 7->8: add hardware_info JSON column to machines for static spec snapshots
2026/09/06 08:54:14 schema: migration 7->8 complete
2026/09/06 08:54:14 schema: migration 8->9: add theme_name and theme_mode columns to users for per-user theme prefs
2026/09/06 08:54:14 schema: migration 8->9 complete
2026/09/06 08:54:14 schema: migration 9->10: create branding_config table for admin instance branding (Phase 10)
2026/09/06 08:54:14 schema: migration 9->10 complete
2026/09/06 08:54:14 schema: migration 10->11: Phase 11 — add per-user workflow personalization columns to users
2026/09/06 08:54:14 schema: migration 10->11 complete
2026/09/06 08:54:14 schema: migration 11->12: Phase 11 — create user_pinned_machines table
2026/09/06 08:54:14 schema: migration 11->12 complete
2026/09/06 08:54:14 schema: migration 12->13: Phase 11 — create user_saved_filters table
2026/09/06 08:54:14 schema: migration 12->13 complete
2026/09/06 08:54:14 schema: migration 13->14: Phase 11 — add welcome_message to branding_config
2026/09/06 08:54:14 schema: migration 13->14 complete
2026/09/06 08:54:14 schema: migration 14->15: Phase 12 — add notes column to machines
2026/09/06 08:54:14 schema: migration 14->15 complete
2026/09/06 08:54:14 schema: migration 15->16: Phase 12 — add cpu_temp_c column to metrics
2026/09/06 08:54:14 schema: migration 15->16 complete
2026/09/06 08:54:14 schema: migration 16->17: add nullable target_machine_id to tokens for machine-bound Windows re-enrollment
2026/09/06 08:54:14 schema: migration 16->17 complete
2026/09/06 08:54:14 schema: migration 17->18: add nullable pending_secret_hash and pending_expires_at to agent_credentials for staged Windows re-enrollment handoff
2026/09/06 08:54:14 schema: migration 17->18 complete
2026/09/06 08:54:14 schema: migration 18->19: create hub_settings key/value table (AI Sessions feature switch)
2026/09/06 08:54:14 schema: migration 18->19 complete
2026/09/06 08:54:14 schema: migration 19->20: add mint_time_script and mint-time binding columns to tokens to bind join links to mint-time configuration
2026/09/06 08:54:14 schema: migration 19->20 complete
2026/09/06 08:54:14 schema: migration 20->21: scrub raw install tokens persisted in tokens.mint_time_script
2026/09/06 08:54:14 schema: migration 20->21 complete
2026/09/06 08:54:14 schema: all migrations applied — now at version 21
2026/09/06 08:54:17 agent token validated successfully
2026/09/06 08:54:17 new agent issued enrollment secret, awaiting commit: test-host (fresh-commit-machine)
2026/09/06 08:54:17 agent awaiting enrollment commit: test-host (fresh-commit-machine)
2026/09/06 08:54:17 agent disconnected: websocket: close 1006 (abnormal closure): unexpected EOF
2026/09/06 08:54:17 agent offline: fresh-commit-machine
2026/09/06 08:54:17 agent token validated successfully
2026/09/06 08:54:17 new agent issued enrollment secret, awaiting commit: test-host (fresh-commit-machine)
2026/09/06 08:54:17 agent awaiting enrollment commit: test-host (fresh-commit-machine)
2026/09/06 08:54:17 committed fresh enrollment and sent enrollment_confirmed: fresh-commit-machine
2026/09/06 08:54:17 agent disconnected: websocket: close 1006 (abnormal closure): unexpected EOF
2026/09/06 08:54:17 agent offline: fresh-commit-machine
2026/09/06 08:54:17 schema: at version 0, target 21 — applying 21 migration(s)
2026/09/06 08:54:17 schema: migration 0->1: baseline schema: create all tables and indexes
2026/09/06 08:54:17 schema: migration 0->1 complete
2026/09/06 08:54:17 schema: migration 1->2: add tags, terminal_pin_hash, password_changed, pin_changed columns
2026/09/06 08:54:17 schema: migration 1->2 complete
2026/09/06 08:54:17 schema: migration 2->3: add agent_credentials table for durable enrollment
2026/09/06 08:54:17 schema: migration 2->3 complete
2026/09/06 08:54:17 schema: migration 3->4: add source_ip and user_id to terminal_sessions for audit logging
2026/09/06 08:54:17 schema: migration 3->4 complete
2026/09/06 08:54:17 schema: migration 4->5: add api_machines table for API-polled machines
2026/09/06 08:54:17 schema: migration 4->5 complete
2026/09/06 08:54:17 schema: migration 5->6: add tls_config to api_machines for per-machine TLS trust
2026/09/06 08:54:17 schema: migration 5->6 complete
2026/09/06 08:54:17 schema: migration 6->7: add role column to users for RBAC
2026/09/06 08:54:17 schema: migration 6->7 complete
2026/09/06 08:54:17 schema: migration 7->8: add hardware_info JSON column to machines for static spec snapshots
2026/09/06 08:54:17 schema: migration 7->8 complete
2026/09/06 08:54:17 schema: migration 8->9: add theme_name and theme_mode columns to users for per-user theme prefs
2026/09/06 08:54:17 schema: migration 8->9 complete
2026/09/06 08:54:17 schema: migration 9->10: create branding_config table for admin instance branding (Phase 10)
2026/09/06 08:54:17 schema: migration 9->10 complete
2026/09/06 08:54:17 schema: migration 10->11: Phase 11 — add per-user workflow personalization columns to users
2026/09/06 08:54:17 schema: migration 10->11 complete
2026/09/06 08:54:17 schema: migration 11->12: Phase 11 — create user_pinned_machines table
2026/09/06 08:54:17 schema: migration 11->12 complete
2026/09/06 08:54:17 schema: migration 12->13: Phase 11 — create user_saved_filters table
2026/09/06 08:54:17 schema: migration 12->13 complete
2026/09/06 08:54:17 schema: migration 13->14: Phase 11 — add welcome_message to branding_config
2026/09/06 08:54:17 schema: migration 13->14 complete
2026/09/06 08:54:17 schema: migration 14->15: Phase 12 — add notes column to machines
2026/09/06 08:54:17 schema: migration 14->15 complete
2026/09/06 08:54:17 schema: migration 15->16: Phase 12 — add cpu_temp_c column to metrics
2026/09/06 08:54:17 schema: migration 15->16 complete
2026/09/06 08:54:17 schema: migration 16->17: add nullable target_machine_id to tokens for machine-bound Windows re-enrollment
2026/09/06 08:54:17 schema: migration 16->17 complete
2026/09/06 08:54:17 schema: migration 17->18: add nullable pending_secret_hash and pending_expires_at to agent_credentials for staged Windows re-enrollment handoff
2026/09/06 08:54:17 schema: migration 17->18 complete
2026/09/06 08:54:17 schema: migration 18->19: create hub_settings key/value table (AI Sessions feature switch)
2026/09/06 08:54:17 schema: migration 18->19 complete
2026/09/06 08:54:17 schema: migration 19->20: add mint_time_script and mint-time binding columns to tokens to bind join links to mint-time configuration
2026/09/06 08:54:17 schema: migration 19->20 complete
2026/09/06 08:54:17 schema: migration 20->21: scrub raw install tokens persisted in tokens.mint_time_script
2026/09/06 08:54:17 schema: migration 20->21 complete
2026/09/06 08:54:17 schema: all migrations applied — now at version 21
2026/09/06 08:54:19 agent token validated successfully
2026/09/06 08:54:19 new agent issued enrollment secret, awaiting commit: test-host (fresh-expired-machine)
2026/09/06 08:54:19 agent awaiting enrollment commit: test-host (fresh-expired-machine)
2026/09/06 08:54:19 fresh enrollment for fresh-expired-machine could not be committed: install token expired — closing connection
2026/09/06 08:54:19 agent offline: fresh-expired-machine
2026/09/06 08:54:19 schema: at version 0, target 21 — applying 21 migration(s)
2026/09/06 08:54:19 schema: migration 0->1: baseline schema: create all tables and indexes
2026/09/06 08:54:19 schema: migration 0->1 complete
2026/09/06 08:54:19 schema: migration 1->2: add tags, terminal_pin_hash, password_changed, pin_changed columns
2026/09/06 08:54:19 schema: migration 1->2 complete
2026/09/06 08:54:19 schema: migration 2->3: add agent_credentials table for durable enrollment
2026/09/06 08:54:19 schema: migration 2->3 complete
2026/09/06 08:54:19 schema: migration 3->4: add source_ip and user_id to terminal_sessions for audit logging
2026/09/06 08:54:19 schema: migration 3->4 complete
2026/09/06 08:54:19 schema: migration 4->5: add api_machines table for API-polled machines
2026/09/06 08:54:20 schema: migration 4->5 complete
2026/09/06 08:54:20 schema: migration 5->6: add tls_config to api_machines for per-machine TLS trust
2026/09/06 08:54:20 schema: migration 5->6 complete
2026/09/06 08:54:20 schema: migration 6->7: add role column to users for RBAC
2026/09/06 08:54:20 schema: migration 6->7 complete
2026/09/06 08:54:20 schema: migration 7->8: add hardware_info JSON column to machines for static spec snapshots
2026/09/06 08:54:20 schema: migration 7->8 complete
2026/09/06 08:54:20 schema: migration 8->9: add theme_name and theme_mode columns to users for per-user theme prefs
2026/09/06 08:54:20 schema: migration 8->9 complete
2026/09/06 08:54:20 schema: migration 9->10: create branding_config table for admin instance branding (Phase 10)
2026/09/06 08:54:20 schema: migration 9->10 complete
2026/09/06 08:54:20 schema: migration 10->11: Phase 11 — add per-user workflow personalization columns to users
2026/09/06 08:54:20 schema: migration 10->11 complete
2026/09/06 08:54:20 schema: migration 11->12: Phase 11 — create user_pinned_machines table
2026/09/06 08:54:20 schema: migration 11->12 complete
2026/09/06 08:54:20 schema: migration 12->13: Phase 11 — create user_saved_filters table
2026/09/06 08:54:20 schema: migration 12->13 complete
2026/09/06 08:54:20 schema: migration 13->14: Phase 11 — add welcome_message to branding_config
2026/09/06 08:54:20 schema: migration 13->14 complete
2026/09/06 08:54:20 schema: migration 14->15: Phase 12 — add notes column to machines
2026/09/06 08:54:20 schema: migration 14->15 complete
2026/09/06 08:54:20 schema: migration 15->16: Phase 12 — add cpu_temp_c column to metrics
2026/09/06 08:54:20 schema: migration 15->16 complete
2026/09/06 08:54:20 schema: migration 16->17: add nullable target_machine_id to tokens for machine-bound Windows re-enrollment
2026/09/06 08:54:20 schema: migration 16->17 complete
2026/09/06 08:54:20 schema: migration 17->18: add nullable pending_secret_hash and pending_expires_at to agent_credentials for staged Windows re-enrollment handoff
2026/09/06 08:54:20 schema: migration 17->18 complete
2026/09/06 08:54:20 schema: migration 18->19: create hub_settings key/value table (AI Sessions feature switch)
2026/09/06 08:54:20 schema: migration 18->19 complete
2026/09/06 08:54:20 schema: migration 19->20: add mint_time_script and mint-time binding columns to tokens to bind join links to mint-time configuration
2026/09/06 08:54:20 schema: migration 19->20 complete
2026/09/06 08:54:20 schema: migration 20->21: scrub raw install tokens persisted in tokens.mint_time_script
2026/09/06 08:54:20 schema: migration 20->21 complete
2026/09/06 08:54:20 schema: all migrations applied — now at version 21
2026/09/06 08:54:23 agent token validated successfully
2026/09/06 08:54:23 new agent issued enrollment secret, awaiting commit: test-host (revoke-machine)
2026/09/06 08:54:23 agent awaiting enrollment commit: test-host (revoke-machine)
2026/09/06 08:54:23 committed fresh enrollment and sent enrollment_confirmed: revoke-machine
2026/09/06 08:54:23 agent disconnected: read tcp 127.0.0.1:41551->127.0.0.1:52502: use of closed network connection
2026/09/06 08:54:23 agent credential revoked: machine_id=revoke-machine credential_existed=true connection_closed=true
2026/09/06 08:54:23 ai sessions: config to revoke-machine: write tcp 127.0.0.1:41551->127.0.0.1:52502: use of closed network connection
2026/09/06 08:54:23 agent offline: revoke-machine
2026/09/06 08:54:23 schema: at version 0, target 21 — applying 21 migration(s)
2026/09/06 08:54:23 schema: migration 0->1: baseline schema: create all tables and indexes
2026/09/06 08:54:23 schema: migration 0->1 complete
2026/09/06 08:54:23 schema: migration 1->2: add tags, terminal_pin_hash, password_changed, pin_changed columns
2026/09/06 08:54:23 schema: migration 1->2 complete
2026/09/06 08:54:23 schema: migration 2->3: add agent_credentials table for durable enrollment
2026/09/06 08:54:23 schema: migration 2->3 complete
2026/09/06 08:54:23 schema: migration 3->4: add source_ip and user_id to terminal_sessions for audit logging
2026/09/06 08:54:23 schema: migration 3->4 complete
2026/09/06 08:54:23 schema: migration 4->5: add api_machines table for API-polled machines
2026/09/06 08:54:23 schema: migration 4->5 complete
2026/09/06 08:54:23 schema: migration 5->6: add tls_config to api_machines for per-machine TLS trust
2026/09/06 08:54:23 schema: migration 5->6 complete
2026/09/06 08:54:23 schema: migration 6->7: add role column to users for RBAC
2026/09/06 08:54:24 schema: migration 6->7 complete
2026/09/06 08:54:24 schema: migration 7->8: add hardware_info JSON column to machines for static spec snapshots
2026/09/06 08:54:24 schema: migration 7->8 complete
2026/09/06 08:54:24 schema: migration 8->9: add theme_name and theme_mode columns to users for per-user theme prefs
2026/09/06 08:54:24 schema: migration 8->9 complete
2026/09/06 08:54:24 schema: migration 9->10: create branding_config table for admin instance branding (Phase 10)
2026/09/06 08:54:24 schema: migration 9->10 complete
2026/09/06 08:54:24 schema: migration 10->11: Phase 11 — add per-user workflow personalization columns to users
2026/09/06 08:54:24 schema: migration 10->11 complete
2026/09/06 08:54:24 schema: migration 11->12: Phase 11 — create user_pinned_machines table
2026/09/06 08:54:24 schema: migration 11->12 complete
2026/09/06 08:54:24 schema: migration 12->13: Phase 11 — create user_saved_filters table
2026/09/06 08:54:24 schema: migration 12->13 complete
2026/09/06 08:54:24 schema: migration 13->14: Phase 11 — add welcome_message to branding_config
2026/09/06 08:54:24 schema: migration 13->14 complete
2026/09/06 08:54:24 schema: migration 14->15: Phase 12 — add notes column to machines
2026/09/06 08:54:24 schema: migration 14->15 complete
2026/09/06 08:54:24 schema: migration 15->16: Phase 12 — add cpu_temp_c column to metrics
2026/09/06 08:54:24 schema: migration 15->16 complete
2026/09/06 08:54:24 schema: migration 16->17: add nullable target_machine_id to tokens for machine-bound Windows re-enrollment
2026/09/06 08:54:24 schema: migration 16->17 complete
2026/09/06 08:54:24 schema: migration 17->18: add nullable pending_secret_hash and pending_expires_at to agent_credentials for staged Windows re-enrollment handoff
2026/09/06 08:54:24 schema: migration 17->18 complete
2026/09/06 08:54:24 schema: migration 18->19: create hub_settings key/value table (AI Sessions feature switch)
2026/09/06 08:54:24 schema: migration 18->19 complete
2026/09/06 08:54:24 schema: migration 19->20: add mint_time_script and mint-time binding columns to tokens to bind join links to mint-time configuration
2026/09/06 08:54:24 schema: migration 19->20 complete
2026/09/06 08:54:24 schema: migration 20->21: scrub raw install tokens persisted in tokens.mint_time_script
2026/09/06 08:54:24 schema: migration 20->21 complete
2026/09/06 08:54:24 schema: all migrations applied — now at version 21
2026/09/06 08:54:27 install bootstrap: using CA cert /tmp/TestInstallerCommandsUsePublicURLAndReturnTypedBootstrapFields785896356/001/root.crt
2026/09/06 08:54:27 schema: at version 0, target 21 — applying 21 migration(s)
2026/09/06 08:54:27 schema: migration 0->1: baseline schema: create all tables and indexes
2026/09/06 08:54:27 schema: migration 0->1 complete
2026/09/06 08:54:27 schema: migration 1->2: add tags, terminal_pin_hash, password_changed, pin_changed columns
2026/09/06 08:54:27 schema: migration 1->2 complete
2026/09/06 08:54:27 schema: migration 2->3: add agent_credentials table for durable enrollment
2026/09/06 08:54:27 schema: migration 2->3 complete
2026/09/06 08:54:27 schema: migration 3->4: add source_ip and user_id to terminal_sessions for audit logging
2026/09/06 08:54:27 schema: migration 3->4 complete
2026/09/06 08:54:27 schema: migration 4->5: add api_machines table for API-polled machines
2026/09/06 08:54:27 schema: migration 4->5 complete
2026/09/06 08:54:27 schema: migration 5->6: add tls_config to api_machines for per-machine TLS trust
2026/09/06 08:54:27 schema: migration 5->6 complete
2026/09/06 08:54:27 schema: migration 6->7: add role column to users for RBAC
2026/09/06 08:54:27 schema: migration 6->7 complete
2026/09/06 08:54:27 schema: migration 7->8: add hardware_info JSON column to machines for static spec snapshots
2026/09/06 08:54:27 schema: migration 7->8 complete
2026/09/06 08:54:27 schema: migration 8->9: add theme_name and theme_mode columns to users for per-user theme prefs
2026/09/06 08:54:27 schema: migration 8->9 complete
2026/09/06 08:54:27 schema: migration 9->10: create branding_config table for admin instance branding (Phase 10)
2026/09/06 08:54:27 schema: migration 9->10 complete
2026/09/06 08:54:27 schema: migration 10->11: Phase 11 — add per-user workflow personalization columns to users
2026/09/06 08:54:27 schema: migration 10->11 complete
2026/09/06 08:54:27 schema: migration 11->12: Phase 11 — create user_pinned_machines table
2026/09/06 08:54:27 schema: migration 11->12 complete
2026/09/06 08:54:27 schema: migration 12->13: Phase 11 — create user_saved_filters table
2026/09/06 08:54:27 schema: migration 12->13 complete
2026/09/06 08:54:27 schema: migration 13->14: Phase 11 — add welcome_message to branding_config
2026/09/06 08:54:27 schema: migration 13->14 complete
2026/09/06 08:54:27 schema: migration 14->15: Phase 12 — add notes column to machines
2026/09/06 08:54:27 schema: migration 14->15 complete
2026/09/06 08:54:27 schema: migration 15->16: Phase 12 — add cpu_temp_c column to metrics
2026/09/06 08:54:27 schema: migration 15->16 complete
2026/09/06 08:54:27 schema: migration 16->17: add nullable target_machine_id to tokens for machine-bound Windows re-enrollment
2026/09/06 08:54:27 schema: migration 16->17 complete
2026/09/06 08:54:27 schema: migration 17->18: add nullable pending_secret_hash and pending_expires_at to agent_credentials for staged Windows re-enrollment handoff
2026/09/06 08:54:27 schema: migration 17->18 complete
2026/09/06 08:54:27 schema: migration 18->19: create hub_settings key/value table (AI Sessions feature switch)
2026/09/06 08:54:27 schema: migration 18->19 complete
2026/09/06 08:54:27 schema: migration 19->20: add mint_time_script and mint-time binding columns to tokens to bind join links to mint-time configuration
2026/09/06 08:54:27 schema: migration 19->20 complete
2026/09/06 08:54:27 schema: migration 20->21: scrub raw install tokens persisted in tokens.mint_time_script
2026/09/06 08:54:27 schema: migration 20->21 complete
2026/09/06 08:54:27 schema: all migrations applied — now at version 21
2026/09/06 08:54:32 install bootstrap: using CA cert /tmp/TestLinuxPasteBlockVerifiesCABeforeInstallerFetchAndExec4224700613/001/root.crt
2026/09/06 08:54:32 schema: at version 0, target 21 — applying 21 migration(s)
2026/09/06 08:54:32 schema: migration 0->1: baseline schema: create all tables and indexes
2026/09/06 08:54:32 schema: migration 0->1 complete
2026/09/06 08:54:32 schema: migration 1->2: add tags, terminal_pin_hash, password_changed, pin_changed columns
2026/09/06 08:54:32 schema: migration 1->2 complete
2026/09/06 08:54:32 schema: migration 2->3: add agent_credentials table for durable enrollment
2026/09/06 08:54:32 schema: migration 2->3 complete
2026/09/06 08:54:32 schema: migration 3->4: add source_ip and user_id to terminal_sessions for audit logging
2026/09/06 08:54:32 schema: migration 3->4 complete
2026/09/06 08:54:32 schema: migration 4->5: add api_machines table for API-polled machines
2026/09/06 08:54:32 schema: migration 4->5 complete
2026/09/06 08:54:32 schema: migration 5->6: add tls_config to api_machines for per-machine TLS trust
2026/09/06 08:54:32 schema: migration 5->6 complete
2026/09/06 08:54:32 schema: migration 6->7: add role column to users for RBAC
2026/09/06 08:54:32 schema: migration 6->7 complete
2026/09/06 08:54:32 schema: migration 7->8: add hardware_info JSON column to machines for static spec snapshots
2026/09/06 08:54:32 schema: migration 7->8 complete
2026/09/06 08:54:32 schema: migration 8->9: add theme_name and theme_mode columns to users for per-user theme prefs
2026/09/06 08:54:32 schema: migration 8->9 complete
2026/09/06 08:54:32 schema: migration 9->10: create branding_config table for admin instance branding (Phase 10)
2026/09/06 08:54:32 schema: migration 9->10 complete
2026/09/06 08:54:32 schema: migration 10->11: Phase 11 — add per-user workflow personalization columns to users
2026/09/06 08:54:32 schema: migration 10->11 complete
2026/09/06 08:54:32 schema: migration 11->12: Phase 11 — create user_pinned_machines table
2026/09/06 08:54:32 schema: migration 11->12 complete
2026/09/06 08:54:32 schema: migration 12->13: Phase 11 — create user_saved_filters table
2026/09/06 08:54:32 schema: migration 12->13 complete
2026/09/06 08:54:32 schema: migration 13->14: Phase 11 — add welcome_message to branding_config
2026/09/06 08:54:32 schema: migration 13->14 complete
2026/09/06 08:54:32 schema: migration 14->15: Phase 12 — add notes column to machines
2026/09/06 08:54:32 schema: migration 14->15 complete
2026/09/06 08:54:32 schema: migration 15->16: Phase 12 — add cpu_temp_c column to metrics
2026/09/06 08:54:32 schema: migration 15->16 complete
2026/09/06 08:54:32 schema: migration 16->17: add nullable target_machine_id to tokens for machine-bound Windows re-enrollment
2026/09/06 08:54:32 schema: migration 16->17 complete
2026/09/06 08:54:32 schema: migration 17->18: add nullable pending_secret_hash and pending_expires_at to agent_credentials for staged Windows re-enrollment handoff
2026/09/06 08:54:32 schema: migration 17->18 complete
2026/09/06 08:54:32 schema: migration 18->19: create hub_settings key/value table (AI Sessions feature switch)
2026/09/06 08:54:32 schema: migration 18->19 complete
2026/09/06 08:54:32 schema: migration 19->20: add mint_time_script and mint-time binding columns to tokens to bind join links to mint-time configuration
2026/09/06 08:54:32 schema: migration 19->20 complete
2026/09/06 08:54:32 schema: migration 20->21: scrub raw install tokens persisted in tokens.mint_time_script
2026/09/06 08:54:32 schema: migration 20->21 complete
2026/09/06 08:54:32 schema: all migrations applied — now at version 21
2026/09/06 08:54:35 schema: at version 0, target 21 — applying 21 migration(s)
2026/09/06 08:54:35 schema: migration 0->1: baseline schema: create all tables and indexes
2026/09/06 08:54:35 schema: migration 0->1 complete
2026/09/06 08:54:35 schema: migration 1->2: add tags, terminal_pin_hash, password_changed, pin_changed columns
2026/09/06 08:54:35 schema: migration 1->2 complete
2026/09/06 08:54:35 schema: migration 2->3: add agent_credentials table for durable enrollment
2026/09/06 08:54:35 schema: migration 2->3 complete
2026/09/06 08:54:35 schema: migration 3->4: add source_ip and user_id to terminal_sessions for audit logging
2026/09/06 08:54:35 schema: migration 3->4 complete
2026/09/06 08:54:35 schema: migration 4->5: add api_machines table for API-polled machines
2026/09/06 08:54:35 schema: migration 4->5 complete
2026/09/06 08:54:35 schema: migration 5->6: add tls_config to api_machines for per-machine TLS trust
2026/09/06 08:54:35 schema: migration 5->6 complete
2026/09/06 08:54:35 schema: migration 6->7: add role column to users for RBAC
2026/09/06 08:54:35 schema: migration 6->7 complete
2026/09/06 08:54:35 schema: migration 7->8: add hardware_info JSON column to machines for static spec snapshots
2026/09/06 08:54:35 schema: migration 7->8 complete
2026/09/06 08:54:35 schema: migration 8->9: add theme_name and theme_mode columns to users for per-user theme prefs
2026/09/06 08:54:35 schema: migration 8->9 complete
2026/09/06 08:54:35 schema: migration 9->10: create branding_config table for admin instance branding (Phase 10)
2026/09/06 08:54:35 schema: migration 9->10 complete
2026/09/06 08:54:35 schema: migration 10->11: Phase 11 — add per-user workflow personalization columns to users
2026/09/06 08:54:35 schema: migration 10->11 complete
2026/09/06 08:54:35 schema: migration 11->12: Phase 11 — create user_pinned_machines table
2026/09/06 08:54:35 schema: migration 11->12 complete
2026/09/06 08:54:35 schema: migration 12->13: Phase 11 — create user_saved_filters table
2026/09/06 08:54:35 schema: migration 12->13 complete
2026/09/06 08:54:35 schema: migration 13->14: Phase 11 — add welcome_message to branding_config
2026/09/06 08:54:35 schema: migration 13->14 complete
2026/09/06 08:54:35 schema: migration 14->15: Phase 12 — add notes column to machines
2026/09/06 08:54:36 schema: migration 14->15 complete
2026/09/06 08:54:36 schema: migration 15->16: Phase 12 — add cpu_temp_c column to metrics
2026/09/06 08:54:36 schema: migration 15->16 complete
2026/09/06 08:54:36 schema: migration 16->17: add nullable target_machine_id to tokens for machine-bound Windows re-enrollment
2026/09/06 08:54:36 schema: migration 16->17 complete
2026/09/06 08:54:36 schema: migration 17->18: add nullable pending_secret_hash and pending_expires_at to agent_credentials for staged Windows re-enrollment handoff
2026/09/06 08:54:36 schema: migration 17->18 complete
2026/09/06 08:54:36 schema: migration 18->19: create hub_settings key/value table (AI Sessions feature switch)
2026/09/06 08:54:36 schema: migration 18->19 complete
2026/09/06 08:54:36 schema: migration 19->20: add mint_time_script and mint-time binding columns to tokens to bind join links to mint-time configuration
2026/09/06 08:54:36 schema: migration 19->20 complete
2026/09/06 08:54:36 schema: migration 20->21: scrub raw install tokens persisted in tokens.mint_time_script
2026/09/06 08:54:36 schema: migration 20->21 complete
2026/09/06 08:54:36 schema: all migrations applied — now at version 21
2026/09/06 08:54:39 schema: at version 0, target 21 — applying 21 migration(s)
2026/09/06 08:54:39 schema: migration 0->1: baseline schema: create all tables and indexes
2026/09/06 08:54:39 schema: migration 0->1 complete
2026/09/06 08:54:39 schema: migration 1->2: add tags, terminal_pin_hash, password_changed, pin_changed columns
2026/09/06 08:54:39 schema: migration 1->2 complete
2026/09/06 08:54:39 schema: migration 2->3: add agent_credentials table for durable enrollment
2026/09/06 08:54:39 schema: migration 2->3 complete
2026/09/06 08:54:39 schema: migration 3->4: add source_ip and user_id to terminal_sessions for audit logging
2026/09/06 08:54:39 schema: migration 3->4 complete
2026/09/06 08:54:39 schema: migration 4->5: add api_machines table for API-polled machines
2026/09/06 08:54:39 schema: migration 4->5 complete
2026/09/06 08:54:39 schema: migration 5->6: add tls_config to api_machines for per-machine TLS trust
2026/09/06 08:54:39 schema: migration 5->6 complete
2026/09/06 08:54:39 schema: migration 6->7: add role column to users for RBAC
2026/09/06 08:54:39 schema: migration 6->7 complete
2026/09/06 08:54:39 schema: migration 7->8: add hardware_info JSON column to machines for static spec snapshots
2026/09/06 08:54:39 schema: migration 7->8 complete
2026/09/06 08:54:39 schema: migration 8->9: add theme_name and theme_mode columns to users for per-user theme prefs
2026/09/06 08:54:39 schema: migration 8->9 complete
2026/09/06 08:54:39 schema: migration 9->10: create branding_config table for admin instance branding (Phase 10)
2026/09/06 08:54:39 schema: migration 9->10 complete
2026/09/06 08:54:39 schema: migration 10->11: Phase 11 — add per-user workflow personalization columns to users
2026/09/06 08:54:39 schema: migration 10->11 complete
2026/09/06 08:54:39 schema: migration 11->12: Phase 11 — create user_pinned_machines table
2026/09/06 08:54:39 schema: migration 11->12 complete
2026/09/06 08:54:39 schema: migration 12->13: Phase 11 — create user_saved_filters table
2026/09/06 08:54:39 schema: migration 12->13 complete
2026/09/06 08:54:39 schema: migration 13->14: Phase 11 — add welcome_message to branding_config
2026/09/06 08:54:39 schema: migration 13->14 complete
2026/09/06 08:54:39 schema: migration 14->15: Phase 12 — add notes column to machines
2026/09/06 08:54:39 schema: migration 14->15 complete
2026/09/06 08:54:39 schema: migration 15->16: Phase 12 — add cpu_temp_c column to metrics
2026/09/06 08:54:39 schema: migration 15->16 complete
2026/09/06 08:54:39 schema: migration 16->17: add nullable target_machine_id to tokens for machine-bound Windows re-enrollment
2026/09/06 08:54:39 schema: migration 16->17 complete
2026/09/06 08:54:39 schema: migration 17->18: add nullable pending_secret_hash and pending_expires_at to agent_credentials for staged Windows re-enrollment handoff
2026/09/06 08:54:39 schema: migration 17->18 complete
2026/09/06 08:54:39 schema: migration 18->19: create hub_settings key/value table (AI Sessions feature switch)
2026/09/06 08:54:39 schema: migration 18->19 complete
2026/09/06 08:54:39 schema: migration 19->20: add mint_time_script and mint-time binding columns to tokens to bind join links to mint-time configuration
2026/09/06 08:54:39 schema: migration 19->20 complete
2026/09/06 08:54:39 schema: migration 20->21: scrub raw install tokens persisted in tokens.mint_time_script
2026/09/06 08:54:39 schema: migration 20->21 complete
2026/09/06 08:54:39 schema: all migrations applied — now at version 21
2026/09/06 08:54:41 version: windows/amd64 agent binary resolved source=test:fixture path=/tmp/TestWindowsInstallerIsNonDestructiveFailClosedAndTransactional1453528290/001/bloxos-agent.exe
2026/09/06 08:54:41 schema: at version 0, target 21 — applying 21 migration(s)
2026/09/06 08:54:41 schema: migration 0->1: baseline schema: create all tables and indexes
2026/09/06 08:54:42 schema: migration 0->1 complete
2026/09/06 08:54:42 schema: migration 1->2: add tags, terminal_pin_hash, password_changed, pin_changed columns
2026/09/06 08:54:42 schema: migration 1->2 complete
2026/09/06 08:54:42 schema: migration 2->3: add agent_credentials table for durable enrollment
2026/09/06 08:54:42 schema: migration 2->3 complete
2026/09/06 08:54:42 schema: migration 3->4: add source_ip and user_id to terminal_sessions for audit logging
2026/09/06 08:54:42 schema: migration 3->4 complete
2026/09/06 08:54:42 schema: migration 4->5: add api_machines table for API-polled machines
2026/09/06 08:54:42 schema: migration 4->5 complete
2026/09/06 08:54:42 schema: migration 5->6: add tls_config to api_machines for per-machine TLS trust
2026/09/06 08:54:42 schema: migration 5->6 complete
2026/09/06 08:54:42 schema: migration 6->7: add role column to users for RBAC
2026/09/06 08:54:42 schema: migration 6->7 complete
2026/09/06 08:54:42 schema: migration 7->8: add hardware_info JSON column to machines for static spec snapshots
2026/09/06 08:54:42 schema: migration 7->8 complete
2026/09/06 08:54:42 schema: migration 8->9: add theme_name and theme_mode columns to users for per-user theme prefs
2026/09/06 08:54:42 schema: migration 8->9 complete
2026/09/06 08:54:42 schema: migration 9->10: create branding_config table for admin instance branding (Phase 10)
2026/09/06 08:54:42 schema: migration 9->10 complete
2026/09/06 08:54:42 schema: migration 10->11: Phase 11 — add per-user workflow personalization columns to users
2026/09/06 08:54:42 schema: migration 10->11 complete
2026/09/06 08:54:42 schema: migration 11->12: Phase 11 — create user_pinned_machines table
2026/09/06 08:54:42 schema: migration 11->12 complete
2026/09/06 08:54:42 schema: migration 12->13: Phase 11 — create user_saved_filters table
2026/09/06 08:54:42 schema: migration 12->13 complete
2026/09/06 08:54:42 schema: migration 13->14: Phase 11 — add welcome_message to branding_config
2026/09/06 08:54:42 schema: migration 13->14 complete
2026/09/06 08:54:42 schema: migration 14->15: Phase 12 — add notes column to machines
2026/09/06 08:54:42 schema: migration 14->15 complete
2026/09/06 08:54:42 schema: migration 15->16: Phase 12 — add cpu_temp_c column to metrics
2026/09/06 08:54:42 schema: migration 15->16 complete
2026/09/06 08:54:42 schema: migration 16->17: add nullable target_machine_id to tokens for machine-bound Windows re-enrollment
2026/09/06 08:54:42 schema: migration 16->17 complete
2026/09/06 08:54:42 schema: migration 17->18: add nullable pending_secret_hash and pending_expires_at to agent_credentials for staged Windows re-enrollment handoff
2026/09/06 08:54:42 schema: migration 17->18 complete
2026/09/06 08:54:42 schema: migration 18->19: create hub_settings key/value table (AI Sessions feature switch)
2026/09/06 08:54:42 schema: migration 18->19 complete
2026/09/06 08:54:42 schema: migration 19->20: add mint_time_script and mint-time binding columns to tokens to bind join links to mint-time configuration
2026/09/06 08:54:42 schema: migration 19->20 complete
2026/09/06 08:54:42 schema: migration 20->21: scrub raw install tokens persisted in tokens.mint_time_script
2026/09/06 08:54:42 schema: migration 20->21 complete
2026/09/06 08:54:42 schema: all migrations applied — now at version 21
2026/09/06 08:54:45 install bootstrap: using CA cert /tmp/TestLinuxInstallerConsumesPasteBlockCAContract2309458217/001/root.crt
2026/09/06 08:54:45 schema: at version 0, target 21 — applying 21 migration(s)
2026/09/06 08:54:45 schema: migration 0->1: baseline schema: create all tables and indexes
2026/09/06 08:54:45 schema: migration 0->1 complete
2026/09/06 08:54:45 schema: migration 1->2: add tags, terminal_pin_hash, password_changed, pin_changed columns
2026/09/06 08:54:45 schema: migration 1->2 complete
2026/09/06 08:54:45 schema: migration 2->3: add agent_credentials table for durable enrollment
2026/09/06 08:54:45 schema: migration 2->3 complete
2026/09/06 08:54:45 schema: migration 3->4: add source_ip and user_id to terminal_sessions for audit logging
2026/09/06 08:54:45 schema: migration 3->4 complete
2026/09/06 08:54:45 schema: migration 4->5: add api_machines table for API-polled machines
2026/09/06 08:54:45 schema: migration 4->5 complete
2026/09/06 08:54:45 schema: migration 5->6: add tls_config to api_machines for per-machine TLS trust
2026/09/06 08:54:45 schema: migration 5->6 complete
2026/09/06 08:54:45 schema: migration 6->7: add role column to users for RBAC
2026/09/06 08:54:45 schema: migration 6->7 complete
2026/09/06 08:54:45 schema: migration 7->8: add hardware_info JSON column to machines for static spec snapshots
2026/09/06 08:54:45 schema: migration 7->8 complete
2026/09/06 08:54:45 schema: migration 8->9: add theme_name and theme_mode columns to users for per-user theme prefs
2026/09/06 08:54:45 schema: migration 8->9 complete
2026/09/06 08:54:45 schema: migration 9->10: create branding_config table for admin instance branding (Phase 10)
2026/09/06 08:54:45 schema: migration 9->10 complete
2026/09/06 08:54:45 schema: migration 10->11: Phase 11 — add per-user workflow personalization columns to users
2026/09/06 08:54:46 schema: migration 10->11 complete
2026/09/06 08:54:46 schema: migration 11->12: Phase 11 — create user_pinned_machines table
2026/09/06 08:54:46 schema: migration 11->12 complete
2026/09/06 08:54:46 schema: migration 12->13: Phase 11 — create user_saved_filters table
2026/09/06 08:54:46 schema: migration 12->13 complete
2026/09/06 08:54:46 schema: migration 13->14: Phase 11 — add welcome_message to branding_config
2026/09/06 08:54:46 schema: migration 13->14 complete
2026/09/06 08:54:46 schema: migration 14->15: Phase 12 — add notes column to machines
2026/09/06 08:54:46 schema: migration 14->15 complete
2026/09/06 08:54:46 schema: migration 15->16: Phase 12 — add cpu_temp_c column to metrics
2026/09/06 08:54:46 schema: migration 15->16 complete
2026/09/06 08:54:46 schema: migration 16->17: add nullable target_machine_id to tokens for machine-bound Windows re-enrollment
2026/09/06 08:54:46 schema: migration 16->17 complete
2026/09/06 08:54:46 schema: migration 17->18: add nullable pending_secret_hash and pending_expires_at to agent_credentials for staged Windows re-enrollment handoff
2026/09/06 08:54:46 schema: migration 17->18 complete
2026/09/06 08:54:46 schema: migration 18->19: create hub_settings key/value table (AI Sessions feature switch)
2026/09/06 08:54:46 schema: migration 18->19 complete
2026/09/06 08:54:46 schema: migration 19->20: add mint_time_script and mint-time binding columns to tokens to bind join links to mint-time configuration
2026/09/06 08:54:46 schema: migration 19->20 complete
2026/09/06 08:54:46 schema: migration 20->21: scrub raw install tokens persisted in tokens.mint_time_script
2026/09/06 08:54:46 schema: migration 20->21 complete
2026/09/06 08:54:46 schema: all migrations applied — now at version 21
2026/09/06 08:54:48 version: linux/amd64 agent binary resolved source=test:fixture path=/tmp/TestLinuxInstallerConsumesPasteBlockCAContract2309458217/002/bloxos-agent
2026/09/06 08:54:48 version: linux/arm64 agent binary unavailable: no trusted linux/arm64 agent binary: system-default /usr/local/lib/bloxos/linux/arm64/bloxos-agent: lstat /usr/local/lib/bloxos/linux/arm64/bloxos-agent: no such file or directory; system-default-legacy /usr/local/lib/bloxos/linux/bloxos-agent: lstat /usr/local/lib/bloxos/linux/bloxos-agent: no such file or directory; hub-executable-directory /tmp/go-build2081476035/b001/bloxos-agent: lstat /tmp/go-build2081476035/b001/bloxos-agent: no such file or directory
2026/09/06 08:54:48 schema: at version 0, target 21 — applying 21 migration(s)
2026/09/06 08:54:48 schema: migration 0->1: baseline schema: create all tables and indexes
2026/09/06 08:54:48 schema: migration 0->1 complete
2026/09/06 08:54:48 schema: migration 1->2: add tags, terminal_pin_hash, password_changed, pin_changed columns
2026/09/06 08:54:48 schema: migration 1->2 complete
2026/09/06 08:54:48 schema: migration 2->3: add agent_credentials table for durable enrollment
2026/09/06 08:54:48 schema: migration 2->3 complete
2026/09/06 08:54:48 schema: migration 3->4: add source_ip and user_id to terminal_sessions for audit logging
2026/09/06 08:54:48 schema: migration 3->4 complete
2026/09/06 08:54:48 schema: migration 4->5: add api_machines table for API-polled machines
2026/09/06 08:54:48 schema: migration 4->5 complete
2026/09/06 08:54:48 schema: migration 5->6: add tls_config to api_machines for per-machine TLS trust
2026/09/06 08:54:48 schema: migration 5->6 complete
2026/09/06 08:54:48 schema: migration 6->7: add role column to users for RBAC
2026/09/06 08:54:48 schema: migration 6->7 complete
2026/09/06 08:54:48 schema: migration 7->8: add hardware_info JSON column to machines for static spec snapshots
2026/09/06 08:54:48 schema: migration 7->8 complete
2026/09/06 08:54:48 schema: migration 8->9: add theme_name and theme_mode columns to users for per-user theme prefs
2026/09/06 08:54:48 schema: migration 8->9 complete
2026/09/06 08:54:48 schema: migration 9->10: create branding_config table for admin instance branding (Phase 10)
2026/09/06 08:54:48 schema: migration 9->10 complete
2026/09/06 08:54:48 schema: migration 10->11: Phase 11 — add per-user workflow personalization columns to users
2026/09/06 08:54:48 schema: migration 10->11 complete
2026/09/06 08:54:48 schema: migration 11->12: Phase 11 — create user_pinned_machines table
2026/09/06 08:54:48 schema: migration 11->12 complete
2026/09/06 08:54:48 schema: migration 12->13: Phase 11 — create user_saved_filters table
2026/09/06 08:54:48 schema: migration 12->13 complete
2026/09/06 08:54:48 schema: migration 13->14: Phase 11 — add welcome_message to branding_config
2026/09/06 08:54:48 schema: migration 13->14 complete
2026/09/06 08:54:48 schema: migration 14->15: Phase 12 — add notes column to machines
2026/09/06 08:54:48 schema: migration 14->15 complete
2026/09/06 08:54:48 schema: migration 15->16: Phase 12 — add cpu_temp_c column to metrics
2026/09/06 08:54:48 schema: migration 15->16 complete
2026/09/06 08:54:48 schema: migration 16->17: add nullable target_machine_id to tokens for machine-bound Windows re-enrollment
2026/09/06 08:54:48 schema: migration 16->17 complete
2026/09/06 08:54:48 schema: migration 17->18: add nullable pending_secret_hash and pending_expires_at to agent_credentials for staged Windows re-enrollment handoff
2026/09/06 08:54:48 schema: migration 17->18 complete
2026/09/06 08:54:48 schema: migration 18->19: create hub_settings key/value table (AI Sessions feature switch)
2026/09/06 08:54:48 schema: migration 18->19 complete
2026/09/06 08:54:48 schema: migration 19->20: add mint_time_script and mint-time binding columns to tokens to bind join links to mint-time configuration
2026/09/06 08:54:48 schema: migration 19->20 complete
2026/09/06 08:54:48 schema: migration 20->21: scrub raw install tokens persisted in tokens.mint_time_script
2026/09/06 08:54:48 schema: migration 20->21 complete
2026/09/06 08:54:48 schema: all migrations applied — now at version 21
2026/09/06 08:54:50 version: linux/amd64 agent binary resolved source=test:fixture path=/tmp/TestLinuxInstallerRequestsArchAndVerifiesELF2213272190/001/bloxos-agent
2026/09/06 08:54:50 version: linux/arm64 agent binary resolved source=test:fixture path=/tmp/TestLinuxInstallerRequestsArchAndVerifiesELF2213272190/002/bloxos-agent
2026/09/06 08:54:50 version: windows/amd64 agent binary unavailable: no trusted windows/amd64 agent binary: system-default /usr/local/lib/bloxos/windows/bloxos-agent.exe: lstat /usr/local/lib/bloxos/windows/bloxos-agent.exe: no such file or directory; hub-executable-directory /tmp/go-build2081476035/b001/bloxos-agent.exe: lstat /tmp/go-build2081476035/b001/bloxos-agent.exe: no such file or directory
2026/09/06 08:54:51 schema: at version 0, target 21 — applying 21 migration(s)
2026/09/06 08:54:51 schema: migration 0->1: baseline schema: create all tables and indexes
2026/09/06 08:54:51 schema: migration 0->1 complete
2026/09/06 08:54:51 schema: migration 1->2: add tags, terminal_pin_hash, password_changed, pin_changed columns
2026/09/06 08:54:51 schema: migration 1->2 complete
2026/09/06 08:54:51 schema: migration 2->3: add agent_credentials table for durable enrollment
2026/09/06 08:54:51 schema: migration 2->3 complete
2026/09/06 08:54:51 schema: migration 3->4: add source_ip and user_id to terminal_sessions for audit logging
2026/09/06 08:54:51 schema: migration 3->4 complete
2026/09/06 08:54:51 schema: migration 4->5: add api_machines table for API-polled machines
2026/09/06 08:54:51 schema: migration 4->5 complete
2026/09/06 08:54:51 schema: migration 5->6: add tls_config to api_machines for per-machine TLS trust
2026/09/06 08:54:51 schema: migration 5->6 complete
2026/09/06 08:54:51 schema: migration 6->7: add role column to users for RBAC
2026/09/06 08:54:51 schema: migration 6->7 complete
2026/09/06 08:54:51 schema: migration 7->8: add hardware_info JSON column to machines for static spec snapshots
2026/09/06 08:54:51 schema: migration 7->8 complete
2026/09/06 08:54:51 schema: migration 8->9: add theme_name and theme_mode columns to users for per-user theme prefs
2026/09/06 08:54:51 schema: migration 8->9 complete
2026/09/06 08:54:51 schema: migration 9->10: create branding_config table for admin instance branding (Phase 10)
2026/09/06 08:54:51 schema: migration 9->10 complete
2026/09/06 08:54:51 schema: migration 10->11: Phase 11 — add per-user workflow personalization columns to users
2026/09/06 08:54:51 schema: migration 10->11 complete
2026/09/06 08:54:51 schema: migration 11->12: Phase 11 — create user_pinned_machines table
2026/09/06 08:54:51 schema: migration 11->12 complete
2026/09/06 08:54:51 schema: migration 12->13: Phase 11 — create user_saved_filters table
2026/09/06 08:54:51 schema: migration 12->13 complete
2026/09/06 08:54:51 schema: migration 13->14: Phase 11 — add welcome_message to branding_config
2026/09/06 08:54:51 schema: migration 13->14 complete
2026/09/06 08:54:51 schema: migration 14->15: Phase 12 — add notes column to machines
2026/09/06 08:54:51 schema: migration 14->15 complete
2026/09/06 08:54:51 schema: migration 15->16: Phase 12 — add cpu_temp_c column to metrics
2026/09/06 08:54:51 schema: migration 15->16 complete
2026/09/06 08:54:51 schema: migration 16->17: add nullable target_machine_id to tokens for machine-bound Windows re-enrollment
2026/09/06 08:54:51 schema: migration 16->17 complete
2026/09/06 08:54:51 schema: migration 17->18: add nullable pending_secret_hash and pending_expires_at to agent_credentials for staged Windows re-enrollment handoff
2026/09/06 08:54:51 schema: migration 17->18 complete
2026/09/06 08:54:51 schema: migration 18->19: create hub_settings key/value table (AI Sessions feature switch)
2026/09/06 08:54:51 schema: migration 18->19 complete
2026/09/06 08:54:51 schema: migration 19->20: add mint_time_script and mint-time binding columns to tokens to bind join links to mint-time configuration
2026/09/06 08:54:51 schema: migration 19->20 complete
2026/09/06 08:54:51 schema: migration 20->21: scrub raw install tokens persisted in tokens.mint_time_script
2026/09/06 08:54:51 schema: migration 20->21 complete
2026/09/06 08:54:51 schema: all migrations applied — now at version 21
2026/09/06 08:54:54 install bootstrap: using CA cert /tmp/TestJoinServesTheAdvancedCommandForAFreshToken2414505422/001/root.crt
2026/09/06 08:54:54 install bootstrap: using CA cert /tmp/TestJoinServesTheAdvancedCommandForAFreshToken2414505422/001/root.crt
2026/09/06 08:54:54 schema: at version 0, target 21 — applying 21 migration(s)
2026/09/06 08:54:54 schema: migration 0->1: baseline schema: create all tables and indexes
2026/09/06 08:54:54 schema: migration 0->1 complete
2026/09/06 08:54:54 schema: migration 1->2: add tags, terminal_pin_hash, password_changed, pin_changed columns
2026/09/06 08:54:54 schema: migration 1->2 complete
2026/09/06 08:54:54 schema: migration 2->3: add agent_credentials table for durable enrollment
2026/09/06 08:54:54 schema: migration 2->3 complete
2026/09/06 08:54:54 schema: migration 3->4: add source_ip and user_id to terminal_sessions for audit logging
2026/09/06 08:54:54 schema: migration 3->4 complete
2026/09/06 08:54:54 schema: migration 4->5: add api_machines table for API-polled machines
2026/09/06 08:54:54 schema: migration 4->5 complete
2026/09/06 08:54:54 schema: migration 5->6: add tls_config to api_machines for per-machine TLS trust
2026/09/06 08:54:54 schema: migration 5->6 complete
2026/09/06 08:54:54 schema: migration 6->7: add role column to users for RBAC
2026/09/06 08:54:54 schema: migration 6->7 complete
2026/09/06 08:54:54 schema: migration 7->8: add hardware_info JSON column to machines for static spec snapshots
2026/09/06 08:54:54 schema: migration 7->8 complete
2026/09/06 08:54:54 schema: migration 8->9: add theme_name and theme_mode columns to users for per-user theme prefs
2026/09/06 08:54:54 schema: migration 8->9 complete
2026/09/06 08:54:54 schema: migration 9->10: create branding_config table for admin instance branding (Phase 10)
2026/09/06 08:54:54 schema: migration 9->10 complete
2026/09/06 08:54:54 schema: migration 10->11: Phase 11 — add per-user workflow personalization columns to users
2026/09/06 08:54:55 schema: migration 10->11 complete
2026/09/06 08:54:55 schema: migration 11->12: Phase 11 — create user_pinned_machines table
2026/09/06 08:54:55 schema: migration 11->12 complete
2026/09/06 08:54:55 schema: migration 12->13: Phase 11 — create user_saved_filters table
2026/09/06 08:54:55 schema: migration 12->13 complete
2026/09/06 08:54:55 schema: migration 13->14: Phase 11 — add welcome_message to branding_config
2026/09/06 08:54:55 schema: migration 13->14 complete
2026/09/06 08:54:55 schema: migration 14->15: Phase 12 — add notes column to machines
2026/09/06 08:54:55 schema: migration 14->15 complete
2026/09/06 08:54:55 schema: migration 15->16: Phase 12 — add cpu_temp_c column to metrics
2026/09/06 08:54:55 schema: migration 15->16 complete
2026/09/06 08:54:55 schema: migration 16->17: add nullable target_machine_id to tokens for machine-bound Windows re-enrollment
2026/09/06 08:54:55 schema: migration 16->17 complete
2026/09/06 08:54:55 schema: migration 17->18: add nullable pending_secret_hash and pending_expires_at to agent_credentials for staged Windows re-enrollment handoff
2026/09/06 08:54:55 schema: migration 17->18 complete
2026/09/06 08:54:55 schema: migration 18->19: create hub_settings key/value table (AI Sessions feature switch)
2026/09/06 08:54:55 schema: migration 18->19 complete
2026/09/06 08:54:55 schema: migration 19->20: add mint_time_script and mint-time binding columns to tokens to bind join links to mint-time configuration
2026/09/06 08:54:55 schema: migration 19->20 complete
2026/09/06 08:54:55 schema: migration 20->21: scrub raw install tokens persisted in tokens.mint_time_script
2026/09/06 08:54:55 schema: migration 20->21 complete
2026/09/06 08:54:55 schema: all migrations applied — now at version 21
2026/09/06 08:54:58 install bootstrap: using CA cert /tmp/TestJoinCommandShapesprivate_CA_pins_the_presented_key2444028712/001/root.crt
2026/09/06 08:54:58 schema: at version 0, target 21 — applying 21 migration(s)
2026/09/06 08:54:58 schema: migration 0->1: baseline schema: create all tables and indexes
2026/09/06 08:54:58 schema: migration 0->1 complete
2026/09/06 08:54:58 schema: migration 1->2: add tags, terminal_pin_hash, password_changed, pin_changed columns
2026/09/06 08:54:58 schema: migration 1->2 complete
2026/09/06 08:54:58 schema: migration 2->3: add agent_credentials table for durable enrollment
2026/09/06 08:54:58 schema: migration 2->3 complete
2026/09/06 08:54:58 schema: migration 3->4: add source_ip and user_id to terminal_sessions for audit logging
2026/09/06 08:54:58 schema: migration 3->4 complete
2026/09/06 08:54:58 schema: migration 4->5: add api_machines table for API-polled machines
2026/09/06 08:54:58 schema: migration 4->5 complete
2026/09/06 08:54:58 schema: migration 5->6: add tls_config to api_machines for per-machine TLS trust
2026/09/06 08:54:58 schema: migration 5->6 complete
2026/09/06 08:54:58 schema: migration 6->7: add role column to users for RBAC
2026/09/06 08:54:58 schema: migration 6->7 complete
2026/09/06 08:54:58 schema: migration 7->8: add hardware_info JSON column to machines for static spec snapshots
2026/09/06 08:54:58 schema: migration 7->8 complete
2026/09/06 08:54:58 schema: migration 8->9: add theme_name and theme_mode columns to users for per-user theme prefs
2026/09/06 08:54:58 schema: migration 8->9 complete
2026/09/06 08:54:58 schema: migration 9->10: create branding_config table for admin instance branding (Phase 10)
2026/09/06 08:54:58 schema: migration 9->10 complete
2026/09/06 08:54:58 schema: migration 10->11: Phase 11 — add per-user workflow personalization columns to users
2026/09/06 08:54:58 schema: migration 10->11 complete
2026/09/06 08:54:58 schema: migration 11->12: Phase 11 — create user_pinned_machines table
2026/09/06 08:54:58 schema: migration 11->12 complete
2026/09/06 08:54:58 schema: migration 12->13: Phase 11 — create user_saved_filters table
2026/09/06 08:54:58 schema: migration 12->13 complete
2026/09/06 08:54:58 schema: migration 13->14: Phase 11 — add welcome_message to branding_config
2026/09/06 08:54:58 schema: migration 13->14 complete
2026/09/06 08:54:58 schema: migration 14->15: Phase 12 — add notes column to machines
2026/09/06 08:54:58 schema: migration 14->15 complete
2026/09/06 08:54:58 schema: migration 15->16: Phase 12 — add cpu_temp_c column to metrics
2026/09/06 08:54:58 schema: migration 15->16 complete
2026/09/06 08:54:58 schema: migration 16->17: add nullable target_machine_id to tokens for machine-bound Windows re-enrollment
2026/09/06 08:54:58 schema: migration 16->17 complete
2026/09/06 08:54:58 schema: migration 17->18: add nullable pending_secret_hash and pending_expires_at to agent_credentials for staged Windows re-enrollment handoff
2026/09/06 08:54:58 schema: migration 17->18 complete
2026/09/06 08:54:58 schema: migration 18->19: create hub_settings key/value table (AI Sessions feature switch)
2026/09/06 08:54:58 schema: migration 18->19 complete
2026/09/06 08:54:58 schema: migration 19->20: add mint_time_script and mint-time binding columns to tokens to bind join links to mint-time configuration
2026/09/06 08:54:58 schema: migration 19->20 complete
2026/09/06 08:54:58 schema: migration 20->21: scrub raw install tokens persisted in tokens.mint_time_script
2026/09/06 08:54:58 schema: migration 20->21 complete
2026/09/06 08:54:58 schema: all migrations applied — now at version 21
2026/09/06 08:55:02 schema: at version 0, target 21 — applying 21 migration(s)
2026/09/06 08:55:02 schema: migration 0->1: baseline schema: create all tables and indexes
2026/09/06 08:55:02 schema: migration 0->1 complete
2026/09/06 08:55:02 schema: migration 1->2: add tags, terminal_pin_hash, password_changed, pin_changed columns
2026/09/06 08:55:02 schema: migration 1->2 complete
2026/09/06 08:55:02 schema: migration 2->3: add agent_credentials table for durable enrollment
2026/09/06 08:55:02 schema: migration 2->3 complete
2026/09/06 08:55:02 schema: migration 3->4: add source_ip and user_id to terminal_sessions for audit logging
2026/09/06 08:55:02 schema: migration 3->4 complete
2026/09/06 08:55:02 schema: migration 4->5: add api_machines table for API-polled machines
2026/09/06 08:55:02 schema: migration 4->5 complete
2026/09/06 08:55:02 schema: migration 5->6: add tls_config to api_machines for per-machine TLS trust
2026/09/06 08:55:02 schema: migration 5->6 complete
2026/09/06 08:55:02 schema: migration 6->7: add role column to users for RBAC
2026/09/06 08:55:02 schema: migration 6->7 complete
2026/09/06 08:55:02 schema: migration 7->8: add hardware_info JSON column to machines for static spec snapshots
2026/09/06 08:55:02 schema: migration 7->8 complete
2026/09/06 08:55:02 schema: migration 8->9: add theme_name and theme_mode columns to users for per-user theme prefs
2026/09/06 08:55:02 schema: migration 8->9 complete
2026/09/06 08:55:02 schema: migration 9->10: create branding_config table for admin instance branding (Phase 10)
2026/09/06 08:55:02 schema: migration 9->10 complete
2026/09/06 08:55:02 schema: migration 10->11: Phase 11 — add per-user workflow personalization columns to users
2026/09/06 08:55:02 schema: migration 10->11 complete
2026/09/06 08:55:02 schema: migration 11->12: Phase 11 — create user_pinned_machines table
2026/09/06 08:55:02 schema: migration 11->12 complete
2026/09/06 08:55:02 schema: migration 12->13: Phase 11 — create user_saved_filters table
2026/09/06 08:55:02 schema: migration 12->13 complete
2026/09/06 08:55:02 schema: migration 13->14: Phase 11 — add welcome_message to branding_config
2026/09/06 08:55:02 schema: migration 13->14 complete
2026/09/06 08:55:02 schema: migration 14->15: Phase 12 — add notes column to machines
2026/09/06 08:55:02 schema: migration 14->15 complete
2026/09/06 08:55:02 schema: migration 15->16: Phase 12 — add cpu_temp_c column to metrics
2026/09/06 08:55:02 schema: migration 15->16 complete
2026/09/06 08:55:02 schema: migration 16->17: add nullable target_machine_id to tokens for machine-bound Windows re-enrollment
2026/09/06 08:55:02 schema: migration 16->17 complete
2026/09/06 08:55:02 schema: migration 17->18: add nullable pending_secret_hash and pending_expires_at to agent_credentials for staged Windows re-enrollment handoff
2026/09/06 08:55:02 schema: migration 17->18 complete
2026/09/06 08:55:02 schema: migration 18->19: create hub_settings key/value table (AI Sessions feature switch)
2026/09/06 08:55:02 schema: migration 18->19 complete
2026/09/06 08:55:02 schema: migration 19->20: add mint_time_script and mint-time binding columns to tokens to bind join links to mint-time configuration
2026/09/06 08:55:02 schema: migration 19->20 complete
2026/09/06 08:55:02 schema: migration 20->21: scrub raw install tokens persisted in tokens.mint_time_script
2026/09/06 08:55:02 schema: migration 20->21 complete
2026/09/06 08:55:02 schema: all migrations applied — now at version 21
2026/09/06 08:55:06 schema: at version 0, target 21 — applying 21 migration(s)
2026/09/06 08:55:06 schema: migration 0->1: baseline schema: create all tables and indexes
2026/09/06 08:55:06 schema: migration 0->1 complete
2026/09/06 08:55:06 schema: migration 1->2: add tags, terminal_pin_hash, password_changed, pin_changed columns
2026/09/06 08:55:06 schema: migration 1->2 complete
2026/09/06 08:55:06 schema: migration 2->3: add agent_credentials table for durable enrollment
2026/09/06 08:55:06 schema: migration 2->3 complete
2026/09/06 08:55:06 schema: migration 3->4: add source_ip and user_id to terminal_sessions for audit logging
2026/09/06 08:55:06 schema: migration 3->4 complete
2026/09/06 08:55:06 schema: migration 4->5: add api_machines table for API-polled machines
2026/09/06 08:55:06 schema: migration 4->5 complete
2026/09/06 08:55:06 schema: migration 5->6: add tls_config to api_machines for per-machine TLS trust
2026/09/06 08:55:06 schema: migration 5->6 complete
2026/09/06 08:55:06 schema: migration 6->7: add role column to users for RBAC
2026/09/06 08:55:06 schema: migration 6->7 complete
2026/09/06 08:55:06 schema: migration 7->8: add hardware_info JSON column to machines for static spec snapshots
2026/09/06 08:55:06 schema: migration 7->8 complete
2026/09/06 08:55:06 schema: migration 8->9: add theme_name and theme_mode columns to users for per-user theme prefs
2026/09/06 08:55:06 schema: migration 8->9 complete
2026/09/06 08:55:06 schema: migration 9->10: create branding_config table for admin instance branding (Phase 10)
2026/09/06 08:55:06 schema: migration 9->10 complete
2026/09/06 08:55:06 schema: migration 10->11: Phase 11 — add per-user workflow personalization columns to users
2026/09/06 08:55:06 schema: migration 10->11 complete
2026/09/06 08:55:06 schema: migration 11->12: Phase 11 — create user_pinned_machines table
2026/09/06 08:55:06 schema: migration 11->12 complete
2026/09/06 08:55:06 schema: migration 12->13: Phase 11 — create user_saved_filters table
2026/09/06 08:55:06 schema: migration 12->13 complete
2026/09/06 08:55:06 schema: migration 13->14: Phase 11 — add welcome_message to branding_config
2026/09/06 08:55:06 schema: migration 13->14 complete
2026/09/06 08:55:06 schema: migration 14->15: Phase 12 — add notes column to machines
2026/09/06 08:55:06 schema: migration 14->15 complete
2026/09/06 08:55:06 schema: migration 15->16: Phase 12 — add cpu_temp_c column to metrics
2026/09/06 08:55:06 schema: migration 15->16 complete
2026/09/06 08:55:06 schema: migration 16->17: add nullable target_machine_id to tokens for machine-bound Windows re-enrollment
2026/09/06 08:55:06 schema: migration 16->17 complete
2026/09/06 08:55:06 schema: migration 17->18: add nullable pending_secret_hash and pending_expires_at to agent_credentials for staged Windows re-enrollment handoff
2026/09/06 08:55:06 schema: migration 17->18 complete
2026/09/06 08:55:06 schema: migration 18->19: create hub_settings key/value table (AI Sessions feature switch)
2026/09/06 08:55:06 schema: migration 18->19 complete
2026/09/06 08:55:06 schema: migration 19->20: add mint_time_script and mint-time binding columns to tokens to bind join links to mint-time configuration
2026/09/06 08:55:06 schema: migration 19->20 complete
2026/09/06 08:55:06 schema: migration 20->21: scrub raw install tokens persisted in tokens.mint_time_script
2026/09/06 08:55:06 schema: migration 20->21 complete
2026/09/06 08:55:06 schema: all migrations applied — now at version 21
2026/09/06 08:55:09 install bootstrap: using CA cert /tmp/TestJoinCommandShapesno_trust-all_pipe_in_any_command1837279275/001/root.crt
2026/09/06 08:55:09 schema: at version 0, target 21 — applying 21 migration(s)
2026/09/06 08:55:09 schema: migration 0->1: baseline schema: create all tables and indexes
2026/09/06 08:55:09 schema: migration 0->1 complete
2026/09/06 08:55:09 schema: migration 1->2: add tags, terminal_pin_hash, password_changed, pin_changed columns
2026/09/06 08:55:09 schema: migration 1->2 complete
2026/09/06 08:55:09 schema: migration 2->3: add agent_credentials table for durable enrollment
2026/09/06 08:55:09 schema: migration 2->3 complete
2026/09/06 08:55:09 schema: migration 3->4: add source_ip and user_id to terminal_sessions for audit logging
2026/09/06 08:55:09 schema: migration 3->4 complete
2026/09/06 08:55:09 schema: migration 4->5: add api_machines table for API-polled machines
2026/09/06 08:55:09 schema: migration 4->5 complete
2026/09/06 08:55:09 schema: migration 5->6: add tls_config to api_machines for per-machine TLS trust
2026/09/06 08:55:09 schema: migration 5->6 complete
2026/09/06 08:55:09 schema: migration 6->7: add role column to users for RBAC
2026/09/06 08:55:09 schema: migration 6->7 complete
2026/09/06 08:55:09 schema: migration 7->8: add hardware_info JSON column to machines for static spec snapshots
2026/09/06 08:55:09 schema: migration 7->8 complete
2026/09/06 08:55:09 schema: migration 8->9: add theme_name and theme_mode columns to users for per-user theme prefs
2026/09/06 08:55:09 schema: migration 8->9 complete
2026/09/06 08:55:09 schema: migration 9->10: create branding_config table for admin instance branding (Phase 10)
2026/09/06 08:55:09 schema: migration 9->10 complete
2026/09/06 08:55:09 schema: migration 10->11: Phase 11 — add per-user workflow personalization columns to users
2026/09/06 08:55:10 schema: migration 10->11 complete
2026/09/06 08:55:10 schema: migration 11->12: Phase 11 — create user_pinned_machines table
2026/09/06 08:55:10 schema: migration 11->12 complete
2026/09/06 08:55:10 schema: migration 12->13: Phase 11 — create user_saved_filters table
2026/09/06 08:55:10 schema: migration 12->13 complete
2026/09/06 08:55:10 schema: migration 13->14: Phase 11 — add welcome_message to branding_config
2026/09/06 08:55:10 schema: migration 13->14 complete
2026/09/06 08:55:10 schema: migration 14->15: Phase 12 — add notes column to machines
2026/09/06 08:55:10 schema: migration 14->15 complete
2026/09/06 08:55:10 schema: migration 15->16: Phase 12 — add cpu_temp_c column to metrics
2026/09/06 08:55:10 schema: migration 15->16 complete
2026/09/06 08:55:10 schema: migration 16->17: add nullable target_machine_id to tokens for machine-bound Windows re-enrollment
2026/09/06 08:55:10 schema: migration 16->17 complete
2026/09/06 08:55:10 schema: migration 17->18: add nullable pending_secret_hash and pending_expires_at to agent_credentials for staged Windows re-enrollment handoff
2026/09/06 08:55:10 schema: migration 17->18 complete
2026/09/06 08:55:10 schema: migration 18->19: create hub_settings key/value table (AI Sessions feature switch)
2026/09/06 08:55:10 schema: migration 18->19 complete
2026/09/06 08:55:10 schema: migration 19->20: add mint_time_script and mint-time binding columns to tokens to bind join links to mint-time configuration
2026/09/06 08:55:10 schema: migration 19->20 complete
2026/09/06 08:55:10 schema: migration 20->21: scrub raw install tokens persisted in tokens.mint_time_script
2026/09/06 08:55:10 schema: migration 20->21 complete
2026/09/06 08:55:10 schema: all migrations applied — now at version 21
2026/09/06 08:55:13 schema: at version 0, target 21 — applying 21 migration(s)
2026/09/06 08:55:13 schema: migration 0->1: baseline schema: create all tables and indexes
2026/09/06 08:55:13 schema: migration 0->1 complete
2026/09/06 08:55:13 schema: migration 1->2: add tags, terminal_pin_hash, password_changed, pin_changed columns
2026/09/06 08:55:13 schema: migration 1->2 complete
2026/09/06 08:55:13 schema: migration 2->3: add agent_credentials table for durable enrollment
2026/09/06 08:55:13 schema: migration 2->3 complete
2026/09/06 08:55:13 schema: migration 3->4: add source_ip and user_id to terminal_sessions for audit logging
2026/09/06 08:55:13 schema: migration 3->4 complete
2026/09/06 08:55:13 schema: migration 4->5: add api_machines table for API-polled machines
2026/09/06 08:55:13 schema: migration 4->5 complete
2026/09/06 08:55:13 schema: migration 5->6: add tls_config to api_machines for per-machine TLS trust
2026/09/06 08:55:13 schema: migration 5->6 complete
2026/09/06 08:55:13 schema: migration 6->7: add role column to users for RBAC
2026/09/06 08:55:13 schema: migration 6->7 complete
2026/09/06 08:55:13 schema: migration 7->8: add hardware_info JSON column to machines for static spec snapshots
2026/09/06 08:55:13 schema: migration 7->8 complete
2026/09/06 08:55:13 schema: migration 8->9: add theme_name and theme_mode columns to users for per-user theme prefs
2026/09/06 08:55:13 schema: migration 8->9 complete
2026/09/06 08:55:13 schema: migration 9->10: create branding_config table for admin instance branding (Phase 10)
2026/09/06 08:55:13 schema: migration 9->10 complete
2026/09/06 08:55:13 schema: migration 10->11: Phase 11 — add per-user workflow personalization columns to users
2026/09/06 08:55:13 schema: migration 10->11 complete
2026/09/06 08:55:13 schema: migration 11->12: Phase 11 — create user_pinned_machines table
2026/09/06 08:55:13 schema: migration 11->12 complete
2026/09/06 08:55:13 schema: migration 12->13: Phase 11 — create user_saved_filters table
2026/09/06 08:55:13 schema: migration 12->13 complete
2026/09/06 08:55:13 schema: migration 13->14: Phase 11 — add welcome_message to branding_config
2026/09/06 08:55:13 schema: migration 13->14 complete
2026/09/06 08:55:13 schema: migration 14->15: Phase 12 — add notes column to machines
2026/09/06 08:55:13 schema: migration 14->15 complete
2026/09/06 08:55:13 schema: migration 15->16: Phase 12 — add cpu_temp_c column to metrics
2026/09/06 08:55:13 schema: migration 15->16 complete
2026/09/06 08:55:13 schema: migration 16->17: add nullable target_machine_id to tokens for machine-bound Windows re-enrollment
2026/09/06 08:55:13 schema: migration 16->17 complete
2026/09/06 08:55:13 schema: migration 17->18: add nullable pending_secret_hash and pending_expires_at to agent_credentials for staged Windows re-enrollment handoff
2026/09/06 08:55:13 schema: migration 17->18 complete
2026/09/06 08:55:13 schema: migration 18->19: create hub_settings key/value table (AI Sessions feature switch)
2026/09/06 08:55:13 schema: migration 18->19 complete
2026/09/06 08:55:13 schema: migration 19->20: add mint_time_script and mint-time binding columns to tokens to bind join links to mint-time configuration
2026/09/06 08:55:13 schema: migration 19->20 complete
2026/09/06 08:55:13 schema: migration 20->21: scrub raw install tokens persisted in tokens.mint_time_script
2026/09/06 08:55:13 schema: migration 20->21 complete
2026/09/06 08:55:13 schema: all migrations applied — now at version 21
2026/09/06 08:55:17 schema: at version 0, target 21 — applying 21 migration(s)
2026/09/06 08:55:17 schema: migration 0->1: baseline schema: create all tables and indexes
2026/09/06 08:55:17 schema: migration 0->1 complete
2026/09/06 08:55:17 schema: migration 1->2: add tags, terminal_pin_hash, password_changed, pin_changed columns
2026/09/06 08:55:17 schema: migration 1->2 complete
2026/09/06 08:55:17 schema: migration 2->3: add agent_credentials table for durable enrollment
2026/09/06 08:55:17 schema: migration 2->3 complete
2026/09/06 08:55:17 schema: migration 3->4: add source_ip and user_id to terminal_sessions for audit logging
2026/09/06 08:55:17 schema: migration 3->4 complete
2026/09/06 08:55:17 schema: migration 4->5: add api_machines table for API-polled machines
2026/09/06 08:55:17 schema: migration 4->5 complete
2026/09/06 08:55:17 schema: migration 5->6: add tls_config to api_machines for per-machine TLS trust
2026/09/06 08:55:17 schema: migration 5->6 complete
2026/09/06 08:55:17 schema: migration 6->7: add role column to users for RBAC
2026/09/06 08:55:17 schema: migration 6->7 complete
2026/09/06 08:55:17 schema: migration 7->8: add hardware_info JSON column to machines for static spec snapshots
2026/09/06 08:55:17 schema: migration 7->8 complete
2026/09/06 08:55:17 schema: migration 8->9: add theme_name and theme_mode columns to users for per-user theme prefs
2026/09/06 08:55:17 schema: migration 8->9 complete
2026/09/06 08:55:17 schema: migration 9->10: create branding_config table for admin instance branding (Phase 10)
2026/09/06 08:55:17 schema: migration 9->10 complete
2026/09/06 08:55:17 schema: migration 10->11: Phase 11 — add per-user workflow personalization columns to users
2026/09/06 08:55:17 schema: migration 10->11 complete
2026/09/06 08:55:17 schema: migration 11->12: Phase 11 — create user_pinned_machines table
2026/09/06 08:55:17 schema: migration 11->12 complete
2026/09/06 08:55:17 schema: migration 12->13: Phase 11 — create user_saved_filters table
2026/09/06 08:55:17 schema: migration 12->13 complete
2026/09/06 08:55:17 schema: migration 13->14: Phase 11 — add welcome_message to branding_config
2026/09/06 08:55:17 schema: migration 13->14 complete
2026/09/06 08:55:17 schema: migration 14->15: Phase 12 — add notes column to machines
2026/09/06 08:55:17 schema: migration 14->15 complete
2026/09/06 08:55:17 schema: migration 15->16: Phase 12 — add cpu_temp_c column to metrics
2026/09/06 08:55:17 schema: migration 15->16 complete
2026/09/06 08:55:17 schema: migration 16->17: add nullable target_machine_id to tokens for machine-bound Windows re-enrollment
2026/09/06 08:55:17 schema: migration 16->17 complete
2026/09/06 08:55:17 schema: migration 17->18: add nullable pending_secret_hash and pending_expires_at to agent_credentials for staged Windows re-enrollment handoff
2026/09/06 08:55:17 schema: migration 17->18 complete
2026/09/06 08:55:17 schema: migration 18->19: create hub_settings key/value table (AI Sessions feature switch)
2026/09/06 08:55:17 schema: migration 18->19 complete
2026/09/06 08:55:17 schema: migration 19->20: add mint_time_script and mint-time binding columns to tokens to bind join links to mint-time configuration
2026/09/06 08:55:17 schema: migration 19->20 complete
2026/09/06 08:55:17 schema: migration 20->21: scrub raw install tokens persisted in tokens.mint_time_script
2026/09/06 08:55:17 schema: migration 20->21 complete
2026/09/06 08:55:17 schema: all migrations applied — now at version 21
2026/09/06 08:55:20 install bootstrap: using CA cert /tmp/TestJoinRefusesToMintWithoutATrustworthyPin1005980543/001/root.crt
2026/09/06 08:55:20 token_create: refusing to mint, cannot pin the hub's TLS key for the join command: TLS handshake with hub.lan:443 using the configured CA failed: x509: certificate signed by unknown authority (CA: /tmp/TestJoinRefusesToMintWithoutATrustworthyPin1005980543/001/root.crt)
2026/09/06 08:55:20 schema: at version 0, target 21 — applying 21 migration(s)
2026/09/06 08:55:20 schema: migration 0->1: baseline schema: create all tables and indexes
2026/09/06 08:55:21 schema: migration 0->1 complete
2026/09/06 08:55:21 schema: migration 1->2: add tags, terminal_pin_hash, password_changed, pin_changed columns
2026/09/06 08:55:21 schema: migration 1->2 complete
2026/09/06 08:55:21 schema: migration 2->3: add agent_credentials table for durable enrollment
2026/09/06 08:55:21 schema: migration 2->3 complete
2026/09/06 08:55:21 schema: migration 3->4: add source_ip and user_id to terminal_sessions for audit logging
2026/09/06 08:55:21 schema: migration 3->4 complete
2026/09/06 08:55:21 schema: migration 4->5: add api_machines table for API-polled machines
2026/09/06 08:55:21 schema: migration 4->5 complete
2026/09/06 08:55:21 schema: migration 5->6: add tls_config to api_machines for per-machine TLS trust
2026/09/06 08:55:21 schema: migration 5->6 complete
2026/09/06 08:55:21 schema: migration 6->7: add role column to users for RBAC
2026/09/06 08:55:21 schema: migration 6->7 complete
2026/09/06 08:55:21 schema: migration 7->8: add hardware_info JSON column to machines for static spec snapshots
2026/09/06 08:55:21 schema: migration 7->8 complete
2026/09/06 08:55:21 schema: migration 8->9: add theme_name and theme_mode columns to users for per-user theme prefs
2026/09/06 08:55:21 schema: migration 8->9 complete
2026/09/06 08:55:21 schema: migration 9->10: create branding_config table for admin instance branding (Phase 10)
2026/09/06 08:55:21 schema: migration 9->10 complete
2026/09/06 08:55:21 schema: migration 10->11: Phase 11 — add per-user workflow personalization columns to users
2026/09/06 08:55:21 schema: migration 10->11 complete
2026/09/06 08:55:21 schema: migration 11->12: Phase 11 — create user_pinned_machines table
2026/09/06 08:55:21 schema: migration 11->12 complete
2026/09/06 08:55:21 schema: migration 12->13: Phase 11 — create user_saved_filters table
2026/09/06 08:55:21 schema: migration 12->13 complete
2026/09/06 08:55:21 schema: migration 13->14: Phase 11 — add welcome_message to branding_config
2026/09/06 08:55:21 schema: migration 13->14 complete
2026/09/06 08:55:21 schema: migration 14->15: Phase 12 — add notes column to machines
2026/09/06 08:55:21 schema: migration 14->15 complete
2026/09/06 08:55:21 schema: migration 15->16: Phase 12 — add cpu_temp_c column to metrics
2026/09/06 08:55:21 schema: migration 15->16 complete
2026/09/06 08:55:21 schema: migration 16->17: add nullable target_machine_id to tokens for machine-bound Windows re-enrollment
2026/09/06 08:55:21 schema: migration 16->17 complete
2026/09/06 08:55:21 schema: migration 17->18: add nullable pending_secret_hash and pending_expires_at to agent_credentials for staged Windows re-enrollment handoff
2026/09/06 08:55:21 schema: migration 17->18 complete
2026/09/06 08:55:21 schema: migration 18->19: create hub_settings key/value table (AI Sessions feature switch)
2026/09/06 08:55:21 schema: migration 18->19 complete
2026/09/06 08:55:21 schema: migration 19->20: add mint_time_script and mint-time binding columns to tokens to bind join links to mint-time configuration
2026/09/06 08:55:21 schema: migration 19->20 complete
2026/09/06 08:55:21 schema: migration 20->21: scrub raw install tokens persisted in tokens.mint_time_script
2026/09/06 08:55:21 schema: migration 20->21 complete
2026/09/06 08:55:21 schema: all migrations applied — now at version 21
2026/09/06 08:55:23 schema: at version 0, target 21 — applying 21 migration(s)
2026/09/06 08:55:23 schema: migration 0->1: baseline schema: create all tables and indexes
2026/09/06 08:55:23 schema: migration 0->1 complete
2026/09/06 08:55:23 schema: migration 1->2: add tags, terminal_pin_hash, password_changed, pin_changed columns
2026/09/06 08:55:23 schema: migration 1->2 complete
2026/09/06 08:55:23 schema: migration 2->3: add agent_credentials table for durable enrollment
2026/09/06 08:55:23 schema: migration 2->3 complete
2026/09/06 08:55:23 schema: migration 3->4: add source_ip and user_id to terminal_sessions for audit logging
2026/09/06 08:55:23 schema: migration 3->4 complete
2026/09/06 08:55:23 schema: migration 4->5: add api_machines table for API-polled machines
2026/09/06 08:55:23 schema: migration 4->5 complete
2026/09/06 08:55:23 schema: migration 5->6: add tls_config to api_machines for per-machine TLS trust
2026/09/06 08:55:23 schema: migration 5->6 complete
2026/09/06 08:55:23 schema: migration 6->7: add role column to users for RBAC
2026/09/06 08:55:23 schema: migration 6->7 complete
2026/09/06 08:55:23 schema: migration 7->8: add hardware_info JSON column to machines for static spec snapshots
2026/09/06 08:55:23 schema: migration 7->8 complete
2026/09/06 08:55:23 schema: migration 8->9: add theme_name and theme_mode columns to users for per-user theme prefs
2026/09/06 08:55:23 schema: migration 8->9 complete
2026/09/06 08:55:23 schema: migration 9->10: create branding_config table for admin instance branding (Phase 10)
2026/09/06 08:55:23 schema: migration 9->10 complete
2026/09/06 08:55:23 schema: migration 10->11: Phase 11 — add per-user workflow personalization columns to users
2026/09/06 08:55:23 schema: migration 10->11 complete
2026/09/06 08:55:23 schema: migration 11->12: Phase 11 — create user_pinned_machines table
2026/09/06 08:55:23 schema: migration 11->12 complete
2026/09/06 08:55:23 schema: migration 12->13: Phase 11 — create user_saved_filters table
2026/09/06 08:55:23 schema: migration 12->13 complete
2026/09/06 08:55:23 schema: migration 13->14: Phase 11 — add welcome_message to branding_config
2026/09/06 08:55:23 schema: migration 13->14 complete
2026/09/06 08:55:23 schema: migration 14->15: Phase 12 — add notes column to machines
2026/09/06 08:55:23 schema: migration 14->15 complete
2026/09/06 08:55:23 schema: migration 15->16: Phase 12 — add cpu_temp_c column to metrics
2026/09/06 08:55:23 schema: migration 15->16 complete
2026/09/06 08:55:23 schema: migration 16->17: add nullable target_machine_id to tokens for machine-bound Windows re-enrollment
2026/09/06 08:55:24 schema: migration 16->17 complete
2026/09/06 08:55:24 schema: migration 17->18: add nullable pending_secret_hash and pending_expires_at to agent_credentials for staged Windows re-enrollment handoff
2026/09/06 08:55:24 schema: migration 17->18 complete
2026/09/06 08:55:24 schema: migration 18->19: create hub_settings key/value table (AI Sessions feature switch)
2026/09/06 08:55:24 schema: migration 18->19 complete
2026/09/06 08:55:24 schema: migration 19->20: add mint_time_script and mint-time binding columns to tokens to bind join links to mint-time configuration
2026/09/06 08:55:24 schema: migration 19->20 complete
2026/09/06 08:55:24 schema: migration 20->21: scrub raw install tokens persisted in tokens.mint_time_script
2026/09/06 08:55:24 schema: migration 20->21 complete
2026/09/06 08:55:24 schema: all migrations applied — now at version 21
2026/09/06 08:55:27 agent token validated successfully
2026/09/06 08:55:27 new agent issued enrollment secret, awaiting commit: test-host (join-retry-machine)
2026/09/06 08:55:27 agent awaiting enrollment commit: test-host (join-retry-machine)
2026/09/06 08:55:27 agent disconnected: websocket: close 1006 (abnormal closure): unexpected EOF
2026/09/06 08:55:27 agent offline: join-retry-machine
2026/09/06 08:55:27 agent token validated successfully
2026/09/06 08:55:27 new agent issued enrollment secret, awaiting commit: test-host (join-retry-machine)
2026/09/06 08:55:27 agent awaiting enrollment commit: test-host (join-retry-machine)
2026/09/06 08:55:27 committed fresh enrollment and sent enrollment_confirmed: join-retry-machine
2026/09/06 08:55:27 agent disconnected: read tcp 127.0.0.1:43497->127.0.0.1:57308: read: connection reset by peer
2026/09/06 08:55:27 mark offline error: sql: database is closed
2026/09/06 08:55:27 agent offline: join-retry-machine
2026/09/06 08:55:27 schema: at version 0, target 21 — applying 21 migration(s)
2026/09/06 08:55:27 schema: migration 0->1: baseline schema: create all tables and indexes
2026/09/06 08:55:27 schema: migration 0->1 complete
2026/09/06 08:55:27 schema: migration 1->2: add tags, terminal_pin_hash, password_changed, pin_changed columns
2026/09/06 08:55:27 schema: migration 1->2 complete
2026/09/06 08:55:27 schema: migration 2->3: add agent_credentials table for durable enrollment
2026/09/06 08:55:27 schema: migration 2->3 complete
2026/09/06 08:55:27 schema: migration 3->4: add source_ip and user_id to terminal_sessions for audit logging
2026/09/06 08:55:27 schema: migration 3->4 complete
2026/09/06 08:55:27 schema: migration 4->5: add api_machines table for API-polled machines
2026/09/06 08:55:27 schema: migration 4->5 complete
2026/09/06 08:55:27 schema: migration 5->6: add tls_config to api_machines for per-machine TLS trust
2026/09/06 08:55:27 schema: migration 5->6 complete
2026/09/06 08:55:27 schema: migration 6->7: add role column to users for RBAC
2026/09/06 08:55:27 schema: migration 6->7 complete
2026/09/06 08:55:27 schema: migration 7->8: add hardware_info JSON column to machines for static spec snapshots
2026/09/06 08:55:27 schema: migration 7->8 complete
2026/09/06 08:55:27 schema: migration 8->9: add theme_name and theme_mode columns to users for per-user theme prefs
2026/09/06 08:55:27 schema: migration 8->9 complete
2026/09/06 08:55:27 schema: migration 9->10: create branding_config table for admin instance branding (Phase 10)
2026/09/06 08:55:27 schema: migration 9->10 complete
2026/09/06 08:55:27 schema: migration 10->11: Phase 11 — add per-user workflow personalization columns to users
2026/09/06 08:55:27 schema: migration 10->11 complete
2026/09/06 08:55:27 schema: migration 11->12: Phase 11 — create user_pinned_machines table
2026/09/06 08:55:27 schema: migration 11->12 complete
2026/09/06 08:55:27 schema: migration 12->13: Phase 11 — create user_saved_filters table
2026/09/06 08:55:27 schema: migration 12->13 complete
2026/09/06 08:55:27 schema: migration 13->14: Phase 11 — add welcome_message to branding_config
2026/09/06 08:55:27 schema: migration 13->14 complete
2026/09/06 08:55:27 schema: migration 14->15: Phase 12 — add notes column to machines
2026/09/06 08:55:27 schema: migration 14->15 complete
2026/09/06 08:55:27 schema: migration 15->16: Phase 12 — add cpu_temp_c column to metrics
2026/09/06 08:55:27 schema: migration 15->16 complete
2026/09/06 08:55:27 schema: migration 16->17: add nullable target_machine_id to tokens for machine-bound Windows re-enrollment
2026/09/06 08:55:27 schema: migration 16->17 complete
2026/09/06 08:55:27 schema: migration 17->18: add nullable pending_secret_hash and pending_expires_at to agent_credentials for staged Windows re-enrollment handoff
2026/09/06 08:55:27 schema: migration 17->18 complete
2026/09/06 08:55:27 schema: migration 18->19: create hub_settings key/value table (AI Sessions feature switch)
2026/09/06 08:55:27 schema: migration 18->19 complete
2026/09/06 08:55:27 schema: migration 19->20: add mint_time_script and mint-time binding columns to tokens to bind join links to mint-time configuration
2026/09/06 08:55:27 schema: migration 19->20 complete
2026/09/06 08:55:27 schema: migration 20->21: scrub raw install tokens persisted in tokens.mint_time_script
2026/09/06 08:55:27 schema: migration 20->21 complete
2026/09/06 08:55:27 schema: all migrations applied — now at version 21
2026/09/06 08:55:31 schema: at version 0, target 21 — applying 21 migration(s)
2026/09/06 08:55:31 schema: migration 0->1: baseline schema: create all tables and indexes
2026/09/06 08:55:31 schema: migration 0->1 complete
2026/09/06 08:55:31 schema: migration 1->2: add tags, terminal_pin_hash, password_changed, pin_changed columns
2026/09/06 08:55:31 schema: migration 1->2 complete
2026/09/06 08:55:31 schema: migration 2->3: add agent_credentials table for durable enrollment
2026/09/06 08:55:31 schema: migration 2->3 complete
2026/09/06 08:55:31 schema: migration 3->4: add source_ip and user_id to terminal_sessions for audit logging
2026/09/06 08:55:31 schema: migration 3->4 complete
2026/09/06 08:55:31 schema: migration 4->5: add api_machines table for API-polled machines
2026/09/06 08:55:31 schema: migration 4->5 complete
2026/09/06 08:55:31 schema: migration 5->6: add tls_config to api_machines for per-machine TLS trust
2026/09/06 08:55:31 schema: migration 5->6 complete
2026/09/06 08:55:31 schema: migration 6->7: add role column to users for RBAC
2026/09/06 08:55:31 schema: migration 6->7 complete
2026/09/06 08:55:31 schema: migration 7->8: add hardware_info JSON column to machines for static spec snapshots
2026/09/06 08:55:31 schema: migration 7->8 complete
2026/09/06 08:55:31 schema: migration 8->9: add theme_name and theme_mode columns to users for per-user theme prefs
2026/09/06 08:55:31 schema: migration 8->9 complete
2026/09/06 08:55:31 schema: migration 9->10: create branding_config table for admin instance branding (Phase 10)
2026/09/06 08:55:31 schema: migration 9->10 complete
2026/09/06 08:55:31 schema: migration 10->11: Phase 11 — add per-user workflow personalization columns to users
2026/09/06 08:55:31 schema: migration 10->11 complete
2026/09/06 08:55:31 schema: migration 11->12: Phase 11 — create user_pinned_machines table
2026/09/06 08:55:31 schema: migration 11->12 complete
2026/09/06 08:55:31 schema: migration 12->13: Phase 11 — create user_saved_filters table
2026/09/06 08:55:31 schema: migration 12->13 complete
2026/09/06 08:55:31 schema: migration 13->14: Phase 11 — add welcome_message to branding_config
2026/09/06 08:55:31 schema: migration 13->14 complete
2026/09/06 08:55:31 schema: migration 14->15: Phase 12 — add notes column to machines
2026/09/06 08:55:31 schema: migration 14->15 complete
2026/09/06 08:55:31 schema: migration 15->16: Phase 12 — add cpu_temp_c column to metrics
2026/09/06 08:55:31 schema: migration 15->16 complete
2026/09/06 08:55:31 schema: migration 16->17: add nullable target_machine_id to tokens for machine-bound Windows re-enrollment
2026/09/06 08:55:31 schema: migration 16->17 complete
2026/09/06 08:55:31 schema: migration 17->18: add nullable pending_secret_hash and pending_expires_at to agent_credentials for staged Windows re-enrollment handoff
2026/09/06 08:55:31 schema: migration 17->18 complete
2026/09/06 08:55:31 schema: migration 18->19: create hub_settings key/value table (AI Sessions feature switch)
2026/09/06 08:55:31 schema: migration 18->19 complete
2026/09/06 08:55:31 schema: migration 19->20: add mint_time_script and mint-time binding columns to tokens to bind join links to mint-time configuration
2026/09/06 08:55:31 schema: migration 19->20 complete
2026/09/06 08:55:31 schema: migration 20->21: scrub raw install tokens persisted in tokens.mint_time_script
2026/09/06 08:55:31 schema: migration 20->21 complete
2026/09/06 08:55:31 schema: all migrations applied — now at version 21
2026/09/06 08:55:33 schema: at version 0, target 21 — applying 21 migration(s)
2026/09/06 08:55:33 schema: migration 0->1: baseline schema: create all tables and indexes
2026/09/06 08:55:34 schema: migration 0->1 complete
2026/09/06 08:55:34 schema: migration 1->2: add tags, terminal_pin_hash, password_changed, pin_changed columns
2026/09/06 08:55:34 schema: migration 1->2 complete
2026/09/06 08:55:34 schema: migration 2->3: add agent_credentials table for durable enrollment
2026/09/06 08:55:34 schema: migration 2->3 complete
2026/09/06 08:55:34 schema: migration 3->4: add source_ip and user_id to terminal_sessions for audit logging
2026/09/06 08:55:34 schema: migration 3->4 complete
2026/09/06 08:55:34 schema: migration 4->5: add api_machines table for API-polled machines
2026/09/06 08:55:34 schema: migration 4->5 complete
2026/09/06 08:55:34 schema: migration 5->6: add tls_config to api_machines for per-machine TLS trust
2026/09/06 08:55:34 schema: migration 5->6 complete
2026/09/06 08:55:34 schema: migration 6->7: add role column to users for RBAC
2026/09/06 08:55:34 schema: migration 6->7 complete
2026/09/06 08:55:34 schema: migration 7->8: add hardware_info JSON column to machines for static spec snapshots
2026/09/06 08:55:34 schema: migration 7->8 complete
2026/09/06 08:55:34 schema: migration 8->9: add theme_name and theme_mode columns to users for per-user theme prefs
2026/09/06 08:55:34 schema: migration 8->9 complete
2026/09/06 08:55:34 schema: migration 9->10: create branding_config table for admin instance branding (Phase 10)
2026/09/06 08:55:34 schema: migration 9->10 complete
2026/09/06 08:55:34 schema: migration 10->11: Phase 11 — add per-user workflow personalization columns to users
2026/09/06 08:55:34 schema: migration 10->11 complete
2026/09/06 08:55:34 schema: migration 11->12: Phase 11 — create user_pinned_machines table
2026/09/06 08:55:34 schema: migration 11->12 complete
2026/09/06 08:55:34 schema: migration 12->13: Phase 11 — create user_saved_filters table
2026/09/06 08:55:34 schema: migration 12->13 complete
2026/09/06 08:55:34 schema: migration 13->14: Phase 11 — add welcome_message to branding_config
2026/09/06 08:55:34 schema: migration 13->14 complete
2026/09/06 08:55:34 schema: migration 14->15: Phase 12 — add notes column to machines
2026/09/06 08:55:34 schema: migration 14->15 complete
2026/09/06 08:55:34 schema: migration 15->16: Phase 12 — add cpu_temp_c column to metrics
2026/09/06 08:55:34 schema: migration 15->16 complete
2026/09/06 08:55:34 schema: migration 16->17: add nullable target_machine_id to tokens for machine-bound Windows re-enrollment
2026/09/06 08:55:34 schema: migration 16->17 complete
2026/09/06 08:55:34 schema: migration 17->18: add nullable pending_secret_hash and pending_expires_at to agent_credentials for staged Windows re-enrollment handoff
2026/09/06 08:55:34 schema: migration 17->18 complete
2026/09/06 08:55:34 schema: migration 18->19: create hub_settings key/value table (AI Sessions feature switch)
2026/09/06 08:55:34 schema: migration 18->19 complete
2026/09/06 08:55:34 schema: migration 19->20: add mint_time_script and mint-time binding columns to tokens to bind join links to mint-time configuration
2026/09/06 08:55:34 schema: migration 19->20 complete
2026/09/06 08:55:34 schema: migration 20->21: scrub raw install tokens persisted in tokens.mint_time_script
2026/09/06 08:55:34 schema: migration 20->21 complete
2026/09/06 08:55:34 schema: all migrations applied — now at version 21
2026/09/06 08:55:41 http: TLS handshake error from 127.0.0.1:52852: local error: tls: bad record MAC
2026/09/06 08:55:41 http: TLS handshake error from 127.0.0.1:36598: remote error: tls: bad certificate
2026/09/06 08:55:41 http: TLS handshake error from 127.0.0.1:55002: remote error: tls: bad certificate
2026/09/06 08:55:41 schema: at version 0, target 21 — applying 21 migration(s)
2026/09/06 08:55:41 schema: migration 0->1: baseline schema: create all tables and indexes
2026/09/06 08:55:41 schema: migration 0->1 complete
2026/09/06 08:55:41 schema: migration 1->2: add tags, terminal_pin_hash, password_changed, pin_changed columns
2026/09/06 08:55:41 schema: migration 1->2 complete
2026/09/06 08:55:41 schema: migration 2->3: add agent_credentials table for durable enrollment
2026/09/06 08:55:41 schema: migration 2->3 complete
2026/09/06 08:55:41 schema: migration 3->4: add source_ip and user_id to terminal_sessions for audit logging
2026/09/06 08:55:41 schema: migration 3->4 complete
2026/09/06 08:55:41 schema: migration 4->5: add api_machines table for API-polled machines
2026/09/06 08:55:41 schema: migration 4->5 complete
2026/09/06 08:55:41 schema: migration 5->6: add tls_config to api_machines for per-machine TLS trust
2026/09/06 08:55:41 schema: migration 5->6 complete
2026/09/06 08:55:41 schema: migration 6->7: add role column to users for RBAC
2026/09/06 08:55:41 schema: migration 6->7 complete
2026/09/06 08:55:41 schema: migration 7->8: add hardware_info JSON column to machines for static spec snapshots
2026/09/06 08:55:41 schema: migration 7->8 complete
2026/09/06 08:55:41 schema: migration 8->9: add theme_name and theme_mode columns to users for per-user theme prefs
2026/09/06 08:55:41 schema: migration 8->9 complete
2026/09/06 08:55:41 schema: migration 9->10: create branding_config table for admin instance branding (Phase 10)
2026/09/06 08:55:41 schema: migration 9->10 complete
2026/09/06 08:55:41 schema: migration 10->11: Phase 11 — add per-user workflow personalization columns to users
2026/09/06 08:55:41 schema: migration 10->11 complete
2026/09/06 08:55:41 schema: migration 11->12: Phase 11 — create user_pinned_machines table
2026/09/06 08:55:41 schema: migration 11->12 complete
2026/09/06 08:55:41 schema: migration 12->13: Phase 11 — create user_saved_filters table
2026/09/06 08:55:41 schema: migration 12->13 complete
2026/09/06 08:55:41 schema: migration 13->14: Phase 11 — add welcome_message to branding_config
2026/09/06 08:55:41 schema: migration 13->14 complete
2026/09/06 08:55:41 schema: migration 14->15: Phase 12 — add notes column to machines
2026/09/06 08:55:41 schema: migration 14->15 complete
2026/09/06 08:55:41 schema: migration 15->16: Phase 12 — add cpu_temp_c column to metrics
2026/09/06 08:55:41 schema: migration 15->16 complete
2026/09/06 08:55:41 schema: migration 16->17: add nullable target_machine_id to tokens for machine-bound Windows re-enrollment
2026/09/06 08:55:41 schema: migration 16->17 complete
2026/09/06 08:55:41 schema: migration 17->18: add nullable pending_secret_hash and pending_expires_at to agent_credentials for staged Windows re-enrollment handoff
2026/09/06 08:55:41 schema: migration 17->18 complete
2026/09/06 08:55:41 schema: migration 18->19: create hub_settings key/value table (AI Sessions feature switch)
2026/09/06 08:55:41 schema: migration 18->19 complete
2026/09/06 08:55:41 schema: migration 19->20: add mint_time_script and mint-time binding columns to tokens to bind join links to mint-time configuration
2026/09/06 08:55:41 schema: migration 19->20 complete
2026/09/06 08:55:41 schema: migration 20->21: scrub raw install tokens persisted in tokens.mint_time_script
2026/09/06 08:55:41 schema: migration 20->21 complete
2026/09/06 08:55:41 schema: all migrations applied — now at version 21
2026/09/06 08:55:45 schema: at version 0, target 21 — applying 21 migration(s)
2026/09/06 08:55:45 schema: migration 0->1: baseline schema: create all tables and indexes
2026/09/06 08:55:45 schema: migration 0->1 complete
2026/09/06 08:55:45 schema: migration 1->2: add tags, terminal_pin_hash, password_changed, pin_changed columns
2026/09/06 08:55:45 schema: migration 1->2 complete
2026/09/06 08:55:45 schema: migration 2->3: add agent_credentials table for durable enrollment
2026/09/06 08:55:45 schema: migration 2->3 complete
2026/09/06 08:55:45 schema: migration 3->4: add source_ip and user_id to terminal_sessions for audit logging
2026/09/06 08:55:45 schema: migration 3->4 complete
2026/09/06 08:55:45 schema: migration 4->5: add api_machines table for API-polled machines
2026/09/06 08:55:45 schema: migration 4->5 complete
2026/09/06 08:55:45 schema: migration 5->6: add tls_config to api_machines for per-machine TLS trust
2026/09/06 08:55:45 schema: migration 5->6 complete
2026/09/06 08:55:45 schema: migration 6->7: add role column to users for RBAC
2026/09/06 08:55:45 schema: migration 6->7 complete
2026/09/06 08:55:45 schema: migration 7->8: add hardware_info JSON column to machines for static spec snapshots
2026/09/06 08:55:45 schema: migration 7->8 complete
2026/09/06 08:55:45 schema: migration 8->9: add theme_name and theme_mode columns to users for per-user theme prefs
2026/09/06 08:55:45 schema: migration 8->9 complete
2026/09/06 08:55:45 schema: migration 9->10: create branding_config table for admin instance branding (Phase 10)
2026/09/06 08:55:45 schema: migration 9->10 complete
2026/09/06 08:55:45 schema: migration 10->11: Phase 11 — add per-user workflow personalization columns to users
2026/09/06 08:55:45 schema: migration 10->11 complete
2026/09/06 08:55:45 schema: migration 11->12: Phase 11 — create user_pinned_machines table
2026/09/06 08:55:45 schema: migration 11->12 complete
2026/09/06 08:55:45 schema: migration 12->13: Phase 11 — create user_saved_filters table
2026/09/06 08:55:45 schema: migration 12->13 complete
2026/09/06 08:55:45 schema: migration 13->14: Phase 11 — add welcome_message to branding_config
2026/09/06 08:55:45 schema: migration 13->14 complete
2026/09/06 08:55:45 schema: migration 14->15: Phase 12 — add notes column to machines
2026/09/06 08:55:45 schema: migration 14->15 complete
2026/09/06 08:55:45 schema: migration 15->16: Phase 12 — add cpu_temp_c column to metrics
2026/09/06 08:55:45 schema: migration 15->16 complete
2026/09/06 08:55:45 schema: migration 16->17: add nullable target_machine_id to tokens for machine-bound Windows re-enrollment
2026/09/06 08:55:45 schema: migration 16->17 complete
2026/09/06 08:55:45 schema: migration 17->18: add nullable pending_secret_hash and pending_expires_at to agent_credentials for staged Windows re-enrollment handoff
2026/09/06 08:55:45 schema: migration 17->18 complete
2026/09/06 08:55:45 schema: migration 18->19: create hub_settings key/value table (AI Sessions feature switch)
2026/09/06 08:55:45 schema: migration 18->19 complete
2026/09/06 08:55:45 schema: migration 19->20: add mint_time_script and mint-time binding columns to tokens to bind join links to mint-time configuration
2026/09/06 08:55:45 schema: migration 19->20 complete
2026/09/06 08:55:45 schema: migration 20->21: scrub raw install tokens persisted in tokens.mint_time_script
2026/09/06 08:55:45 schema: migration 20->21 complete
2026/09/06 08:55:45 schema: all migrations applied — now at version 21
2026/09/06 08:55:48 schema: at version 0, target 21 — applying 21 migration(s)
2026/09/06 08:55:48 schema: migration 0->1: baseline schema: create all tables and indexes
2026/09/06 08:55:49 schema: migration 0->1 complete
2026/09/06 08:55:49 schema: migration 1->2: add tags, terminal_pin_hash, password_changed, pin_changed columns
2026/09/06 08:55:49 schema: migration 1->2 complete
2026/09/06 08:55:49 schema: migration 2->3: add agent_credentials table for durable enrollment
2026/09/06 08:55:49 schema: migration 2->3 complete
2026/09/06 08:55:49 schema: migration 3->4: add source_ip and user_id to terminal_sessions for audit logging
2026/09/06 08:55:49 schema: migration 3->4 complete
2026/09/06 08:55:49 schema: migration 4->5: add api_machines table for API-polled machines
2026/09/06 08:55:49 schema: migration 4->5 complete
2026/09/06 08:55:49 schema: migration 5->6: add tls_config to api_machines for per-machine TLS trust
2026/09/06 08:55:49 schema: migration 5->6 complete
2026/09/06 08:55:49 schema: migration 6->7: add role column to users for RBAC
2026/09/06 08:55:49 schema: migration 6->7 complete
2026/09/06 08:55:49 schema: migration 7->8: add hardware_info JSON column to machines for static spec snapshots
2026/09/06 08:55:49 schema: migration 7->8 complete
2026/09/06 08:55:49 schema: migration 8->9: add theme_name and theme_mode columns to users for per-user theme prefs
2026/09/06 08:55:49 schema: migration 8->9 complete
2026/09/06 08:55:49 schema: migration 9->10: create branding_config table for admin instance branding (Phase 10)
2026/09/06 08:55:49 schema: migration 9->10 complete
2026/09/06 08:55:49 schema: migration 10->11: Phase 11 — add per-user workflow personalization columns to users
2026/09/06 08:55:49 schema: migration 10->11 complete
2026/09/06 08:55:49 schema: migration 11->12: Phase 11 — create user_pinned_machines table
2026/09/06 08:55:49 schema: migration 11->12 complete
2026/09/06 08:55:49 schema: migration 12->13: Phase 11 — create user_saved_filters table
2026/09/06 08:55:49 schema: migration 12->13 complete
2026/09/06 08:55:49 schema: migration 13->14: Phase 11 — add welcome_message to branding_config
2026/09/06 08:55:49 schema: migration 13->14 complete
2026/09/06 08:55:49 schema: migration 14->15: Phase 12 — add notes column to machines
2026/09/06 08:55:49 schema: migration 14->15 complete
2026/09/06 08:55:49 schema: migration 15->16: Phase 12 — add cpu_temp_c column to metrics
2026/09/06 08:55:49 schema: migration 15->16 complete
2026/09/06 08:55:49 schema: migration 16->17: add nullable target_machine_id to tokens for machine-bound Windows re-enrollment
2026/09/06 08:55:49 schema: migration 16->17 complete
2026/09/06 08:55:49 schema: migration 17->18: add nullable pending_secret_hash and pending_expires_at to agent_credentials for staged Windows re-enrollment handoff
2026/09/06 08:55:49 schema: migration 17->18 complete
2026/09/06 08:55:49 schema: migration 18->19: create hub_settings key/value table (AI Sessions feature switch)
2026/09/06 08:55:49 schema: migration 18->19 complete
2026/09/06 08:55:49 schema: migration 19->20: add mint_time_script and mint-time binding columns to tokens to bind join links to mint-time configuration
2026/09/06 08:55:49 schema: migration 19->20 complete
2026/09/06 08:55:49 schema: migration 20->21: scrub raw install tokens persisted in tokens.mint_time_script
2026/09/06 08:55:49 schema: migration 20->21 complete
2026/09/06 08:55:49 schema: all migrations applied — now at version 21
2026/09/06 08:55:52 install bootstrap: using CA cert /tmp/TestJoinRebuildByteEquivalenceAcrossTransportsprivate_CA384343475/001/root.crt
2026/09/06 08:55:52 install bootstrap: using CA cert /tmp/TestJoinRebuildByteEquivalenceAcrossTransportsprivate_CA384343475/001/root.crt
2026/09/06 08:55:52 schema: at version 0, target 21 — applying 21 migration(s)
2026/09/06 08:55:52 schema: migration 0->1: baseline schema: create all tables and indexes
2026/09/06 08:55:52 schema: migration 0->1 complete
2026/09/06 08:55:52 schema: migration 1->2: add tags, terminal_pin_hash, password_changed, pin_changed columns
2026/09/06 08:55:52 schema: migration 1->2 complete
2026/09/06 08:55:52 schema: migration 2->3: add agent_credentials table for durable enrollment
2026/09/06 08:55:52 schema: migration 2->3 complete
2026/09/06 08:55:52 schema: migration 3->4: add source_ip and user_id to terminal_sessions for audit logging
2026/09/06 08:55:52 schema: migration 3->4 complete
2026/09/06 08:55:52 schema: migration 4->5: add api_machines table for API-polled machines
2026/09/06 08:55:52 schema: migration 4->5 complete
2026/09/06 08:55:52 schema: migration 5->6: add tls_config to api_machines for per-machine TLS trust
2026/09/06 08:55:52 schema: migration 5->6 complete
2026/09/06 08:55:52 schema: migration 6->7: add role column to users for RBAC
2026/09/06 08:55:52 schema: migration 6->7 complete
2026/09/06 08:55:52 schema: migration 7->8: add hardware_info JSON column to machines for static spec snapshots
2026/09/06 08:55:52 schema: migration 7->8 complete
2026/09/06 08:55:52 schema: migration 8->9: add theme_name and theme_mode columns to users for per-user theme prefs
2026/09/06 08:55:52 schema: migration 8->9 complete
2026/09/06 08:55:52 schema: migration 9->10: create branding_config table for admin instance branding (Phase 10)
2026/09/06 08:55:52 schema: migration 9->10 complete
2026/09/06 08:55:52 schema: migration 10->11: Phase 11 — add per-user workflow personalization columns to users
2026/09/06 08:55:52 schema: migration 10->11 complete
2026/09/06 08:55:52 schema: migration 11->12: Phase 11 — create user_pinned_machines table
2026/09/06 08:55:52 schema: migration 11->12 complete
2026/09/06 08:55:52 schema: migration 12->13: Phase 11 — create user_saved_filters table
2026/09/06 08:55:52 schema: migration 12->13 complete
2026/09/06 08:55:52 schema: migration 13->14: Phase 11 — add welcome_message to branding_config
2026/09/06 08:55:52 schema: migration 13->14 complete
2026/09/06 08:55:52 schema: migration 14->15: Phase 12 — add notes column to machines
2026/09/06 08:55:52 schema: migration 14->15 complete
2026/09/06 08:55:52 schema: migration 15->16: Phase 12 — add cpu_temp_c column to metrics
2026/09/06 08:55:52 schema: migration 15->16 complete
2026/09/06 08:55:52 schema: migration 16->17: add nullable target_machine_id to tokens for machine-bound Windows re-enrollment
2026/09/06 08:55:52 schema: migration 16->17 complete
2026/09/06 08:55:52 schema: migration 17->18: add nullable pending_secret_hash and pending_expires_at to agent_credentials for staged Windows re-enrollment handoff
2026/09/06 08:55:53 schema: migration 17->18 complete
2026/09/06 08:55:53 schema: migration 18->19: create hub_settings key/value table (AI Sessions feature switch)
2026/09/06 08:55:53 schema: migration 18->19 complete
2026/09/06 08:55:53 schema: migration 19->20: add mint_time_script and mint-time binding columns to tokens to bind join links to mint-time configuration
2026/09/06 08:55:53 schema: migration 19->20 complete
2026/09/06 08:55:53 schema: migration 20->21: scrub raw install tokens persisted in tokens.mint_time_script
2026/09/06 08:55:53 schema: migration 20->21 complete
2026/09/06 08:55:53 schema: all migrations applied — now at version 21
2026/09/06 08:55:55 schema: at version 0, target 21 — applying 21 migration(s)
2026/09/06 08:55:55 schema: migration 0->1: baseline schema: create all tables and indexes
2026/09/06 08:55:55 schema: migration 0->1 complete
2026/09/06 08:55:55 schema: migration 1->2: add tags, terminal_pin_hash, password_changed, pin_changed columns
2026/09/06 08:55:55 schema: migration 1->2 complete
2026/09/06 08:55:55 schema: migration 2->3: add agent_credentials table for durable enrollment
2026/09/06 08:55:55 schema: migration 2->3 complete
2026/09/06 08:55:55 schema: migration 3->4: add source_ip and user_id to terminal_sessions for audit logging
2026/09/06 08:55:55 schema: migration 3->4 complete
2026/09/06 08:55:55 schema: migration 4->5: add api_machines table for API-polled machines
2026/09/06 08:55:55 schema: migration 4->5 complete
2026/09/06 08:55:55 schema: migration 5->6: add tls_config to api_machines for per-machine TLS trust
2026/09/06 08:55:55 schema: migration 5->6 complete
2026/09/06 08:55:55 schema: migration 6->7: add role column to users for RBAC
2026/09/06 08:55:55 schema: migration 6->7 complete
2026/09/06 08:55:55 schema: migration 7->8: add hardware_info JSON column to machines for static spec snapshots
2026/09/06 08:55:55 schema: migration 7->8 complete
2026/09/06 08:55:55 schema: migration 8->9: add theme_name and theme_mode columns to users for per-user theme prefs
2026/09/06 08:55:55 schema: migration 8->9 complete
2026/09/06 08:55:55 schema: migration 9->10: create branding_config table for admin instance branding (Phase 10)
2026/09/06 08:55:55 schema: migration 9->10 complete
2026/09/06 08:55:55 schema: migration 10->11: Phase 11 — add per-user workflow personalization columns to users
2026/09/06 08:55:55 schema: migration 10->11 complete
2026/09/06 08:55:55 schema: migration 11->12: Phase 11 — create user_pinned_machines table
2026/09/06 08:55:55 schema: migration 11->12 complete
2026/09/06 08:55:55 schema: migration 12->13: Phase 11 — create user_saved_filters table
2026/09/06 08:55:55 schema: migration 12->13 complete
2026/09/06 08:55:55 schema: migration 13->14: Phase 11 — add welcome_message to branding_config
2026/09/06 08:55:55 schema: migration 13->14 complete
2026/09/06 08:55:55 schema: migration 14->15: Phase 12 — add notes column to machines
2026/09/06 08:55:55 schema: migration 14->15 complete
2026/09/06 08:55:55 schema: migration 15->16: Phase 12 — add cpu_temp_c column to metrics
2026/09/06 08:55:55 schema: migration 15->16 complete
2026/09/06 08:55:55 schema: migration 16->17: add nullable target_machine_id to tokens for machine-bound Windows re-enrollment
2026/09/06 08:55:55 schema: migration 16->17 complete
2026/09/06 08:55:55 schema: migration 17->18: add nullable pending_secret_hash and pending_expires_at to agent_credentials for staged Windows re-enrollment handoff
2026/09/06 08:55:55 schema: migration 17->18 complete
2026/09/06 08:55:55 schema: migration 18->19: create hub_settings key/value table (AI Sessions feature switch)
2026/09/06 08:55:55 schema: migration 18->19 complete
2026/09/06 08:55:55 schema: migration 19->20: add mint_time_script and mint-time binding columns to tokens to bind join links to mint-time configuration
2026/09/06 08:55:55 schema: migration 19->20 complete
2026/09/06 08:55:55 schema: migration 20->21: scrub raw install tokens persisted in tokens.mint_time_script
2026/09/06 08:55:55 schema: migration 20->21 complete
2026/09/06 08:55:55 schema: all migrations applied — now at version 21
2026/09/06 08:55:58 install bootstrap: using CA cert /tmp/TestJoinRejectsAfterPublicURLChange13929782/001/root.crt
2026/09/06 08:55:58 install bootstrap: using CA cert /tmp/TestJoinRejectsAfterPublicURLChange13929782/001/root.crt
2026/09/06 08:55:58 install bootstrap: using CA cert /tmp/TestJoinRejectsAfterPublicURLChange13929782/001/root.crt
2026/09/06 08:55:58 schema: at version 0, target 21 — applying 21 migration(s)
2026/09/06 08:55:58 schema: migration 0->1: baseline schema: create all tables and indexes
2026/09/06 08:55:59 schema: migration 0->1 complete
2026/09/06 08:55:59 schema: migration 1->2: add tags, terminal_pin_hash, password_changed, pin_changed columns
2026/09/06 08:55:59 schema: migration 1->2 complete
2026/09/06 08:55:59 schema: migration 2->3: add agent_credentials table for durable enrollment
2026/09/06 08:55:59 schema: migration 2->3 complete
2026/09/06 08:55:59 schema: migration 3->4: add source_ip and user_id to terminal_sessions for audit logging
2026/09/06 08:55:59 schema: migration 3->4 complete
2026/09/06 08:55:59 schema: migration 4->5: add api_machines table for API-polled machines
2026/09/06 08:55:59 schema: migration 4->5 complete
2026/09/06 08:55:59 schema: migration 5->6: add tls_config to api_machines for per-machine TLS trust
2026/09/06 08:55:59 schema: migration 5->6 complete
2026/09/06 08:55:59 schema: migration 6->7: add role column to users for RBAC
2026/09/06 08:55:59 schema: migration 6->7 complete
2026/09/06 08:55:59 schema: migration 7->8: add hardware_info JSON column to machines for static spec snapshots
2026/09/06 08:55:59 schema: migration 7->8 complete
2026/09/06 08:55:59 schema: migration 8->9: add theme_name and theme_mode columns to users for per-user theme prefs
2026/09/06 08:55:59 schema: migration 8->9 complete
2026/09/06 08:55:59 schema: migration 9->10: create branding_config table for admin instance branding (Phase 10)
2026/09/06 08:55:59 schema: migration 9->10 complete
2026/09/06 08:55:59 schema: migration 10->11: Phase 11 — add per-user workflow personalization columns to users
2026/09/06 08:55:59 schema: migration 10->11 complete
2026/09/06 08:55:59 schema: migration 11->12: Phase 11 — create user_pinned_machines table
2026/09/06 08:55:59 schema: migration 11->12 complete
2026/09/06 08:55:59 schema: migration 12->13: Phase 11 — create user_saved_filters table
2026/09/06 08:55:59 schema: migration 12->13 complete
2026/09/06 08:55:59 schema: migration 13->14: Phase 11 — add welcome_message to branding_config
2026/09/06 08:55:59 schema: migration 13->14 complete
2026/09/06 08:55:59 schema: migration 14->15: Phase 12 — add notes column to machines
2026/09/06 08:55:59 schema: migration 14->15 complete
2026/09/06 08:55:59 schema: migration 15->16: Phase 12 — add cpu_temp_c column to metrics
2026/09/06 08:55:59 schema: migration 15->16 complete
2026/09/06 08:55:59 schema: migration 16->17: add nullable target_machine_id to tokens for machine-bound Windows re-enrollment
2026/09/06 08:55:59 schema: migration 16->17 complete
2026/09/06 08:55:59 schema: migration 17->18: add nullable pending_secret_hash and pending_expires_at to agent_credentials for staged Windows re-enrollment handoff
2026/09/06 08:55:59 schema: migration 17->18 complete
2026/09/06 08:55:59 schema: migration 18->19: create hub_settings key/value table (AI Sessions feature switch)
2026/09/06 08:55:59 schema: migration 18->19 complete
2026/09/06 08:55:59 schema: migration 19->20: add mint_time_script and mint-time binding columns to tokens to bind join links to mint-time configuration
2026/09/06 08:55:59 schema: migration 19->20 complete
2026/09/06 08:55:59 schema: migration 20->21: scrub raw install tokens persisted in tokens.mint_time_script
2026/09/06 08:55:59 schema: migration 20->21 complete
2026/09/06 08:55:59 schema: all migrations applied — now at version 21
2026/09/06 08:56:02 install bootstrap: using CA cert /tmp/TestJoinRejectsAfterCACertChange1765942947/001/root.crt
2026/09/06 08:56:02 install bootstrap: using CA cert /tmp/TestJoinRejectsAfterCACertChange1765942947/001/root.crt
2026/09/06 08:56:02 install bootstrap: using CA cert /tmp/TestJoinRejectsAfterCACertChange1765942947/002/new-ca.crt
2026/09/06 08:56:02 schema: at version 0, target 21 — applying 21 migration(s)
2026/09/06 08:56:02 schema: migration 0->1: baseline schema: create all tables and indexes
2026/09/06 08:56:02 schema: migration 0->1 complete
2026/09/06 08:56:02 schema: migration 1->2: add tags, terminal_pin_hash, password_changed, pin_changed columns
2026/09/06 08:56:02 schema: migration 1->2 complete
2026/09/06 08:56:02 schema: migration 2->3: add agent_credentials table for durable enrollment
2026/09/06 08:56:02 schema: migration 2->3 complete
2026/09/06 08:56:02 schema: migration 3->4: add source_ip and user_id to terminal_sessions for audit logging
2026/09/06 08:56:02 schema: migration 3->4 complete
2026/09/06 08:56:02 schema: migration 4->5: add api_machines table for API-polled machines
2026/09/06 08:56:02 schema: migration 4->5 complete
2026/09/06 08:56:02 schema: migration 5->6: add tls_config to api_machines for per-machine TLS trust
2026/09/06 08:56:02 schema: migration 5->6 complete
2026/09/06 08:56:02 schema: migration 6->7: add role column to users for RBAC
2026/09/06 08:56:02 schema: migration 6->7 complete
2026/09/06 08:56:02 schema: migration 7->8: add hardware_info JSON column to machines for static spec snapshots
2026/09/06 08:56:02 schema: migration 7->8 complete
2026/09/06 08:56:02 schema: migration 8->9: add theme_name and theme_mode columns to users for per-user theme prefs
2026/09/06 08:56:02 schema: migration 8->9 complete
2026/09/06 08:56:02 schema: migration 9->10: create branding_config table for admin instance branding (Phase 10)
2026/09/06 08:56:02 schema: migration 9->10 complete
2026/09/06 08:56:02 schema: migration 10->11: Phase 11 — add per-user workflow personalization columns to users
2026/09/06 08:56:02 schema: migration 10->11 complete
2026/09/06 08:56:02 schema: migration 11->12: Phase 11 — create user_pinned_machines table
2026/09/06 08:56:02 schema: migration 11->12 complete
2026/09/06 08:56:02 schema: migration 12->13: Phase 11 — create user_saved_filters table
2026/09/06 08:56:02 schema: migration 12->13 complete
2026/09/06 08:56:02 schema: migration 13->14: Phase 11 — add welcome_message to branding_config
2026/09/06 08:56:02 schema: migration 13->14 complete
2026/09/06 08:56:02 schema: migration 14->15: Phase 12 — add notes column to machines
2026/09/06 08:56:02 schema: migration 14->15 complete
2026/09/06 08:56:02 schema: migration 15->16: Phase 12 — add cpu_temp_c column to metrics
2026/09/06 08:56:02 schema: migration 15->16 complete
2026/09/06 08:56:02 schema: migration 16->17: add nullable target_machine_id to tokens for machine-bound Windows re-enrollment
2026/09/06 08:56:02 schema: migration 16->17 complete
2026/09/06 08:56:02 schema: migration 17->18: add nullable pending_secret_hash and pending_expires_at to agent_credentials for staged Windows re-enrollment handoff
2026/09/06 08:56:03 schema: migration 17->18 complete
2026/09/06 08:56:03 schema: migration 18->19: create hub_settings key/value table (AI Sessions feature switch)
2026/09/06 08:56:03 schema: migration 18->19 complete
2026/09/06 08:56:03 schema: migration 19->20: add mint_time_script and mint-time binding columns to tokens to bind join links to mint-time configuration
2026/09/06 08:56:03 schema: migration 19->20 complete
2026/09/06 08:56:03 schema: migration 20->21: scrub raw install tokens persisted in tokens.mint_time_script
2026/09/06 08:56:03 schema: migration 20->21 complete
2026/09/06 08:56:03 schema: all migrations applied — now at version 21
2026/09/06 08:56:06 install bootstrap: using CA cert /tmp/TestJoinRebuildsScriptAndStoresNoRawToken810255544/001/root.crt
2026/09/06 08:56:06 install bootstrap: using CA cert /tmp/TestJoinRebuildsScriptAndStoresNoRawToken810255544/001/root.crt
2026/09/06 08:56:06 schema: at version 0, target 21 — applying 21 migration(s)
2026/09/06 08:56:06 schema: migration 0->1: baseline schema: create all tables and indexes
2026/09/06 08:56:06 schema: migration 0->1 complete
2026/09/06 08:56:06 schema: migration 1->2: add tags, terminal_pin_hash, password_changed, pin_changed columns
2026/09/06 08:56:06 schema: migration 1->2 complete
2026/09/06 08:56:06 schema: migration 2->3: add agent_credentials table for durable enrollment
2026/09/06 08:56:06 schema: migration 2->3 complete
2026/09/06 08:56:06 schema: migration 3->4: add source_ip and user_id to terminal_sessions for audit logging
2026/09/06 08:56:06 schema: migration 3->4 complete
2026/09/06 08:56:06 schema: migration 4->5: add api_machines table for API-polled machines
2026/09/06 08:56:06 schema: migration 4->5 complete
2026/09/06 08:56:06 schema: migration 5->6: add tls_config to api_machines for per-machine TLS trust
2026/09/06 08:56:06 schema: migration 5->6 complete
2026/09/06 08:56:06 schema: migration 6->7: add role column to users for RBAC
2026/09/06 08:56:06 schema: migration 6->7 complete
2026/09/06 08:56:06 schema: migration 7->8: add hardware_info JSON column to machines for static spec snapshots
2026/09/06 08:56:06 schema: migration 7->8 complete
2026/09/06 08:56:06 schema: migration 8->9: add theme_name and theme_mode columns to users for per-user theme prefs
2026/09/06 08:56:06 schema: migration 8->9 complete
2026/09/06 08:56:06 schema: migration 9->10: create branding_config table for admin instance branding (Phase 10)
2026/09/06 08:56:06 schema: migration 9->10 complete
2026/09/06 08:56:06 schema: migration 10->11: Phase 11 — add per-user workflow personalization columns to users
2026/09/06 08:56:06 schema: migration 10->11 complete
2026/09/06 08:56:06 schema: migration 11->12: Phase 11 — create user_pinned_machines table
2026/09/06 08:56:06 schema: migration 11->12 complete
2026/09/06 08:56:06 schema: migration 12->13: Phase 11 — create user_saved_filters table
2026/09/06 08:56:06 schema: migration 12->13 complete
2026/09/06 08:56:06 schema: migration 13->14: Phase 11 — add welcome_message to branding_config
2026/09/06 08:56:06 schema: migration 13->14 complete
2026/09/06 08:56:06 schema: migration 14->15: Phase 12 — add notes column to machines
2026/09/06 08:56:06 schema: migration 14->15 complete
2026/09/06 08:56:06 schema: migration 15->16: Phase 12 — add cpu_temp_c column to metrics
2026/09/06 08:56:06 schema: migration 15->16 complete
2026/09/06 08:56:06 schema: migration 16->17: add nullable target_machine_id to tokens for machine-bound Windows re-enrollment
2026/09/06 08:56:06 schema: migration 16->17 complete
2026/09/06 08:56:06 schema: migration 17->18: add nullable pending_secret_hash and pending_expires_at to agent_credentials for staged Windows re-enrollment handoff
2026/09/06 08:56:06 schema: migration 17->18 complete
2026/09/06 08:56:06 schema: migration 18->19: create hub_settings key/value table (AI Sessions feature switch)
2026/09/06 08:56:06 schema: migration 18->19 complete
2026/09/06 08:56:06 schema: migration 19->20: add mint_time_script and mint-time binding columns to tokens to bind join links to mint-time configuration
2026/09/06 08:56:06 schema: migration 19->20 complete
2026/09/06 08:56:06 schema: migration 20->21: scrub raw install tokens persisted in tokens.mint_time_script
2026/09/06 08:56:06 schema: migration 20->21 complete
2026/09/06 08:56:06 schema: all migrations applied — now at version 21
2026/09/06 08:56:06 schema: at version 20, target 21 — applying 1 migration(s)
2026/09/06 08:56:06 schema: migration 20->21: scrub raw install tokens persisted in tokens.mint_time_script
2026/09/06 08:56:06 schema: migration 20->21 complete
2026/09/06 08:56:06 schema: all migrations applied — now at version 21
2026/09/06 08:56:06 schema: at version 0, target 21 — applying 21 migration(s)
2026/09/06 08:56:06 schema: migration 0->1: baseline schema: create all tables and indexes
2026/09/06 08:56:06 schema: migration 0->1 complete
2026/09/06 08:56:06 schema: migration 1->2: add tags, terminal_pin_hash, password_changed, pin_changed columns
2026/09/06 08:56:06 schema: migration 1->2 complete
2026/09/06 08:56:06 schema: migration 2->3: add agent_credentials table for durable enrollment
2026/09/06 08:56:06 schema: migration 2->3 complete
2026/09/06 08:56:06 schema: migration 3->4: add source_ip and user_id to terminal_sessions for audit logging
2026/09/06 08:56:06 schema: migration 3->4 complete
2026/09/06 08:56:06 schema: migration 4->5: add api_machines table for API-polled machines
2026/09/06 08:56:06 schema: migration 4->5 complete
2026/09/06 08:56:06 schema: migration 5->6: add tls_config to api_machines for per-machine TLS trust
2026/09/06 08:56:06 schema: migration 5->6 complete
2026/09/06 08:56:06 schema: migration 6->7: add role column to users for RBAC
2026/09/06 08:56:06 schema: migration 6->7 complete
2026/09/06 08:56:06 schema: migration 7->8: add hardware_info JSON column to machines for static spec snapshots
2026/09/06 08:56:06 schema: migration 7->8 complete
2026/09/06 08:56:06 schema: migration 8->9: add theme_name and theme_mode columns to users for per-user theme prefs
2026/09/06 08:56:06 schema: migration 8->9 complete
2026/09/06 08:56:06 schema: migration 9->10: create branding_config table for admin instance branding (Phase 10)
2026/09/06 08:56:06 schema: migration 9->10 complete
2026/09/06 08:56:06 schema: migration 10->11: Phase 11 — add per-user workflow personalization columns to users
2026/09/06 08:56:07 schema: migration 10->11 complete
2026/09/06 08:56:07 schema: migration 11->12: Phase 11 — create user_pinned_machines table
2026/09/06 08:56:07 schema: migration 11->12 complete
2026/09/06 08:56:07 schema: migration 12->13: Phase 11 — create user_saved_filters table
2026/09/06 08:56:07 schema: migration 12->13 complete
2026/09/06 08:56:07 schema: migration 13->14: Phase 11 — add welcome_message to branding_config
2026/09/06 08:56:07 schema: migration 13->14 complete
2026/09/06 08:56:07 schema: migration 14->15: Phase 12 — add notes column to machines
2026/09/06 08:56:07 schema: migration 14->15 complete
2026/09/06 08:56:07 schema: migration 15->16: Phase 12 — add cpu_temp_c column to metrics
2026/09/06 08:56:07 schema: migration 15->16 complete
2026/09/06 08:56:07 schema: migration 16->17: add nullable target_machine_id to tokens for machine-bound Windows re-enrollment
2026/09/06 08:56:07 schema: migration 16->17 complete
2026/09/06 08:56:07 schema: migration 17->18: add nullable pending_secret_hash and pending_expires_at to agent_credentials for staged Windows re-enrollment handoff
2026/09/06 08:56:07 schema: migration 17->18 complete
2026/09/06 08:56:07 schema: migration 18->19: create hub_settings key/value table (AI Sessions feature switch)
2026/09/06 08:56:07 schema: migration 18->19 complete
2026/09/06 08:56:07 schema: migration 19->20: add mint_time_script and mint-time binding columns to tokens to bind join links to mint-time configuration
2026/09/06 08:56:07 schema: migration 19->20 complete
2026/09/06 08:56:07 schema: migration 20->21: scrub raw install tokens persisted in tokens.mint_time_script
2026/09/06 08:56:07 schema: migration 20->21 complete
2026/09/06 08:56:07 schema: all migrations applied — now at version 21
2026/09/06 08:56:12 schema: at version 0, target 21 — applying 21 migration(s)
2026/09/06 08:56:12 schema: migration 0->1: baseline schema: create all tables and indexes
2026/09/06 08:56:12 schema: migration 0->1 complete
2026/09/06 08:56:12 schema: migration 1->2: add tags, terminal_pin_hash, password_changed, pin_changed columns
2026/09/06 08:56:12 schema: migration 1->2 complete
2026/09/06 08:56:12 schema: migration 2->3: add agent_credentials table for durable enrollment
2026/09/06 08:56:12 schema: migration 2->3 complete
2026/09/06 08:56:12 schema: migration 3->4: add source_ip and user_id to terminal_sessions for audit logging
2026/09/06 08:56:12 schema: migration 3->4 complete
2026/09/06 08:56:12 schema: migration 4->5: add api_machines table for API-polled machines
2026/09/06 08:56:12 schema: migration 4->5 complete
2026/09/06 08:56:12 schema: migration 5->6: add tls_config to api_machines for per-machine TLS trust
2026/09/06 08:56:12 schema: migration 5->6 complete
2026/09/06 08:56:12 schema: migration 6->7: add role column to users for RBAC
2026/09/06 08:56:12 schema: migration 6->7 complete
2026/09/06 08:56:12 schema: migration 7->8: add hardware_info JSON column to machines for static spec snapshots
2026/09/06 08:56:12 schema: migration 7->8 complete
2026/09/06 08:56:12 schema: migration 8->9: add theme_name and theme_mode columns to users for per-user theme prefs
2026/09/06 08:56:12 schema: migration 8->9 complete
2026/09/06 08:56:12 schema: migration 9->10: create branding_config table for admin instance branding (Phase 10)
2026/09/06 08:56:12 schema: migration 9->10 complete
2026/09/06 08:56:12 schema: migration 10->11: Phase 11 — add per-user workflow personalization columns to users
2026/09/06 08:56:12 schema: migration 10->11 complete
2026/09/06 08:56:12 schema: migration 11->12: Phase 11 — create user_pinned_machines table
2026/09/06 08:56:12 schema: migration 11->12 complete
2026/09/06 08:56:12 schema: migration 12->13: Phase 11 — create user_saved_filters table
2026/09/06 08:56:12 schema: migration 12->13 complete
2026/09/06 08:56:12 schema: migration 13->14: Phase 11 — add welcome_message to branding_config
2026/09/06 08:56:12 schema: migration 13->14 complete
2026/09/06 08:56:12 schema: migration 14->15: Phase 12 — add notes column to machines
2026/09/06 08:56:12 schema: migration 14->15 complete
2026/09/06 08:56:12 schema: migration 15->16: Phase 12 — add cpu_temp_c column to metrics
2026/09/06 08:56:12 schema: migration 15->16 complete
2026/09/06 08:56:12 schema: migration 16->17: add nullable target_machine_id to tokens for machine-bound Windows re-enrollment
2026/09/06 08:56:12 schema: migration 16->17 complete
2026/09/06 08:56:12 schema: migration 17->18: add nullable pending_secret_hash and pending_expires_at to agent_credentials for staged Windows re-enrollment handoff
2026/09/06 08:56:13 schema: migration 17->18 complete
2026/09/06 08:56:13 schema: migration 18->19: create hub_settings key/value table (AI Sessions feature switch)
2026/09/06 08:56:13 schema: migration 18->19 complete
2026/09/06 08:56:13 schema: migration 19->20: add mint_time_script and mint-time binding columns to tokens to bind join links to mint-time configuration
2026/09/06 08:56:13 schema: migration 19->20 complete
2026/09/06 08:56:13 schema: migration 20->21: scrub raw install tokens persisted in tokens.mint_time_script
2026/09/06 08:56:13 schema: migration 20->21 complete
2026/09/06 08:56:13 schema: all migrations applied — now at version 21
2026/09/06 08:56:16 schema: at version 0, target 21 — applying 21 migration(s)
2026/09/06 08:56:16 schema: migration 0->1: baseline schema: create all tables and indexes
2026/09/06 08:56:16 schema: migration 0->1 complete
2026/09/06 08:56:16 schema: migration 1->2: add tags, terminal_pin_hash, password_changed, pin_changed columns
2026/09/06 08:56:16 schema: migration 1->2 complete
2026/09/06 08:56:16 schema: migration 2->3: add agent_credentials table for durable enrollment
2026/09/06 08:56:16 schema: migration 2->3 complete
2026/09/06 08:56:16 schema: migration 3->4: add source_ip and user_id to terminal_sessions for audit logging
2026/09/06 08:56:16 schema: migration 3->4 complete
2026/09/06 08:56:16 schema: migration 4->5: add api_machines table for API-polled machines
2026/09/06 08:56:16 schema: migration 4->5 complete
2026/09/06 08:56:16 schema: migration 5->6: add tls_config to api_machines for per-machine TLS trust
2026/09/06 08:56:16 schema: migration 5->6 complete
2026/09/06 08:56:16 schema: migration 6->7: add role column to users for RBAC
2026/09/06 08:56:16 schema: migration 6->7 complete
2026/09/06 08:56:16 schema: migration 7->8: add hardware_info JSON column to machines for static spec snapshots
2026/09/06 08:56:16 schema: migration 7->8 complete
2026/09/06 08:56:16 schema: migration 8->9: add theme_name and theme_mode columns to users for per-user theme prefs
2026/09/06 08:56:16 schema: migration 8->9 complete
2026/09/06 08:56:16 schema: migration 9->10: create branding_config table for admin instance branding (Phase 10)
2026/09/06 08:56:16 schema: migration 9->10 complete
2026/09/06 08:56:16 schema: migration 10->11: Phase 11 — add per-user workflow personalization columns to users
2026/09/06 08:56:16 schema: migration 10->11 complete
2026/09/06 08:56:16 schema: migration 11->12: Phase 11 — create user_pinned_machines table
2026/09/06 08:56:16 schema: migration 11->12 complete
2026/09/06 08:56:16 schema: migration 12->13: Phase 11 — create user_saved_filters table
2026/09/06 08:56:16 schema: migration 12->13 complete
2026/09/06 08:56:16 schema: migration 13->14: Phase 11 — add welcome_message to branding_config
2026/09/06 08:56:16 schema: migration 13->14 complete
2026/09/06 08:56:16 schema: migration 14->15: Phase 12 — add notes column to machines
2026/09/06 08:56:16 schema: migration 14->15 complete
2026/09/06 08:56:16 schema: migration 15->16: Phase 12 — add cpu_temp_c column to metrics
2026/09/06 08:56:16 schema: migration 15->16 complete
2026/09/06 08:56:16 schema: migration 16->17: add nullable target_machine_id to tokens for machine-bound Windows re-enrollment
2026/09/06 08:56:16 schema: migration 16->17 complete
2026/09/06 08:56:16 schema: migration 17->18: add nullable pending_secret_hash and pending_expires_at to agent_credentials for staged Windows re-enrollment handoff
2026/09/06 08:56:16 schema: migration 17->18 complete
2026/09/06 08:56:16 schema: migration 18->19: create hub_settings key/value table (AI Sessions feature switch)
2026/09/06 08:56:16 schema: migration 18->19 complete
2026/09/06 08:56:16 schema: migration 19->20: add mint_time_script and mint-time binding columns to tokens to bind join links to mint-time configuration
2026/09/06 08:56:16 schema: migration 19->20 complete
2026/09/06 08:56:16 schema: migration 20->21: scrub raw install tokens persisted in tokens.mint_time_script
2026/09/06 08:56:16 schema: migration 20->21 complete
2026/09/06 08:56:16 schema: all migrations applied — now at version 21
2026/09/06 08:56:20 schema: at version 0, target 21 — applying 21 migration(s)
2026/09/06 08:56:20 schema: migration 0->1: baseline schema: create all tables and indexes
2026/09/06 08:56:20 schema: migration 0->1 complete
2026/09/06 08:56:20 schema: migration 1->2: add tags, terminal_pin_hash, password_changed, pin_changed columns
2026/09/06 08:56:20 schema: migration 1->2 complete
2026/09/06 08:56:20 schema: migration 2->3: add agent_credentials table for durable enrollment
2026/09/06 08:56:20 schema: migration 2->3 complete
2026/09/06 08:56:20 schema: migration 3->4: add source_ip and user_id to terminal_sessions for audit logging
2026/09/06 08:56:20 schema: migration 3->4 complete
2026/09/06 08:56:20 schema: migration 4->5: add api_machines table for API-polled machines
2026/09/06 08:56:20 schema: migration 4->5 complete
2026/09/06 08:56:20 schema: migration 5->6: add tls_config to api_machines for per-machine TLS trust
2026/09/06 08:56:20 schema: migration 5->6 complete
2026/09/06 08:56:20 schema: migration 6->7: add role column to users for RBAC
2026/09/06 08:56:20 schema: migration 6->7 complete
2026/09/06 08:56:20 schema: migration 7->8: add hardware_info JSON column to machines for static spec snapshots
2026/09/06 08:56:20 schema: migration 7->8 complete
2026/09/06 08:56:20 schema: migration 8->9: add theme_name and theme_mode columns to users for per-user theme prefs
2026/09/06 08:56:20 schema: migration 8->9 complete
2026/09/06 08:56:20 schema: migration 9->10: create branding_config table for admin instance branding (Phase 10)
2026/09/06 08:56:20 schema: migration 9->10 complete
2026/09/06 08:56:20 schema: migration 10->11: Phase 11 — add per-user workflow personalization columns to users
2026/09/06 08:56:20 schema: migration 10->11 complete
2026/09/06 08:56:20 schema: migration 11->12: Phase 11 — create user_pinned_machines table
2026/09/06 08:56:20 schema: migration 11->12 complete
2026/09/06 08:56:20 schema: migration 12->13: Phase 11 — create user_saved_filters table
2026/09/06 08:56:20 schema: migration 12->13 complete
2026/09/06 08:56:20 schema: migration 13->14: Phase 11 — add welcome_message to branding_config
2026/09/06 08:56:20 schema: migration 13->14 complete
2026/09/06 08:56:20 schema: migration 14->15: Phase 12 — add notes column to machines
2026/09/06 08:56:20 schema: migration 14->15 complete
2026/09/06 08:56:20 schema: migration 15->16: Phase 12 — add cpu_temp_c column to metrics
2026/09/06 08:56:20 schema: migration 15->16 complete
2026/09/06 08:56:20 schema: migration 16->17: add nullable target_machine_id to tokens for machine-bound Windows re-enrollment
2026/09/06 08:56:20 schema: migration 16->17 complete
2026/09/06 08:56:20 schema: migration 17->18: add nullable pending_secret_hash and pending_expires_at to agent_credentials for staged Windows re-enrollment handoff
2026/09/06 08:56:20 schema: migration 17->18 complete
2026/09/06 08:56:20 schema: migration 18->19: create hub_settings key/value table (AI Sessions feature switch)
2026/09/06 08:56:20 schema: migration 18->19 complete
2026/09/06 08:56:20 schema: migration 19->20: add mint_time_script and mint-time binding columns to tokens to bind join links to mint-time configuration
2026/09/06 08:56:20 schema: migration 19->20 complete
2026/09/06 08:56:20 schema: migration 20->21: scrub raw install tokens persisted in tokens.mint_time_script
2026/09/06 08:56:20 schema: migration 20->21 complete
2026/09/06 08:56:20 schema: all migrations applied — now at version 21
2026/09/06 08:56:26 schema: at version 0, target 21 — applying 21 migration(s)
2026/09/06 08:56:26 schema: migration 0->1: baseline schema: create all tables and indexes
2026/09/06 08:56:26 schema: migration 0->1 complete
2026/09/06 08:56:26 schema: migration 1->2: add tags, terminal_pin_hash, password_changed, pin_changed columns
2026/09/06 08:56:26 schema: migration 1->2 complete
2026/09/06 08:56:26 schema: migration 2->3: add agent_credentials table for durable enrollment
2026/09/06 08:56:26 schema: migration 2->3 complete
2026/09/06 08:56:26 schema: migration 3->4: add source_ip and user_id to terminal_sessions for audit logging
2026/09/06 08:56:26 schema: migration 3->4 complete
2026/09/06 08:56:26 schema: migration 4->5: add api_machines table for API-polled machines
2026/09/06 08:56:26 schema: migration 4->5 complete
2026/09/06 08:56:26 schema: migration 5->6: add tls_config to api_machines for per-machine TLS trust
2026/09/06 08:56:26 schema: migration 5->6 complete
2026/09/06 08:56:26 schema: migration 6->7: add role column to users for RBAC
2026/09/06 08:56:26 schema: migration 6->7 complete
2026/09/06 08:56:26 schema: migration 7->8: add hardware_info JSON column to machines for static spec snapshots
2026/09/06 08:56:26 schema: migration 7->8 complete
2026/09/06 08:56:26 schema: migration 8->9: add theme_name and theme_mode columns to users for per-user theme prefs
2026/09/06 08:56:26 schema: migration 8->9 complete
2026/09/06 08:56:26 schema: migration 9->10: create branding_config table for admin instance branding (Phase 10)
2026/09/06 08:56:26 schema: migration 9->10 complete
2026/09/06 08:56:26 schema: migration 10->11: Phase 11 — add per-user workflow personalization columns to users
2026/09/06 08:56:26 schema: migration 10->11 complete
2026/09/06 08:56:26 schema: migration 11->12: Phase 11 — create user_pinned_machines table
2026/09/06 08:56:26 schema: migration 11->12 complete
2026/09/06 08:56:26 schema: migration 12->13: Phase 11 — create user_saved_filters table
2026/09/06 08:56:26 schema: migration 12->13 complete
2026/09/06 08:56:26 schema: migration 13->14: Phase 11 — add welcome_message to branding_config
2026/09/06 08:56:26 schema: migration 13->14 complete
2026/09/06 08:56:26 schema: migration 14->15: Phase 12 — add notes column to machines
2026/09/06 08:56:26 schema: migration 14->15 complete
2026/09/06 08:56:26 schema: migration 15->16: Phase 12 — add cpu_temp_c column to metrics
2026/09/06 08:56:26 schema: migration 15->16 complete
2026/09/06 08:56:26 schema: migration 16->17: add nullable target_machine_id to tokens for machine-bound Windows re-enrollment
2026/09/06 08:56:26 schema: migration 16->17 complete
2026/09/06 08:56:26 schema: migration 17->18: add nullable pending_secret_hash and pending_expires_at to agent_credentials for staged Windows re-enrollment handoff
2026/09/06 08:56:26 schema: migration 17->18 complete
2026/09/06 08:56:26 schema: migration 18->19: create hub_settings key/value table (AI Sessions feature switch)
2026/09/06 08:56:26 schema: migration 18->19 complete
2026/09/06 08:56:26 schema: migration 19->20: add mint_time_script and mint-time binding columns to tokens to bind join links to mint-time configuration
2026/09/06 08:56:26 schema: migration 19->20 complete
2026/09/06 08:56:26 schema: migration 20->21: scrub raw install tokens persisted in tokens.mint_time_script
2026/09/06 08:56:26 schema: migration 20->21 complete
2026/09/06 08:56:26 schema: all migrations applied — now at version 21
2026/09/06 08:56:35 schema: at version 0, target 21 — applying 21 migration(s)
2026/09/06 08:56:35 schema: migration 0->1: baseline schema: create all tables and indexes
2026/09/06 08:56:35 schema: migration 0->1 complete
2026/09/06 08:56:35 schema: migration 1->2: add tags, terminal_pin_hash, password_changed, pin_changed columns
2026/09/06 08:56:35 schema: migration 1->2 complete
2026/09/06 08:56:35 schema: migration 2->3: add agent_credentials table for durable enrollment
2026/09/06 08:56:35 schema: migration 2->3 complete
2026/09/06 08:56:35 schema: migration 3->4: add source_ip and user_id to terminal_sessions for audit logging
2026/09/06 08:56:35 schema: migration 3->4 complete
2026/09/06 08:56:35 schema: migration 4->5: add api_machines table for API-polled machines
2026/09/06 08:56:35 schema: migration 4->5 complete
2026/09/06 08:56:35 schema: migration 5->6: add tls_config to api_machines for per-machine TLS trust
2026/09/06 08:56:35 schema: migration 5->6 complete
2026/09/06 08:56:35 schema: migration 6->7: add role column to users for RBAC
2026/09/06 08:56:35 schema: migration 6->7 complete
2026/09/06 08:56:35 schema: migration 7->8: add hardware_info JSON column to machines for static spec snapshots
2026/09/06 08:56:35 schema: migration 7->8 complete
2026/09/06 08:56:35 schema: migration 8->9: add theme_name and theme_mode columns to users for per-user theme prefs
2026/09/06 08:56:35 schema: migration 8->9 complete
2026/09/06 08:56:35 schema: migration 9->10: create branding_config table for admin instance branding (Phase 10)
2026/09/06 08:56:35 schema: migration 9->10 complete
2026/09/06 08:56:35 schema: migration 10->11: Phase 11 — add per-user workflow personalization columns to users
2026/09/06 08:56:35 schema: migration 10->11 complete
2026/09/06 08:56:35 schema: migration 11->12: Phase 11 — create user_pinned_machines table
2026/09/06 08:56:35 schema: migration 11->12 complete
2026/09/06 08:56:35 schema: migration 12->13: Phase 11 — create user_saved_filters table
2026/09/06 08:56:35 schema: migration 12->13 complete
2026/09/06 08:56:35 schema: migration 13->14: Phase 11 — add welcome_message to branding_config
2026/09/06 08:56:35 schema: migration 13->14 complete
2026/09/06 08:56:35 schema: migration 14->15: Phase 12 — add notes column to machines
2026/09/06 08:56:35 schema: migration 14->15 complete
2026/09/06 08:56:35 schema: migration 15->16: Phase 12 — add cpu_temp_c column to metrics
2026/09/06 08:56:35 schema: migration 15->16 complete
2026/09/06 08:56:35 schema: migration 16->17: add nullable target_machine_id to tokens for machine-bound Windows re-enrollment
2026/09/06 08:56:35 schema: migration 16->17 complete
2026/09/06 08:56:35 schema: migration 17->18: add nullable pending_secret_hash and pending_expires_at to agent_credentials for staged Windows re-enrollment handoff
2026/09/06 08:56:35 schema: migration 17->18 complete
2026/09/06 08:56:35 schema: migration 18->19: create hub_settings key/value table (AI Sessions feature switch)
2026/09/06 08:56:35 schema: migration 18->19 complete
2026/09/06 08:56:35 schema: migration 19->20: add mint_time_script and mint-time binding columns to tokens to bind join links to mint-time configuration
2026/09/06 08:56:35 schema: migration 19->20 complete
2026/09/06 08:56:35 schema: migration 20->21: scrub raw install tokens persisted in tokens.mint_time_script
2026/09/06 08:56:35 schema: migration 20->21 complete
2026/09/06 08:56:35 schema: all migrations applied — now at version 21
2026/09/06 08:56:40 schema: at version 0, target 21 — applying 21 migration(s)
2026/09/06 08:56:40 schema: migration 0->1: baseline schema: create all tables and indexes
2026/09/06 08:56:40 schema: migration 0->1 complete
2026/09/06 08:56:40 schema: migration 1->2: add tags, terminal_pin_hash, password_changed, pin_changed columns
2026/09/06 08:56:40 schema: migration 1->2 complete
2026/09/06 08:56:40 schema: migration 2->3: add agent_credentials table for durable enrollment
2026/09/06 08:56:40 schema: migration 2->3 complete
2026/09/06 08:56:40 schema: migration 3->4: add source_ip and user_id to terminal_sessions for audit logging
2026/09/06 08:56:40 schema: migration 3->4 complete
2026/09/06 08:56:40 schema: migration 4->5: add api_machines table for API-polled machines
2026/09/06 08:56:40 schema: migration 4->5 complete
2026/09/06 08:56:40 schema: migration 5->6: add tls_config to api_machines for per-machine TLS trust
2026/09/06 08:56:40 schema: migration 5->6 complete
2026/09/06 08:56:40 schema: migration 6->7: add role column to users for RBAC
2026/09/06 08:56:40 schema: migration 6->7 complete
2026/09/06 08:56:40 schema: migration 7->8: add hardware_info JSON column to machines for static spec snapshots
2026/09/06 08:56:40 schema: migration 7->8 complete
2026/09/06 08:56:40 schema: migration 8->9: add theme_name and theme_mode columns to users for per-user theme prefs
2026/09/06 08:56:40 schema: migration 8->9 complete
2026/09/06 08:56:40 schema: migration 9->10: create branding_config table for admin instance branding (Phase 10)
2026/09/06 08:56:40 schema: migration 9->10 complete
2026/09/06 08:56:40 schema: migration 10->11: Phase 11 — add per-user workflow personalization columns to users
2026/09/06 08:56:41 schema: migration 10->11 complete
2026/09/06 08:56:41 schema: migration 11->12: Phase 11 — create user_pinned_machines table
2026/09/06 08:56:41 schema: migration 11->12 complete
2026/09/06 08:56:41 schema: migration 12->13: Phase 11 — create user_saved_filters table
2026/09/06 08:56:41 schema: migration 12->13 complete
2026/09/06 08:56:41 schema: migration 13->14: Phase 11 — add welcome_message to branding_config
2026/09/06 08:56:41 schema: migration 13->14 complete
2026/09/06 08:56:41 schema: migration 14->15: Phase 12 — add notes column to machines
2026/09/06 08:56:41 schema: migration 14->15 complete
2026/09/06 08:56:41 schema: migration 15->16: Phase 12 — add cpu_temp_c column to metrics
2026/09/06 08:56:41 schema: migration 15->16 complete
2026/09/06 08:56:41 schema: migration 16->17: add nullable target_machine_id to tokens for machine-bound Windows re-enrollment
2026/09/06 08:56:41 schema: migration 16->17 complete
2026/09/06 08:56:41 schema: migration 17->18: add nullable pending_secret_hash and pending_expires_at to agent_credentials for staged Windows re-enrollment handoff
2026/09/06 08:56:41 schema: migration 17->18 complete
2026/09/06 08:56:41 schema: migration 18->19: create hub_settings key/value table (AI Sessions feature switch)
2026/09/06 08:56:41 schema: migration 18->19 complete
2026/09/06 08:56:41 schema: migration 19->20: add mint_time_script and mint-time binding columns to tokens to bind join links to mint-time configuration
2026/09/06 08:56:41 schema: migration 19->20 complete
2026/09/06 08:56:41 schema: migration 20->21: scrub raw install tokens persisted in tokens.mint_time_script
2026/09/06 08:56:41 schema: migration 20->21 complete
2026/09/06 08:56:41 schema: all migrations applied — now at version 21
2026/09/06 08:56:46 schema: at version 0, target 21 — applying 21 migration(s)
2026/09/06 08:56:46 schema: migration 0->1: baseline schema: create all tables and indexes
2026/09/06 08:56:46 schema: migration 0->1 complete
2026/09/06 08:56:46 schema: migration 1->2: add tags, terminal_pin_hash, password_changed, pin_changed columns
2026/09/06 08:56:46 schema: migration 1->2 complete
2026/09/06 08:56:46 schema: migration 2->3: add agent_credentials table for durable enrollment
2026/09/06 08:56:46 schema: migration 2->3 complete
2026/09/06 08:56:46 schema: migration 3->4: add source_ip and user_id to terminal_sessions for audit logging
2026/09/06 08:56:46 schema: migration 3->4 complete
2026/09/06 08:56:46 schema: migration 4->5: add api_machines table for API-polled machines
2026/09/06 08:56:46 schema: migration 4->5 complete
2026/09/06 08:56:46 schema: migration 5->6: add tls_config to api_machines for per-machine TLS trust
2026/09/06 08:56:46 schema: migration 5->6 complete
2026/09/06 08:56:46 schema: migration 6->7: add role column to users for RBAC
2026/09/06 08:56:46 schema: migration 6->7 complete
2026/09/06 08:56:46 schema: migration 7->8: add hardware_info JSON column to machines for static spec snapshots
2026/09/06 08:56:46 schema: migration 7->8 complete
2026/09/06 08:56:46 schema: migration 8->9: add theme_name and theme_mode columns to users for per-user theme prefs
2026/09/06 08:56:46 schema: migration 8->9 complete
2026/09/06 08:56:46 schema: migration 9->10: create branding_config table for admin instance branding (Phase 10)
2026/09/06 08:56:46 schema: migration 9->10 complete
2026/09/06 08:56:46 schema: migration 10->11: Phase 11 — add per-user workflow personalization columns to users
2026/09/06 08:56:46 schema: migration 10->11 complete
2026/09/06 08:56:46 schema: migration 11->12: Phase 11 — create user_pinned_machines table
2026/09/06 08:56:46 schema: migration 11->12 complete
2026/09/06 08:56:46 schema: migration 12->13: Phase 11 — create user_saved_filters table
2026/09/06 08:56:46 schema: migration 12->13 complete
2026/09/06 08:56:46 schema: migration 13->14: Phase 11 — add welcome_message to branding_config
2026/09/06 08:56:46 schema: migration 13->14 complete
2026/09/06 08:56:46 schema: migration 14->15: Phase 12 — add notes column to machines
2026/09/06 08:56:46 schema: migration 14->15 complete
2026/09/06 08:56:46 schema: migration 15->16: Phase 12 — add cpu_temp_c column to metrics
2026/09/06 08:56:46 schema: migration 15->16 complete
2026/09/06 08:56:46 schema: migration 16->17: add nullable target_machine_id to tokens for machine-bound Windows re-enrollment
2026/09/06 08:56:46 schema: migration 16->17 complete
2026/09/06 08:56:46 schema: migration 17->18: add nullable pending_secret_hash and pending_expires_at to agent_credentials for staged Windows re-enrollment handoff
2026/09/06 08:56:46 schema: migration 17->18 complete
2026/09/06 08:56:46 schema: migration 18->19: create hub_settings key/value table (AI Sessions feature switch)
2026/09/06 08:56:46 schema: migration 18->19 complete
2026/09/06 08:56:46 schema: migration 19->20: add mint_time_script and mint-time binding columns to tokens to bind join links to mint-time configuration
2026/09/06 08:56:46 schema: migration 19->20 complete
2026/09/06 08:56:46 schema: migration 20->21: scrub raw install tokens persisted in tokens.mint_time_script
2026/09/06 08:56:46 schema: migration 20->21 complete
2026/09/06 08:56:46 schema: all migrations applied — now at version 21
2026/09/06 08:56:52 schema: at version 0, target 21 — applying 21 migration(s)
2026/09/06 08:56:52 schema: migration 0->1: baseline schema: create all tables and indexes
2026/09/06 08:56:52 schema: migration 0->1 complete
2026/09/06 08:56:52 schema: migration 1->2: add tags, terminal_pin_hash, password_changed, pin_changed columns
2026/09/06 08:56:52 schema: migration 1->2 complete
2026/09/06 08:56:52 schema: migration 2->3: add agent_credentials table for durable enrollment
2026/09/06 08:56:52 schema: migration 2->3 complete
2026/09/06 08:56:52 schema: migration 3->4: add source_ip and user_id to terminal_sessions for audit logging
2026/09/06 08:56:52 schema: migration 3->4 complete
2026/09/06 08:56:52 schema: migration 4->5: add api_machines table for API-polled machines
2026/09/06 08:56:52 schema: migration 4->5 complete
2026/09/06 08:56:52 schema: migration 5->6: add tls_config to api_machines for per-machine TLS trust
2026/09/06 08:56:52 schema: migration 5->6 complete
2026/09/06 08:56:52 schema: migration 6->7: add role column to users for RBAC
2026/09/06 08:56:52 schema: migration 6->7 complete
2026/09/06 08:56:52 schema: migration 7->8: add hardware_info JSON column to machines for static spec snapshots
2026/09/06 08:56:52 schema: migration 7->8 complete
2026/09/06 08:56:52 schema: migration 8->9: add theme_name and theme_mode columns to users for per-user theme prefs
2026/09/06 08:56:52 schema: migration 8->9 complete
2026/09/06 08:56:52 schema: migration 9->10: create branding_config table for admin instance branding (Phase 10)
2026/09/06 08:56:52 schema: migration 9->10 complete
2026/09/06 08:56:52 schema: migration 10->11: Phase 11 — add per-user workflow personalization columns to users
2026/09/06 08:56:52 schema: migration 10->11 complete
2026/09/06 08:56:52 schema: migration 11->12: Phase 11 — create user_pinned_machines table
2026/09/06 08:56:52 schema: migration 11->12 complete
2026/09/06 08:56:52 schema: migration 12->13: Phase 11 — create user_saved_filters table
2026/09/06 08:56:52 schema: migration 12->13 complete
2026/09/06 08:56:52 schema: migration 13->14: Phase 11 — add welcome_message to branding_config
2026/09/06 08:56:52 schema: migration 13->14 complete
2026/09/06 08:56:52 schema: migration 14->15: Phase 12 — add notes column to machines
2026/09/06 08:56:52 schema: migration 14->15 complete
2026/09/06 08:56:52 schema: migration 15->16: Phase 12 — add cpu_temp_c column to metrics
2026/09/06 08:56:52 schema: migration 15->16 complete
2026/09/06 08:56:52 schema: migration 16->17: add nullable target_machine_id to tokens for machine-bound Windows re-enrollment
2026/09/06 08:56:52 schema: migration 16->17 complete
2026/09/06 08:56:52 schema: migration 17->18: add nullable pending_secret_hash and pending_expires_at to agent_credentials for staged Windows re-enrollment handoff
2026/09/06 08:56:52 schema: migration 17->18 complete
2026/09/06 08:56:52 schema: migration 18->19: create hub_settings key/value table (AI Sessions feature switch)
2026/09/06 08:56:52 schema: migration 18->19 complete
2026/09/06 08:56:52 schema: migration 19->20: add mint_time_script and mint-time binding columns to tokens to bind join links to mint-time configuration
2026/09/06 08:56:52 schema: migration 19->20 complete
2026/09/06 08:56:52 schema: migration 20->21: scrub raw install tokens persisted in tokens.mint_time_script
2026/09/06 08:56:52 schema: migration 20->21 complete
2026/09/06 08:56:52 schema: all migrations applied — now at version 21
2026/09/06 08:56:55 schema: at version 0, target 21 — applying 21 migration(s)
2026/09/06 08:56:55 schema: migration 0->1: baseline schema: create all tables and indexes
2026/09/06 08:56:55 schema: migration 0->1 complete
2026/09/06 08:56:55 schema: migration 1->2: add tags, terminal_pin_hash, password_changed, pin_changed columns
2026/09/06 08:56:55 schema: migration 1->2 complete
2026/09/06 08:56:55 schema: migration 2->3: add agent_credentials table for durable enrollment
2026/09/06 08:56:55 schema: migration 2->3 complete
2026/09/06 08:56:55 schema: migration 3->4: add source_ip and user_id to terminal_sessions for audit logging
2026/09/06 08:56:55 schema: migration 3->4 complete
2026/09/06 08:56:55 schema: migration 4->5: add api_machines table for API-polled machines
2026/09/06 08:56:55 schema: migration 4->5 complete
2026/09/06 08:56:55 schema: migration 5->6: add tls_config to api_machines for per-machine TLS trust
2026/09/06 08:56:55 schema: migration 5->6 complete
2026/09/06 08:56:55 schema: migration 6->7: add role column to users for RBAC
2026/09/06 08:56:55 schema: migration 6->7 complete
2026/09/06 08:56:55 schema: migration 7->8: add hardware_info JSON column to machines for static spec snapshots
2026/09/06 08:56:56 schema: migration 7->8 complete
2026/09/06 08:56:56 schema: migration 8->9: add theme_name and theme_mode columns to users for per-user theme prefs
2026/09/06 08:56:56 schema: migration 8->9 complete
2026/09/06 08:56:56 schema: migration 9->10: create branding_config table for admin instance branding (Phase 10)
2026/09/06 08:56:56 schema: migration 9->10 complete
2026/09/06 08:56:56 schema: migration 10->11: Phase 11 — add per-user workflow personalization columns to users
2026/09/06 08:56:56 schema: migration 10->11 complete
2026/09/06 08:56:56 schema: migration 11->12: Phase 11 — create user_pinned_machines table
2026/09/06 08:56:56 schema: migration 11->12 complete
2026/09/06 08:56:56 schema: migration 12->13: Phase 11 — create user_saved_filters table
2026/09/06 08:56:56 schema: migration 12->13 complete
2026/09/06 08:56:56 schema: migration 13->14: Phase 11 — add welcome_message to branding_config
2026/09/06 08:56:56 schema: migration 13->14 complete
2026/09/06 08:56:56 schema: migration 14->15: Phase 12 — add notes column to machines
2026/09/06 08:56:56 schema: migration 14->15 complete
2026/09/06 08:56:56 schema: migration 15->16: Phase 12 — add cpu_temp_c column to metrics
2026/09/06 08:56:56 schema: migration 15->16 complete
2026/09/06 08:56:56 schema: migration 16->17: add nullable target_machine_id to tokens for machine-bound Windows re-enrollment
2026/09/06 08:56:56 schema: migration 16->17 complete
2026/09/06 08:56:56 schema: migration 17->18: add nullable pending_secret_hash and pending_expires_at to agent_credentials for staged Windows re-enrollment handoff
2026/09/06 08:56:56 schema: migration 17->18 complete
2026/09/06 08:56:56 schema: migration 18->19: create hub_settings key/value table (AI Sessions feature switch)
2026/09/06 08:56:56 schema: migration 18->19 complete
2026/09/06 08:56:56 schema: migration 19->20: add mint_time_script and mint-time binding columns to tokens to bind join links to mint-time configuration
2026/09/06 08:56:56 schema: migration 19->20 complete
2026/09/06 08:56:56 schema: migration 20->21: scrub raw install tokens persisted in tokens.mint_time_script
2026/09/06 08:56:56 schema: migration 20->21 complete
2026/09/06 08:56:56 schema: all migrations applied — now at version 21
2026/09/06 08:57:01 schema: at version 0, target 21 — applying 21 migration(s)
2026/09/06 08:57:01 schema: migration 0->1: baseline schema: create all tables and indexes
2026/09/06 08:57:01 schema: migration 0->1 complete
2026/09/06 08:57:01 schema: migration 1->2: add tags, terminal_pin_hash, password_changed, pin_changed columns
2026/09/06 08:57:01 schema: migration 1->2 complete
2026/09/06 08:57:01 schema: migration 2->3: add agent_credentials table for durable enrollment
2026/09/06 08:57:01 schema: migration 2->3 complete
2026/09/06 08:57:01 schema: migration 3->4: add source_ip and user_id to terminal_sessions for audit logging
2026/09/06 08:57:01 schema: migration 3->4 complete
2026/09/06 08:57:01 schema: migration 4->5: add api_machines table for API-polled machines
2026/09/06 08:57:01 schema: migration 4->5 complete
2026/09/06 08:57:01 schema: migration 5->6: add tls_config to api_machines for per-machine TLS trust
2026/09/06 08:57:01 schema: migration 5->6 complete
2026/09/06 08:57:01 schema: migration 6->7: add role column to users for RBAC
2026/09/06 08:57:01 schema: migration 6->7 complete
2026/09/06 08:57:01 schema: migration 7->8: add hardware_info JSON column to machines for static spec snapshots
2026/09/06 08:57:01 schema: migration 7->8 complete
2026/09/06 08:57:01 schema: migration 8->9: add theme_name and theme_mode columns to users for per-user theme prefs
2026/09/06 08:57:02 schema: migration 8->9 complete
2026/09/06 08:57:02 schema: migration 9->10: create branding_config table for admin instance branding (Phase 10)
2026/09/06 08:57:02 schema: migration 9->10 complete
2026/09/06 08:57:02 schema: migration 10->11: Phase 11 — add per-user workflow personalization columns to users
2026/09/06 08:57:02 schema: migration 10->11 complete
2026/09/06 08:57:02 schema: migration 11->12: Phase 11 — create user_pinned_machines table
2026/09/06 08:57:02 schema: migration 11->12 complete
2026/09/06 08:57:02 schema: migration 12->13: Phase 11 — create user_saved_filters table
2026/09/06 08:57:02 schema: migration 12->13 complete
2026/09/06 08:57:02 schema: migration 13->14: Phase 11 — add welcome_message to branding_config
2026/09/06 08:57:02 schema: migration 13->14 complete
2026/09/06 08:57:02 schema: migration 14->15: Phase 12 — add notes column to machines
2026/09/06 08:57:02 schema: migration 14->15 complete
2026/09/06 08:57:02 schema: migration 15->16: Phase 12 — add cpu_temp_c column to metrics
2026/09/06 08:57:02 schema: migration 15->16 complete
2026/09/06 08:57:02 schema: migration 16->17: add nullable target_machine_id to tokens for machine-bound Windows re-enrollment
2026/09/06 08:57:02 schema: migration 16->17 complete
2026/09/06 08:57:02 schema: migration 17->18: add nullable pending_secret_hash and pending_expires_at to agent_credentials for staged Windows re-enrollment handoff
2026/09/06 08:57:02 schema: migration 17->18 complete
2026/09/06 08:57:02 schema: migration 18->19: create hub_settings key/value table (AI Sessions feature switch)
2026/09/06 08:57:02 schema: migration 18->19 complete
2026/09/06 08:57:02 schema: migration 19->20: add mint_time_script and mint-time binding columns to tokens to bind join links to mint-time configuration
2026/09/06 08:57:02 schema: migration 19->20 complete
2026/09/06 08:57:02 schema: migration 20->21: scrub raw install tokens persisted in tokens.mint_time_script
2026/09/06 08:57:02 schema: migration 20->21 complete
2026/09/06 08:57:02 schema: all migrations applied — now at version 21
2026/09/06 08:57:07 schema: at version 0, target 21 — applying 21 migration(s)
2026/09/06 08:57:07 schema: migration 0->1: baseline schema: create all tables and indexes
2026/09/06 08:57:07 schema: migration 0->1 complete
2026/09/06 08:57:07 schema: migration 1->2: add tags, terminal_pin_hash, password_changed, pin_changed columns
2026/09/06 08:57:07 schema: migration 1->2 complete
2026/09/06 08:57:07 schema: migration 2->3: add agent_credentials table for durable enrollment
2026/09/06 08:57:07 schema: migration 2->3 complete
2026/09/06 08:57:07 schema: migration 3->4: add source_ip and user_id to terminal_sessions for audit logging
2026/09/06 08:57:07 schema: migration 3->4 complete
2026/09/06 08:57:07 schema: migration 4->5: add api_machines table for API-polled machines
2026/09/06 08:57:07 schema: migration 4->5 complete
2026/09/06 08:57:07 schema: migration 5->6: add tls_config to api_machines for per-machine TLS trust
2026/09/06 08:57:07 schema: migration 5->6 complete
2026/09/06 08:57:07 schema: migration 6->7: add role column to users for RBAC
2026/09/06 08:57:07 schema: migration 6->7 complete
2026/09/06 08:57:07 schema: migration 7->8: add hardware_info JSON column to machines for static spec snapshots
2026/09/06 08:57:07 schema: migration 7->8 complete
2026/09/06 08:57:07 schema: migration 8->9: add theme_name and theme_mode columns to users for per-user theme prefs
2026/09/06 08:57:07 schema: migration 8->9 complete
2026/09/06 08:57:07 schema: migration 9->10: create branding_config table for admin instance branding (Phase 10)
2026/09/06 08:57:07 schema: migration 9->10 complete
2026/09/06 08:57:07 schema: migration 10->11: Phase 11 — add per-user workflow personalization columns to users
2026/09/06 08:57:08 schema: migration 10->11 complete
2026/09/06 08:57:08 schema: migration 11->12: Phase 11 — create user_pinned_machines table
2026/09/06 08:57:08 schema: migration 11->12 complete
2026/09/06 08:57:08 schema: migration 12->13: Phase 11 — create user_saved_filters table
2026/09/06 08:57:08 schema: migration 12->13 complete
2026/09/06 08:57:08 schema: migration 13->14: Phase 11 — add welcome_message to branding_config
2026/09/06 08:57:08 schema: migration 13->14 complete
2026/09/06 08:57:08 schema: migration 14->15: Phase 12 — add notes column to machines
2026/09/06 08:57:08 schema: migration 14->15 complete
2026/09/06 08:57:08 schema: migration 15->16: Phase 12 — add cpu_temp_c column to metrics
2026/09/06 08:57:08 schema: migration 15->16 complete
2026/09/06 08:57:08 schema: migration 16->17: add nullable target_machine_id to tokens for machine-bound Windows re-enrollment
2026/09/06 08:57:08 schema: migration 16->17 complete
2026/09/06 08:57:08 schema: migration 17->18: add nullable pending_secret_hash and pending_expires_at to agent_credentials for staged Windows re-enrollment handoff
2026/09/06 08:57:08 schema: migration 17->18 complete
2026/09/06 08:57:08 schema: migration 18->19: create hub_settings key/value table (AI Sessions feature switch)
2026/09/06 08:57:08 schema: migration 18->19 complete
2026/09/06 08:57:08 schema: migration 19->20: add mint_time_script and mint-time binding columns to tokens to bind join links to mint-time configuration
2026/09/06 08:57:08 schema: migration 19->20 complete
2026/09/06 08:57:08 schema: migration 20->21: scrub raw install tokens persisted in tokens.mint_time_script
2026/09/06 08:57:08 schema: migration 20->21 complete
2026/09/06 08:57:08 schema: all migrations applied — now at version 21
2026/09/06 08:57:13 schema: at version 0, target 21 — applying 21 migration(s)
2026/09/06 08:57:13 schema: migration 0->1: baseline schema: create all tables and indexes
2026/09/06 08:57:13 schema: migration 0->1 complete
2026/09/06 08:57:13 schema: migration 1->2: add tags, terminal_pin_hash, password_changed, pin_changed columns
2026/09/06 08:57:13 schema: migration 1->2 complete
2026/09/06 08:57:13 schema: migration 2->3: add agent_credentials table for durable enrollment
2026/09/06 08:57:13 schema: migration 2->3 complete
2026/09/06 08:57:13 schema: migration 3->4: add source_ip and user_id to terminal_sessions for audit logging
2026/09/06 08:57:13 schema: migration 3->4 complete
2026/09/06 08:57:13 schema: migration 4->5: add api_machines table for API-polled machines
2026/09/06 08:57:13 schema: migration 4->5 complete
2026/09/06 08:57:13 schema: migration 5->6: add tls_config to api_machines for per-machine TLS trust
2026/09/06 08:57:13 schema: migration 5->6 complete
2026/09/06 08:57:13 schema: migration 6->7: add role column to users for RBAC
2026/09/06 08:57:13 schema: migration 6->7 complete
2026/09/06 08:57:13 schema: migration 7->8: add hardware_info JSON column to machines for static spec snapshots
2026/09/06 08:57:13 schema: migration 7->8 complete
2026/09/06 08:57:13 schema: migration 8->9: add theme_name and theme_mode columns to users for per-user theme prefs
2026/09/06 08:57:13 schema: migration 8->9 complete
2026/09/06 08:57:13 schema: migration 9->10: create branding_config table for admin instance branding (Phase 10)
2026/09/06 08:57:13 schema: migration 9->10 complete
2026/09/06 08:57:13 schema: migration 10->11: Phase 11 — add per-user workflow personalization columns to users
2026/09/06 08:57:13 schema: migration 10->11 complete
2026/09/06 08:57:13 schema: migration 11->12: Phase 11 — create user_pinned_machines table
2026/09/06 08:57:13 schema: migration 11->12 complete
2026/09/06 08:57:13 schema: migration 12->13: Phase 11 — create user_saved_filters table
2026/09/06 08:57:13 schema: migration 12->13 complete
2026/09/06 08:57:13 schema: migration 13->14: Phase 11 — add welcome_message to branding_config
2026/09/06 08:57:13 schema: migration 13->14 complete
2026/09/06 08:57:13 schema: migration 14->15: Phase 12 — add notes column to machines
2026/09/06 08:57:13 schema: migration 14->15 complete
2026/09/06 08:57:13 schema: migration 15->16: Phase 12 — add cpu_temp_c column to metrics
2026/09/06 08:57:14 schema: migration 15->16 complete
2026/09/06 08:57:14 schema: migration 16->17: add nullable target_machine_id to tokens for machine-bound Windows re-enrollment
2026/09/06 08:57:14 schema: migration 16->17 complete
2026/09/06 08:57:14 schema: migration 17->18: add nullable pending_secret_hash and pending_expires_at to agent_credentials for staged Windows re-enrollment handoff
2026/09/06 08:57:14 schema: migration 17->18 complete
2026/09/06 08:57:14 schema: migration 18->19: create hub_settings key/value table (AI Sessions feature switch)
2026/09/06 08:57:14 schema: migration 18->19 complete
2026/09/06 08:57:14 schema: migration 19->20: add mint_time_script and mint-time binding columns to tokens to bind join links to mint-time configuration
2026/09/06 08:57:14 schema: migration 19->20 complete
2026/09/06 08:57:14 schema: migration 20->21: scrub raw install tokens persisted in tokens.mint_time_script
2026/09/06 08:57:14 schema: migration 20->21 complete
2026/09/06 08:57:14 schema: all migrations applied — now at version 21
2026/09/06 08:57:19 schema: at version 0, target 21 — applying 21 migration(s)
2026/09/06 08:57:19 schema: migration 0->1: baseline schema: create all tables and indexes
2026/09/06 08:57:19 schema: migration 0->1 complete
2026/09/06 08:57:19 schema: migration 1->2: add tags, terminal_pin_hash, password_changed, pin_changed columns
2026/09/06 08:57:19 schema: migration 1->2 complete
2026/09/06 08:57:19 schema: migration 2->3: add agent_credentials table for durable enrollment
2026/09/06 08:57:19 schema: migration 2->3 complete
2026/09/06 08:57:19 schema: migration 3->4: add source_ip and user_id to terminal_sessions for audit logging
2026/09/06 08:57:19 schema: migration 3->4 complete
2026/09/06 08:57:19 schema: migration 4->5: add api_machines table for API-polled machines
2026/09/06 08:57:19 schema: migration 4->5 complete
2026/09/06 08:57:19 schema: migration 5->6: add tls_config to api_machines for per-machine TLS trust
2026/09/06 08:57:19 schema: migration 5->6 complete
2026/09/06 08:57:19 schema: migration 6->7: add role column to users for RBAC
2026/09/06 08:57:19 schema: migration 6->7 complete
2026/09/06 08:57:19 schema: migration 7->8: add hardware_info JSON column to machines for static spec snapshots
2026/09/06 08:57:19 schema: migration 7->8 complete
2026/09/06 08:57:19 schema: migration 8->9: add theme_name and theme_mode columns to users for per-user theme prefs
2026/09/06 08:57:19 schema: migration 8->9 complete
2026/09/06 08:57:19 schema: migration 9->10: create branding_config table for admin instance branding (Phase 10)
2026/09/06 08:57:19 schema: migration 9->10 complete
2026/09/06 08:57:19 schema: migration 10->11: Phase 11 — add per-user workflow personalization columns to users
2026/09/06 08:57:19 schema: migration 10->11 complete
2026/09/06 08:57:19 schema: migration 11->12: Phase 11 — create user_pinned_machines table
2026/09/06 08:57:19 schema: migration 11->12 complete
2026/09/06 08:57:19 schema: migration 12->13: Phase 11 — create user_saved_filters table
2026/09/06 08:57:19 schema: migration 12->13 complete
2026/09/06 08:57:19 schema: migration 13->14: Phase 11 — add welcome_message to branding_config
2026/09/06 08:57:19 schema: migration 13->14 complete
2026/09/06 08:57:19 schema: migration 14->15: Phase 12 — add notes column to machines
2026/09/06 08:57:19 schema: migration 14->15 complete
2026/09/06 08:57:19 schema: migration 15->16: Phase 12 — add cpu_temp_c column to metrics
2026/09/06 08:57:19 schema: migration 15->16 complete
2026/09/06 08:57:19 schema: migration 16->17: add nullable target_machine_id to tokens for machine-bound Windows re-enrollment
2026/09/06 08:57:19 schema: migration 16->17 complete
2026/09/06 08:57:19 schema: migration 17->18: add nullable pending_secret_hash and pending_expires_at to agent_credentials for staged Windows re-enrollment handoff
2026/09/06 08:57:19 schema: migration 17->18 complete
2026/09/06 08:57:19 schema: migration 18->19: create hub_settings key/value table (AI Sessions feature switch)
2026/09/06 08:57:19 schema: migration 18->19 complete
2026/09/06 08:57:19 schema: migration 19->20: add mint_time_script and mint-time binding columns to tokens to bind join links to mint-time configuration
2026/09/06 08:57:19 schema: migration 19->20 complete
2026/09/06 08:57:19 schema: migration 20->21: scrub raw install tokens persisted in tokens.mint_time_script
2026/09/06 08:57:19 schema: migration 20->21 complete
2026/09/06 08:57:19 schema: all migrations applied — now at version 21
2026/09/06 08:57:23 machine deleted: machine-machine-delete-credential (machine-delete-credential)
2026/09/06 08:57:23 schema: at version 0, target 21 — applying 21 migration(s)
2026/09/06 08:57:23 schema: migration 0->1: baseline schema: create all tables and indexes
2026/09/06 08:57:23 schema: migration 0->1 complete
2026/09/06 08:57:23 schema: migration 1->2: add tags, terminal_pin_hash, password_changed, pin_changed columns
2026/09/06 08:57:23 schema: migration 1->2 complete
2026/09/06 08:57:23 schema: migration 2->3: add agent_credentials table for durable enrollment
2026/09/06 08:57:23 schema: migration 2->3 complete
2026/09/06 08:57:23 schema: migration 3->4: add source_ip and user_id to terminal_sessions for audit logging
2026/09/06 08:57:23 schema: migration 3->4 complete
2026/09/06 08:57:23 schema: migration 4->5: add api_machines table for API-polled machines
2026/09/06 08:57:23 schema: migration 4->5 complete
2026/09/06 08:57:23 schema: migration 5->6: add tls_config to api_machines for per-machine TLS trust
2026/09/06 08:57:23 schema: migration 5->6 complete
2026/09/06 08:57:23 schema: migration 6->7: add role column to users for RBAC
2026/09/06 08:57:23 schema: migration 6->7 complete
2026/09/06 08:57:23 schema: migration 7->8: add hardware_info JSON column to machines for static spec snapshots
2026/09/06 08:57:23 schema: migration 7->8 complete
2026/09/06 08:57:23 schema: migration 8->9: add theme_name and theme_mode columns to users for per-user theme prefs
2026/09/06 08:57:23 schema: migration 8->9 complete
2026/09/06 08:57:23 schema: migration 9->10: create branding_config table for admin instance branding (Phase 10)
2026/09/06 08:57:23 schema: migration 9->10 complete
2026/09/06 08:57:23 schema: migration 10->11: Phase 11 — add per-user workflow personalization columns to users
2026/09/06 08:57:23 schema: migration 10->11 complete
2026/09/06 08:57:23 schema: migration 11->12: Phase 11 — create user_pinned_machines table
2026/09/06 08:57:23 schema: migration 11->12 complete
2026/09/06 08:57:23 schema: migration 12->13: Phase 11 — create user_saved_filters table
2026/09/06 08:57:23 schema: migration 12->13 complete
2026/09/06 08:57:23 schema: migration 13->14: Phase 11 — add welcome_message to branding_config
2026/09/06 08:57:23 schema: migration 13->14 complete
2026/09/06 08:57:23 schema: migration 14->15: Phase 12 — add notes column to machines
2026/09/06 08:57:23 schema: migration 14->15 complete
2026/09/06 08:57:23 schema: migration 15->16: Phase 12 — add cpu_temp_c column to metrics
2026/09/06 08:57:23 schema: migration 15->16 complete
2026/09/06 08:57:23 schema: migration 16->17: add nullable target_machine_id to tokens for machine-bound Windows re-enrollment
2026/09/06 08:57:23 schema: migration 16->17 complete
2026/09/06 08:57:23 schema: migration 17->18: add nullable pending_secret_hash and pending_expires_at to agent_credentials for staged Windows re-enrollment handoff
2026/09/06 08:57:23 schema: migration 17->18 complete
2026/09/06 08:57:23 schema: migration 18->19: create hub_settings key/value table (AI Sessions feature switch)
2026/09/06 08:57:23 schema: migration 18->19 complete
2026/09/06 08:57:23 schema: migration 19->20: add mint_time_script and mint-time binding columns to tokens to bind join links to mint-time configuration
2026/09/06 08:57:23 schema: migration 19->20 complete
2026/09/06 08:57:23 schema: migration 20->21: scrub raw install tokens persisted in tokens.mint_time_script
2026/09/06 08:57:23 schema: migration 20->21 complete
2026/09/06 08:57:23 schema: all migrations applied — now at version 21
2026/09/06 08:57:26 schema: at version 0, target 21 — applying 21 migration(s)
2026/09/06 08:57:26 schema: migration 0->1: baseline schema: create all tables and indexes
2026/09/06 08:57:27 schema: migration 0->1 complete
2026/09/06 08:57:27 schema: migration 1->2: add tags, terminal_pin_hash, password_changed, pin_changed columns
2026/09/06 08:57:27 schema: migration 1->2 complete
2026/09/06 08:57:27 schema: migration 2->3: add agent_credentials table for durable enrollment
2026/09/06 08:57:27 schema: migration 2->3 complete
2026/09/06 08:57:27 schema: migration 3->4: add source_ip and user_id to terminal_sessions for audit logging
2026/09/06 08:57:27 schema: migration 3->4 complete
2026/09/06 08:57:27 schema: migration 4->5: add api_machines table for API-polled machines
2026/09/06 08:57:27 schema: migration 4->5 complete
2026/09/06 08:57:27 schema: migration 5->6: add tls_config to api_machines for per-machine TLS trust
2026/09/06 08:57:27 schema: migration 5->6 complete
2026/09/06 08:57:27 schema: migration 6->7: add role column to users for RBAC
2026/09/06 08:57:27 schema: migration 6->7 complete
2026/09/06 08:57:27 schema: migration 7->8: add hardware_info JSON column to machines for static spec snapshots
2026/09/06 08:57:27 schema: migration 7->8 complete
2026/09/06 08:57:27 schema: migration 8->9: add theme_name and theme_mode columns to users for per-user theme prefs
2026/09/06 08:57:27 schema: migration 8->9 complete
2026/09/06 08:57:27 schema: migration 9->10: create branding_config table for admin instance branding (Phase 10)
2026/09/06 08:57:27 schema: migration 9->10 complete
2026/09/06 08:57:27 schema: migration 10->11: Phase 11 — add per-user workflow personalization columns to users
2026/09/06 08:57:27 schema: migration 10->11 complete
2026/09/06 08:57:27 schema: migration 11->12: Phase 11 — create user_pinned_machines table
2026/09/06 08:57:27 schema: migration 11->12 complete
2026/09/06 08:57:27 schema: migration 12->13: Phase 11 — create user_saved_filters table
2026/09/06 08:57:27 schema: migration 12->13 complete
2026/09/06 08:57:27 schema: migration 13->14: Phase 11 — add welcome_message to branding_config
2026/09/06 08:57:27 schema: migration 13->14 complete
2026/09/06 08:57:27 schema: migration 14->15: Phase 12 — add notes column to machines
2026/09/06 08:57:27 schema: migration 14->15 complete
2026/09/06 08:57:27 schema: migration 15->16: Phase 12 — add cpu_temp_c column to metrics
2026/09/06 08:57:27 schema: migration 15->16 complete
2026/09/06 08:57:27 schema: migration 16->17: add nullable target_machine_id to tokens for machine-bound Windows re-enrollment
2026/09/06 08:57:27 schema: migration 16->17 complete
2026/09/06 08:57:27 schema: migration 17->18: add nullable pending_secret_hash and pending_expires_at to agent_credentials for staged Windows re-enrollment handoff
2026/09/06 08:57:27 schema: migration 17->18 complete
2026/09/06 08:57:27 schema: migration 18->19: create hub_settings key/value table (AI Sessions feature switch)
2026/09/06 08:57:27 schema: migration 18->19 complete
2026/09/06 08:57:27 schema: migration 19->20: add mint_time_script and mint-time binding columns to tokens to bind join links to mint-time configuration
2026/09/06 08:57:27 schema: migration 19->20 complete
2026/09/06 08:57:27 schema: migration 20->21: scrub raw install tokens persisted in tokens.mint_time_script
2026/09/06 08:57:27 schema: migration 20->21 complete
2026/09/06 08:57:27 schema: all migrations applied — now at version 21
2026/09/06 08:57:30 schema: at version 0, target 21 — applying 21 migration(s)
2026/09/06 08:57:30 schema: migration 0->1: baseline schema: create all tables and indexes
2026/09/06 08:57:30 schema: migration 0->1 complete
2026/09/06 08:57:30 schema: migration 1->2: add tags, terminal_pin_hash, password_changed, pin_changed columns
2026/09/06 08:57:30 schema: migration 1->2 complete
2026/09/06 08:57:30 schema: migration 2->3: add agent_credentials table for durable enrollment
2026/09/06 08:57:30 schema: migration 2->3 complete
2026/09/06 08:57:30 schema: migration 3->4: add source_ip and user_id to terminal_sessions for audit logging
2026/09/06 08:57:30 schema: migration 3->4 complete
2026/09/06 08:57:30 schema: migration 4->5: add api_machines table for API-polled machines
2026/09/06 08:57:30 schema: migration 4->5 complete
2026/09/06 08:57:30 schema: migration 5->6: add tls_config to api_machines for per-machine TLS trust
2026/09/06 08:57:30 schema: migration 5->6 complete
2026/09/06 08:57:30 schema: migration 6->7: add role column to users for RBAC
2026/09/06 08:57:30 schema: migration 6->7 complete
2026/09/06 08:57:30 schema: migration 7->8: add hardware_info JSON column to machines for static spec snapshots
2026/09/06 08:57:30 schema: migration 7->8 complete
2026/09/06 08:57:30 schema: migration 8->9: add theme_name and theme_mode columns to users for per-user theme prefs
2026/09/06 08:57:30 schema: migration 8->9 complete
2026/09/06 08:57:30 schema: migration 9->10: create branding_config table for admin instance branding (Phase 10)
2026/09/06 08:57:30 schema: migration 9->10 complete
2026/09/06 08:57:30 schema: migration 10->11: Phase 11 — add per-user workflow personalization columns to users
2026/09/06 08:57:30 schema: migration 10->11 complete
2026/09/06 08:57:30 schema: migration 11->12: Phase 11 — create user_pinned_machines table
2026/09/06 08:57:30 schema: migration 11->12 complete
2026/09/06 08:57:30 schema: migration 12->13: Phase 11 — create user_saved_filters table
2026/09/06 08:57:30 schema: migration 12->13 complete
2026/09/06 08:57:30 schema: migration 13->14: Phase 11 — add welcome_message to branding_config
2026/09/06 08:57:30 schema: migration 13->14 complete
2026/09/06 08:57:30 schema: migration 14->15: Phase 12 — add notes column to machines
2026/09/06 08:57:30 schema: migration 14->15 complete
2026/09/06 08:57:30 schema: migration 15->16: Phase 12 — add cpu_temp_c column to metrics
2026/09/06 08:57:30 schema: migration 15->16 complete
2026/09/06 08:57:30 schema: migration 16->17: add nullable target_machine_id to tokens for machine-bound Windows re-enrollment
2026/09/06 08:57:30 schema: migration 16->17 complete
2026/09/06 08:57:30 schema: migration 17->18: add nullable pending_secret_hash and pending_expires_at to agent_credentials for staged Windows re-enrollment handoff
2026/09/06 08:57:31 schema: migration 17->18 complete
2026/09/06 08:57:31 schema: migration 18->19: create hub_settings key/value table (AI Sessions feature switch)
2026/09/06 08:57:31 schema: migration 18->19 complete
2026/09/06 08:57:31 schema: migration 19->20: add mint_time_script and mint-time binding columns to tokens to bind join links to mint-time configuration
2026/09/06 08:57:31 schema: migration 19->20 complete
2026/09/06 08:57:31 schema: migration 20->21: scrub raw install tokens persisted in tokens.mint_time_script
2026/09/06 08:57:31 schema: migration 20->21 complete
2026/09/06 08:57:31 schema: all migrations applied — now at version 21
2026/09/06 08:57:34 schema: at version 0, target 21 — applying 21 migration(s)
2026/09/06 08:57:34 schema: migration 0->1: baseline schema: create all tables and indexes
2026/09/06 08:57:34 schema: migration 0->1 complete
2026/09/06 08:57:34 schema: migration 1->2: add tags, terminal_pin_hash, password_changed, pin_changed columns
2026/09/06 08:57:34 schema: migration 1->2 complete
2026/09/06 08:57:34 schema: migration 2->3: add agent_credentials table for durable enrollment
2026/09/06 08:57:34 schema: migration 2->3 complete
2026/09/06 08:57:34 schema: migration 3->4: add source_ip and user_id to terminal_sessions for audit logging
2026/09/06 08:57:34 schema: migration 3->4 complete
2026/09/06 08:57:34 schema: migration 4->5: add api_machines table for API-polled machines
2026/09/06 08:57:34 schema: migration 4->5 complete
2026/09/06 08:57:34 schema: migration 5->6: add tls_config to api_machines for per-machine TLS trust
2026/09/06 08:57:34 schema: migration 5->6 complete
2026/09/06 08:57:34 schema: migration 6->7: add role column to users for RBAC
2026/09/06 08:57:34 schema: migration 6->7 complete
2026/09/06 08:57:34 schema: migration 7->8: add hardware_info JSON column to machines for static spec snapshots
2026/09/06 08:57:34 schema: migration 7->8 complete
2026/09/06 08:57:34 schema: migration 8->9: add theme_name and theme_mode columns to users for per-user theme prefs
2026/09/06 08:57:34 schema: migration 8->9 complete
2026/09/06 08:57:34 schema: migration 9->10: create branding_config table for admin instance branding (Phase 10)
2026/09/06 08:57:34 schema: migration 9->10 complete
2026/09/06 08:57:34 schema: migration 10->11: Phase 11 — add per-user workflow personalization columns to users
2026/09/06 08:57:34 schema: migration 10->11 complete
2026/09/06 08:57:34 schema: migration 11->12: Phase 11 — create user_pinned_machines table
2026/09/06 08:57:34 schema: migration 11->12 complete
2026/09/06 08:57:34 schema: migration 12->13: Phase 11 — create user_saved_filters table
2026/09/06 08:57:34 schema: migration 12->13 complete
2026/09/06 08:57:34 schema: migration 13->14: Phase 11 — add welcome_message to branding_config
2026/09/06 08:57:34 schema: migration 13->14 complete
2026/09/06 08:57:34 schema: migration 14->15: Phase 12 — add notes column to machines
2026/09/06 08:57:34 schema: migration 14->15 complete
2026/09/06 08:57:34 schema: migration 15->16: Phase 12 — add cpu_temp_c column to metrics
2026/09/06 08:57:34 schema: migration 15->16 complete
2026/09/06 08:57:34 schema: migration 16->17: add nullable target_machine_id to tokens for machine-bound Windows re-enrollment
2026/09/06 08:57:34 schema: migration 16->17 complete
2026/09/06 08:57:34 schema: migration 17->18: add nullable pending_secret_hash and pending_expires_at to agent_credentials for staged Windows re-enrollment handoff
2026/09/06 08:57:34 schema: migration 17->18 complete
2026/09/06 08:57:34 schema: migration 18->19: create hub_settings key/value table (AI Sessions feature switch)
2026/09/06 08:57:34 schema: migration 18->19 complete
2026/09/06 08:57:34 schema: migration 19->20: add mint_time_script and mint-time binding columns to tokens to bind join links to mint-time configuration
2026/09/06 08:57:34 schema: migration 19->20 complete
2026/09/06 08:57:34 schema: migration 20->21: scrub raw install tokens persisted in tokens.mint_time_script
2026/09/06 08:57:34 schema: migration 20->21 complete
2026/09/06 08:57:34 schema: all migrations applied — now at version 21
2026/09/06 08:57:42 rate limit exceeded: login from 10.0.0.1
2026/09/06 08:57:42 schema: at version 0, target 21 — applying 21 migration(s)
2026/09/06 08:57:42 schema: migration 0->1: baseline schema: create all tables and indexes
2026/09/06 08:57:42 schema: migration 0->1 complete
2026/09/06 08:57:42 schema: migration 1->2: add tags, terminal_pin_hash, password_changed, pin_changed columns
2026/09/06 08:57:42 schema: migration 1->2 complete
2026/09/06 08:57:42 schema: migration 2->3: add agent_credentials table for durable enrollment
2026/09/06 08:57:42 schema: migration 2->3 complete
2026/09/06 08:57:42 schema: migration 3->4: add source_ip and user_id to terminal_sessions for audit logging
2026/09/06 08:57:42 schema: migration 3->4 complete
2026/09/06 08:57:42 schema: migration 4->5: add api_machines table for API-polled machines
2026/09/06 08:57:42 schema: migration 4->5 complete
2026/09/06 08:57:42 schema: migration 5->6: add tls_config to api_machines for per-machine TLS trust
2026/09/06 08:57:42 schema: migration 5->6 complete
2026/09/06 08:57:42 schema: migration 6->7: add role column to users for RBAC
2026/09/06 08:57:42 schema: migration 6->7 complete
2026/09/06 08:57:42 schema: migration 7->8: add hardware_info JSON column to machines for static spec snapshots
2026/09/06 08:57:42 schema: migration 7->8 complete
2026/09/06 08:57:42 schema: migration 8->9: add theme_name and theme_mode columns to users for per-user theme prefs
2026/09/06 08:57:42 schema: migration 8->9 complete
2026/09/06 08:57:42 schema: migration 9->10: create branding_config table for admin instance branding (Phase 10)
2026/09/06 08:57:42 schema: migration 9->10 complete
2026/09/06 08:57:42 schema: migration 10->11: Phase 11 — add per-user workflow personalization columns to users
2026/09/06 08:57:42 schema: migration 10->11 complete
2026/09/06 08:57:42 schema: migration 11->12: Phase 11 — create user_pinned_machines table
2026/09/06 08:57:42 schema: migration 11->12 complete
2026/09/06 08:57:42 schema: migration 12->13: Phase 11 — create user_saved_filters table
2026/09/06 08:57:42 schema: migration 12->13 complete
2026/09/06 08:57:42 schema: migration 13->14: Phase 11 — add welcome_message to branding_config
2026/09/06 08:57:42 schema: migration 13->14 complete
2026/09/06 08:57:42 schema: migration 14->15: Phase 12 — add notes column to machines
2026/09/06 08:57:42 schema: migration 14->15 complete
2026/09/06 08:57:42 schema: migration 15->16: Phase 12 — add cpu_temp_c column to metrics
2026/09/06 08:57:43 schema: migration 15->16 complete
2026/09/06 08:57:43 schema: migration 16->17: add nullable target_machine_id to tokens for machine-bound Windows re-enrollment
2026/09/06 08:57:43 schema: migration 16->17 complete
2026/09/06 08:57:43 schema: migration 17->18: add nullable pending_secret_hash and pending_expires_at to agent_credentials for staged Windows re-enrollment handoff
2026/09/06 08:57:43 schema: migration 17->18 complete
2026/09/06 08:57:43 schema: migration 18->19: create hub_settings key/value table (AI Sessions feature switch)
2026/09/06 08:57:43 schema: migration 18->19 complete
2026/09/06 08:57:43 schema: migration 19->20: add mint_time_script and mint-time binding columns to tokens to bind join links to mint-time configuration
2026/09/06 08:57:43 schema: migration 19->20 complete
2026/09/06 08:57:43 schema: migration 20->21: scrub raw install tokens persisted in tokens.mint_time_script
2026/09/06 08:57:43 schema: migration 20->21 complete
2026/09/06 08:57:43 schema: all migrations applied — now at version 21
2026/09/06 08:57:48 password changed for user id: test-admin-id
2026/09/06 08:57:50 schema: at version 0, target 21 — applying 21 migration(s)
2026/09/06 08:57:50 schema: migration 0->1: baseline schema: create all tables and indexes
2026/09/06 08:57:50 schema: migration 0->1 complete
2026/09/06 08:57:50 schema: migration 1->2: add tags, terminal_pin_hash, password_changed, pin_changed columns
2026/09/06 08:57:50 schema: migration 1->2 complete
2026/09/06 08:57:50 schema: migration 2->3: add agent_credentials table for durable enrollment
2026/09/06 08:57:50 schema: migration 2->3 complete
2026/09/06 08:57:50 schema: migration 3->4: add source_ip and user_id to terminal_sessions for audit logging
2026/09/06 08:57:50 schema: migration 3->4 complete
2026/09/06 08:57:50 schema: migration 4->5: add api_machines table for API-polled machines
2026/09/06 08:57:50 schema: migration 4->5 complete
2026/09/06 08:57:50 schema: migration 5->6: add tls_config to api_machines for per-machine TLS trust
2026/09/06 08:57:50 schema: migration 5->6 complete
2026/09/06 08:57:50 schema: migration 6->7: add role column to users for RBAC
2026/09/06 08:57:50 schema: migration 6->7 complete
2026/09/06 08:57:50 schema: migration 7->8: add hardware_info JSON column to machines for static spec snapshots
2026/09/06 08:57:50 schema: migration 7->8 complete
2026/09/06 08:57:50 schema: migration 8->9: add theme_name and theme_mode columns to users for per-user theme prefs
2026/09/06 08:57:50 schema: migration 8->9 complete
2026/09/06 08:57:50 schema: migration 9->10: create branding_config table for admin instance branding (Phase 10)
2026/09/06 08:57:50 schema: migration 9->10 complete
2026/09/06 08:57:50 schema: migration 10->11: Phase 11 — add per-user workflow personalization columns to users
2026/09/06 08:57:51 schema: migration 10->11 complete
2026/09/06 08:57:51 schema: migration 11->12: Phase 11 — create user_pinned_machines table
2026/09/06 08:57:51 schema: migration 11->12 complete
2026/09/06 08:57:51 schema: migration 12->13: Phase 11 — create user_saved_filters table
2026/09/06 08:57:51 schema: migration 12->13 complete
2026/09/06 08:57:51 schema: migration 13->14: Phase 11 — add welcome_message to branding_config
2026/09/06 08:57:51 schema: migration 13->14 complete
2026/09/06 08:57:51 schema: migration 14->15: Phase 12 — add notes column to machines
2026/09/06 08:57:51 schema: migration 14->15 complete
2026/09/06 08:57:51 schema: migration 15->16: Phase 12 — add cpu_temp_c column to metrics
2026/09/06 08:57:51 schema: migration 15->16 complete
2026/09/06 08:57:51 schema: migration 16->17: add nullable target_machine_id to tokens for machine-bound Windows re-enrollment
2026/09/06 08:57:51 schema: migration 16->17 complete
2026/09/06 08:57:51 schema: migration 17->18: add nullable pending_secret_hash and pending_expires_at to agent_credentials for staged Windows re-enrollment handoff
2026/09/06 08:57:51 schema: migration 17->18 complete
2026/09/06 08:57:51 schema: migration 18->19: create hub_settings key/value table (AI Sessions feature switch)
2026/09/06 08:57:51 schema: migration 18->19 complete
2026/09/06 08:57:51 schema: migration 19->20: add mint_time_script and mint-time binding columns to tokens to bind join links to mint-time configuration
2026/09/06 08:57:51 schema: migration 19->20 complete
2026/09/06 08:57:51 schema: migration 20->21: scrub raw install tokens persisted in tokens.mint_time_script
2026/09/06 08:57:51 schema: migration 20->21 complete
2026/09/06 08:57:51 schema: all migrations applied — now at version 21
2026/09/06 08:57:56 terminal PIN changed
2026/09/06 08:57:56 schema: at version 0, target 21 — applying 21 migration(s)
2026/09/06 08:57:56 schema: migration 0->1: baseline schema: create all tables and indexes
2026/09/06 08:57:56 schema: migration 0->1 complete
2026/09/06 08:57:56 schema: migration 1->2: add tags, terminal_pin_hash, password_changed, pin_changed columns
2026/09/06 08:57:56 schema: migration 1->2 complete
2026/09/06 08:57:56 schema: migration 2->3: add agent_credentials table for durable enrollment
2026/09/06 08:57:56 schema: migration 2->3 complete
2026/09/06 08:57:56 schema: migration 3->4: add source_ip and user_id to terminal_sessions for audit logging
2026/09/06 08:57:56 schema: migration 3->4 complete
2026/09/06 08:57:56 schema: migration 4->5: add api_machines table for API-polled machines
2026/09/06 08:57:56 schema: migration 4->5 complete
2026/09/06 08:57:56 schema: migration 5->6: add tls_config to api_machines for per-machine TLS trust
2026/09/06 08:57:56 schema: migration 5->6 complete
2026/09/06 08:57:56 schema: migration 6->7: add role column to users for RBAC
2026/09/06 08:57:56 schema: migration 6->7 complete
2026/09/06 08:57:56 schema: migration 7->8: add hardware_info JSON column to machines for static spec snapshots
2026/09/06 08:57:56 schema: migration 7->8 complete
2026/09/06 08:57:56 schema: migration 8->9: add theme_name and theme_mode columns to users for per-user theme prefs
2026/09/06 08:57:56 schema: migration 8->9 complete
2026/09/06 08:57:56 schema: migration 9->10: create branding_config table for admin instance branding (Phase 10)
2026/09/06 08:57:56 schema: migration 9->10 complete
2026/09/06 08:57:56 schema: migration 10->11: Phase 11 — add per-user workflow personalization columns to users
2026/09/06 08:57:56 schema: migration 10->11 complete
2026/09/06 08:57:56 schema: migration 11->12: Phase 11 — create user_pinned_machines table
2026/09/06 08:57:56 schema: migration 11->12 complete
2026/09/06 08:57:56 schema: migration 12->13: Phase 11 — create user_saved_filters table
2026/09/06 08:57:56 schema: migration 12->13 complete
2026/09/06 08:57:56 schema: migration 13->14: Phase 11 — add welcome_message to branding_config
2026/09/06 08:57:56 schema: migration 13->14 complete
2026/09/06 08:57:56 schema: migration 14->15: Phase 12 — add notes column to machines
2026/09/06 08:57:56 schema: migration 14->15 complete
2026/09/06 08:57:56 schema: migration 15->16: Phase 12 — add cpu_temp_c column to metrics
2026/09/06 08:57:56 schema: migration 15->16 complete
2026/09/06 08:57:56 schema: migration 16->17: add nullable target_machine_id to tokens for machine-bound Windows re-enrollment
2026/09/06 08:57:57 schema: migration 16->17 complete
2026/09/06 08:57:57 schema: migration 17->18: add nullable pending_secret_hash and pending_expires_at to agent_credentials for staged Windows re-enrollment handoff
2026/09/06 08:57:57 schema: migration 17->18 complete
2026/09/06 08:57:57 schema: migration 18->19: create hub_settings key/value table (AI Sessions feature switch)
2026/09/06 08:57:57 schema: migration 18->19 complete
2026/09/06 08:57:57 schema: migration 19->20: add mint_time_script and mint-time binding columns to tokens to bind join links to mint-time configuration
2026/09/06 08:57:57 schema: migration 19->20 complete
2026/09/06 08:57:57 schema: migration 20->21: scrub raw install tokens persisted in tokens.mint_time_script
2026/09/06 08:57:57 schema: migration 20->21 complete
2026/09/06 08:57:57 schema: all migrations applied — now at version 21
2026/09/06 08:58:00 schema: at version 0, target 21 — applying 21 migration(s)
2026/09/06 08:58:00 schema: migration 0->1: baseline schema: create all tables and indexes
2026/09/06 08:58:00 schema: migration 0->1 complete
2026/09/06 08:58:00 schema: migration 1->2: add tags, terminal_pin_hash, password_changed, pin_changed columns
2026/09/06 08:58:00 schema: migration 1->2 complete
2026/09/06 08:58:00 schema: migration 2->3: add agent_credentials table for durable enrollment
2026/09/06 08:58:00 schema: migration 2->3 complete
2026/09/06 08:58:00 schema: migration 3->4: add source_ip and user_id to terminal_sessions for audit logging
2026/09/06 08:58:00 schema: migration 3->4 complete
2026/09/06 08:58:00 schema: migration 4->5: add api_machines table for API-polled machines
2026/09/06 08:58:00 schema: migration 4->5 complete
2026/09/06 08:58:00 schema: migration 5->6: add tls_config to api_machines for per-machine TLS trust
2026/09/06 08:58:00 schema: migration 5->6 complete
2026/09/06 08:58:00 schema: migration 6->7: add role column to users for RBAC
2026/09/06 08:58:00 schema: migration 6->7 complete
2026/09/06 08:58:00 schema: migration 7->8: add hardware_info JSON column to machines for static spec snapshots
2026/09/06 08:58:00 schema: migration 7->8 complete
2026/09/06 08:58:00 schema: migration 8->9: add theme_name and theme_mode columns to users for per-user theme prefs
2026/09/06 08:58:00 schema: migration 8->9 complete
2026/09/06 08:58:00 schema: migration 9->10: create branding_config table for admin instance branding (Phase 10)
2026/09/06 08:58:00 schema: migration 9->10 complete
2026/09/06 08:58:00 schema: migration 10->11: Phase 11 — add per-user workflow personalization columns to users
2026/09/06 08:58:00 schema: migration 10->11 complete
2026/09/06 08:58:00 schema: migration 11->12: Phase 11 — create user_pinned_machines table
2026/09/06 08:58:00 schema: migration 11->12 complete
2026/09/06 08:58:00 schema: migration 12->13: Phase 11 — create user_saved_filters table
2026/09/06 08:58:00 schema: migration 12->13 complete
2026/09/06 08:58:00 schema: migration 13->14: Phase 11 — add welcome_message to branding_config
2026/09/06 08:58:00 schema: migration 13->14 complete
2026/09/06 08:58:00 schema: migration 14->15: Phase 12 — add notes column to machines
2026/09/06 08:58:00 schema: migration 14->15 complete
2026/09/06 08:58:00 schema: migration 15->16: Phase 12 — add cpu_temp_c column to metrics
2026/09/06 08:58:00 schema: migration 15->16 complete
2026/09/06 08:58:00 schema: migration 16->17: add nullable target_machine_id to tokens for machine-bound Windows re-enrollment
2026/09/06 08:58:00 schema: migration 16->17 complete
2026/09/06 08:58:00 schema: migration 17->18: add nullable pending_secret_hash and pending_expires_at to agent_credentials for staged Windows re-enrollment handoff
2026/09/06 08:58:00 schema: migration 17->18 complete
2026/09/06 08:58:00 schema: migration 18->19: create hub_settings key/value table (AI Sessions feature switch)
2026/09/06 08:58:00 schema: migration 18->19 complete
2026/09/06 08:58:00 schema: migration 19->20: add mint_time_script and mint-time binding columns to tokens to bind join links to mint-time configuration
2026/09/06 08:58:00 schema: migration 19->20 complete
2026/09/06 08:58:00 schema: migration 20->21: scrub raw install tokens persisted in tokens.mint_time_script
2026/09/06 08:58:00 schema: migration 20->21 complete
2026/09/06 08:58:00 schema: all migrations applied — now at version 21
2026/09/06 08:58:04 install bootstrap: using CA cert /tmp/TestCreateTokenIncludesCABootstrapForHTTPS1075802215/001/root.crt
2026/09/06 08:58:04 schema: at version 0, target 21 — applying 21 migration(s)
2026/09/06 08:58:04 schema: migration 0->1: baseline schema: create all tables and indexes
2026/09/06 08:58:04 schema: migration 0->1 complete
2026/09/06 08:58:04 schema: migration 1->2: add tags, terminal_pin_hash, password_changed, pin_changed columns
2026/09/06 08:58:04 schema: migration 1->2 complete
2026/09/06 08:58:04 schema: migration 2->3: add agent_credentials table for durable enrollment
2026/09/06 08:58:04 schema: migration 2->3 complete
2026/09/06 08:58:04 schema: migration 3->4: add source_ip and user_id to terminal_sessions for audit logging
2026/09/06 08:58:04 schema: migration 3->4 complete
2026/09/06 08:58:04 schema: migration 4->5: add api_machines table for API-polled machines
2026/09/06 08:58:04 schema: migration 4->5 complete
2026/09/06 08:58:04 schema: migration 5->6: add tls_config to api_machines for per-machine TLS trust
2026/09/06 08:58:04 schema: migration 5->6 complete
2026/09/06 08:58:04 schema: migration 6->7: add role column to users for RBAC
2026/09/06 08:58:04 schema: migration 6->7 complete
2026/09/06 08:58:04 schema: migration 7->8: add hardware_info JSON column to machines for static spec snapshots
2026/09/06 08:58:04 schema: migration 7->8 complete
2026/09/06 08:58:04 schema: migration 8->9: add theme_name and theme_mode columns to users for per-user theme prefs
2026/09/06 08:58:04 schema: migration 8->9 complete
2026/09/06 08:58:04 schema: migration 9->10: create branding_config table for admin instance branding (Phase 10)
2026/09/06 08:58:04 schema: migration 9->10 complete
2026/09/06 08:58:04 schema: migration 10->11: Phase 11 — add per-user workflow personalization columns to users
2026/09/06 08:58:04 schema: migration 10->11 complete
2026/09/06 08:58:04 schema: migration 11->12: Phase 11 — create user_pinned_machines table
2026/09/06 08:58:04 schema: migration 11->12 complete
2026/09/06 08:58:04 schema: migration 12->13: Phase 11 — create user_saved_filters table
2026/09/06 08:58:04 schema: migration 12->13 complete
2026/09/06 08:58:04 schema: migration 13->14: Phase 11 — add welcome_message to branding_config
2026/09/06 08:58:04 schema: migration 13->14 complete
2026/09/06 08:58:04 schema: migration 14->15: Phase 12 — add notes column to machines
2026/09/06 08:58:04 schema: migration 14->15 complete
2026/09/06 08:58:04 schema: migration 15->16: Phase 12 — add cpu_temp_c column to metrics
2026/09/06 08:58:04 schema: migration 15->16 complete
2026/09/06 08:58:04 schema: migration 16->17: add nullable target_machine_id to tokens for machine-bound Windows re-enrollment
2026/09/06 08:58:04 schema: migration 16->17 complete
2026/09/06 08:58:04 schema: migration 17->18: add nullable pending_secret_hash and pending_expires_at to agent_credentials for staged Windows re-enrollment handoff
2026/09/06 08:58:04 schema: migration 17->18 complete
2026/09/06 08:58:04 schema: migration 18->19: create hub_settings key/value table (AI Sessions feature switch)
2026/09/06 08:58:04 schema: migration 18->19 complete
2026/09/06 08:58:04 schema: migration 19->20: add mint_time_script and mint-time binding columns to tokens to bind join links to mint-time configuration
2026/09/06 08:58:04 schema: migration 19->20 complete
2026/09/06 08:58:04 schema: migration 20->21: scrub raw install tokens persisted in tokens.mint_time_script
2026/09/06 08:58:04 schema: migration 20->21 complete
2026/09/06 08:58:04 schema: all migrations applied — now at version 21
2026/09/06 08:58:06 schema: at version 0, target 21 — applying 21 migration(s)
2026/09/06 08:58:06 schema: migration 0->1: baseline schema: create all tables and indexes
2026/09/06 08:58:06 schema: migration 0->1 complete
2026/09/06 08:58:06 schema: migration 1->2: add tags, terminal_pin_hash, password_changed, pin_changed columns
2026/09/06 08:58:07 schema: migration 1->2 complete
2026/09/06 08:58:07 schema: migration 2->3: add agent_credentials table for durable enrollment
2026/09/06 08:58:07 schema: migration 2->3 complete
2026/09/06 08:58:07 schema: migration 3->4: add source_ip and user_id to terminal_sessions for audit logging
2026/09/06 08:58:07 schema: migration 3->4 complete
2026/09/06 08:58:07 schema: migration 4->5: add api_machines table for API-polled machines
2026/09/06 08:58:07 schema: migration 4->5 complete
2026/09/06 08:58:07 schema: migration 5->6: add tls_config to api_machines for per-machine TLS trust
2026/09/06 08:58:07 schema: migration 5->6 complete
2026/09/06 08:58:07 schema: migration 6->7: add role column to users for RBAC
2026/09/06 08:58:07 schema: migration 6->7 complete
2026/09/06 08:58:07 schema: migration 7->8: add hardware_info JSON column to machines for static spec snapshots
2026/09/06 08:58:07 schema: migration 7->8 complete
2026/09/06 08:58:07 schema: migration 8->9: add theme_name and theme_mode columns to users for per-user theme prefs
2026/09/06 08:58:07 schema: migration 8->9 complete
2026/09/06 08:58:07 schema: migration 9->10: create branding_config table for admin instance branding (Phase 10)
2026/09/06 08:58:07 schema: migration 9->10 complete
2026/09/06 08:58:07 schema: migration 10->11: Phase 11 — add per-user workflow personalization columns to users
2026/09/06 08:58:07 schema: migration 10->11 complete
2026/09/06 08:58:07 schema: migration 11->12: Phase 11 — create user_pinned_machines table
2026/09/06 08:58:07 schema: migration 11->12 complete
2026/09/06 08:58:07 schema: migration 12->13: Phase 11 — create user_saved_filters table
2026/09/06 08:58:07 schema: migration 12->13 complete
2026/09/06 08:58:07 schema: migration 13->14: Phase 11 — add welcome_message to branding_config
2026/09/06 08:58:07 schema: migration 13->14 complete
2026/09/06 08:58:07 schema: migration 14->15: Phase 12 — add notes column to machines
2026/09/06 08:58:07 schema: migration 14->15 complete
2026/09/06 08:58:07 schema: migration 15->16: Phase 12 — add cpu_temp_c column to metrics
2026/09/06 08:58:07 schema: migration 15->16 complete
2026/09/06 08:58:07 schema: migration 16->17: add nullable target_machine_id to tokens for machine-bound Windows re-enrollment
2026/09/06 08:58:07 schema: migration 16->17 complete
2026/09/06 08:58:07 schema: migration 17->18: add nullable pending_secret_hash and pending_expires_at to agent_credentials for staged Windows re-enrollment handoff
2026/09/06 08:58:07 schema: migration 17->18 complete
2026/09/06 08:58:07 schema: migration 18->19: create hub_settings key/value table (AI Sessions feature switch)
2026/09/06 08:58:07 schema: migration 18->19 complete
2026/09/06 08:58:07 schema: migration 19->20: add mint_time_script and mint-time binding columns to tokens to bind join links to mint-time configuration
2026/09/06 08:58:07 schema: migration 19->20 complete
2026/09/06 08:58:07 schema: migration 20->21: scrub raw install tokens persisted in tokens.mint_time_script
2026/09/06 08:58:07 schema: migration 20->21 complete
2026/09/06 08:58:07 schema: all migrations applied — now at version 21
2026/09/06 08:58:09 agent token validated successfully
2026/09/06 08:58:09 schema: at version 0, target 21 — applying 21 migration(s)
2026/09/06 08:58:09 schema: migration 0->1: baseline schema: create all tables and indexes
2026/09/06 08:58:09 schema: migration 0->1 complete
2026/09/06 08:58:09 schema: migration 1->2: add tags, terminal_pin_hash, password_changed, pin_changed columns
2026/09/06 08:58:09 schema: migration 1->2 complete
2026/09/06 08:58:09 schema: migration 2->3: add agent_credentials table for durable enrollment
2026/09/06 08:58:09 schema: migration 2->3 complete
2026/09/06 08:58:09 schema: migration 3->4: add source_ip and user_id to terminal_sessions for audit logging
2026/09/06 08:58:09 schema: migration 3->4 complete
2026/09/06 08:58:09 schema: migration 4->5: add api_machines table for API-polled machines
2026/09/06 08:58:09 schema: migration 4->5 complete
2026/09/06 08:58:09 schema: migration 5->6: add tls_config to api_machines for per-machine TLS trust
2026/09/06 08:58:09 schema: migration 5->6 complete
2026/09/06 08:58:09 schema: migration 6->7: add role column to users for RBAC
2026/09/06 08:58:09 schema: migration 6->7 complete
2026/09/06 08:58:09 schema: migration 7->8: add hardware_info JSON column to machines for static spec snapshots
2026/09/06 08:58:09 schema: migration 7->8 complete
2026/09/06 08:58:09 schema: migration 8->9: add theme_name and theme_mode columns to users for per-user theme prefs
2026/09/06 08:58:09 schema: migration 8->9 complete
2026/09/06 08:58:09 schema: migration 9->10: create branding_config table for admin instance branding (Phase 10)
2026/09/06 08:58:09 schema: migration 9->10 complete
2026/09/06 08:58:09 schema: migration 10->11: Phase 11 — add per-user workflow personalization columns to users
2026/09/06 08:58:09 schema: migration 10->11 complete
2026/09/06 08:58:09 schema: migration 11->12: Phase 11 — create user_pinned_machines table
2026/09/06 08:58:09 schema: migration 11->12 complete
2026/09/06 08:58:09 schema: migration 12->13: Phase 11 — create user_saved_filters table
2026/09/06 08:58:09 schema: migration 12->13 complete
2026/09/06 08:58:09 schema: migration 13->14: Phase 11 — add welcome_message to branding_config
2026/09/06 08:58:09 schema: migration 13->14 complete
2026/09/06 08:58:09 schema: migration 14->15: Phase 12 — add notes column to machines
2026/09/06 08:58:09 schema: migration 14->15 complete
2026/09/06 08:58:09 schema: migration 15->16: Phase 12 — add cpu_temp_c column to metrics
2026/09/06 08:58:09 schema: migration 15->16 complete
2026/09/06 08:58:09 schema: migration 16->17: add nullable target_machine_id to tokens for machine-bound Windows re-enrollment
2026/09/06 08:58:09 schema: migration 16->17 complete
2026/09/06 08:58:09 schema: migration 17->18: add nullable pending_secret_hash and pending_expires_at to agent_credentials for staged Windows re-enrollment handoff
2026/09/06 08:58:09 schema: migration 17->18 complete
2026/09/06 08:58:09 schema: migration 18->19: create hub_settings key/value table (AI Sessions feature switch)
2026/09/06 08:58:09 schema: migration 18->19 complete
2026/09/06 08:58:09 schema: migration 19->20: add mint_time_script and mint-time binding columns to tokens to bind join links to mint-time configuration
2026/09/06 08:58:10 schema: migration 19->20 complete
2026/09/06 08:58:10 schema: migration 20->21: scrub raw install tokens persisted in tokens.mint_time_script
2026/09/06 08:58:10 schema: migration 20->21 complete
2026/09/06 08:58:10 schema: all migrations applied — now at version 21
2026/09/06 08:58:12 schema: at version 0, target 21 — applying 21 migration(s)
2026/09/06 08:58:12 schema: migration 0->1: baseline schema: create all tables and indexes
2026/09/06 08:58:12 schema: migration 0->1 complete
2026/09/06 08:58:12 schema: migration 1->2: add tags, terminal_pin_hash, password_changed, pin_changed columns
2026/09/06 08:58:12 schema: migration 1->2 complete
2026/09/06 08:58:12 schema: migration 2->3: add agent_credentials table for durable enrollment
2026/09/06 08:58:12 schema: migration 2->3 complete
2026/09/06 08:58:12 schema: migration 3->4: add source_ip and user_id to terminal_sessions for audit logging
2026/09/06 08:58:12 schema: migration 3->4 complete
2026/09/06 08:58:12 schema: migration 4->5: add api_machines table for API-polled machines
2026/09/06 08:58:12 schema: migration 4->5 complete
2026/09/06 08:58:12 schema: migration 5->6: add tls_config to api_machines for per-machine TLS trust
2026/09/06 08:58:12 schema: migration 5->6 complete
2026/09/06 08:58:12 schema: migration 6->7: add role column to users for RBAC
2026/09/06 08:58:12 schema: migration 6->7 complete
2026/09/06 08:58:12 schema: migration 7->8: add hardware_info JSON column to machines for static spec snapshots
2026/09/06 08:58:12 schema: migration 7->8 complete
2026/09/06 08:58:12 schema: migration 8->9: add theme_name and theme_mode columns to users for per-user theme prefs
2026/09/06 08:58:12 schema: migration 8->9 complete
2026/09/06 08:58:12 schema: migration 9->10: create branding_config table for admin instance branding (Phase 10)
2026/09/06 08:58:12 schema: migration 9->10 complete
2026/09/06 08:58:12 schema: migration 10->11: Phase 11 — add per-user workflow personalization columns to users
2026/09/06 08:58:12 schema: migration 10->11 complete
2026/09/06 08:58:12 schema: migration 11->12: Phase 11 — create user_pinned_machines table
2026/09/06 08:58:12 schema: migration 11->12 complete
2026/09/06 08:58:12 schema: migration 12->13: Phase 11 — create user_saved_filters table
2026/09/06 08:58:12 schema: migration 12->13 complete
2026/09/06 08:58:12 schema: migration 13->14: Phase 11 — add welcome_message to branding_config
2026/09/06 08:58:12 schema: migration 13->14 complete
2026/09/06 08:58:12 schema: migration 14->15: Phase 12 — add notes column to machines
2026/09/06 08:58:12 schema: migration 14->15 complete
2026/09/06 08:58:12 schema: migration 15->16: Phase 12 — add cpu_temp_c column to metrics
2026/09/06 08:58:12 schema: migration 15->16 complete
2026/09/06 08:58:12 schema: migration 16->17: add nullable target_machine_id to tokens for machine-bound Windows re-enrollment
2026/09/06 08:58:12 schema: migration 16->17 complete
2026/09/06 08:58:12 schema: migration 17->18: add nullable pending_secret_hash and pending_expires_at to agent_credentials for staged Windows re-enrollment handoff
2026/09/06 08:58:12 schema: migration 17->18 complete
2026/09/06 08:58:12 schema: migration 18->19: create hub_settings key/value table (AI Sessions feature switch)
2026/09/06 08:58:12 schema: migration 18->19 complete
2026/09/06 08:58:12 schema: migration 19->20: add mint_time_script and mint-time binding columns to tokens to bind join links to mint-time configuration
2026/09/06 08:58:12 schema: migration 19->20 complete
2026/09/06 08:58:12 schema: migration 20->21: scrub raw install tokens persisted in tokens.mint_time_script
2026/09/06 08:58:12 schema: migration 20->21 complete
2026/09/06 08:58:12 schema: all migrations applied — now at version 21
2026/09/06 08:58:15 schema: at version 0, target 21 — applying 21 migration(s)
2026/09/06 08:58:15 schema: migration 0->1: baseline schema: create all tables and indexes
2026/09/06 08:58:15 schema: migration 0->1 complete
2026/09/06 08:58:15 schema: migration 1->2: add tags, terminal_pin_hash, password_changed, pin_changed columns
2026/09/06 08:58:15 schema: migration 1->2 complete
2026/09/06 08:58:15 schema: migration 2->3: add agent_credentials table for durable enrollment
2026/09/06 08:58:15 schema: migration 2->3 complete
2026/09/06 08:58:15 schema: migration 3->4: add source_ip and user_id to terminal_sessions for audit logging
2026/09/06 08:58:15 schema: migration 3->4 complete
2026/09/06 08:58:15 schema: migration 4->5: add api_machines table for API-polled machines
2026/09/06 08:58:15 schema: migration 4->5 complete
2026/09/06 08:58:15 schema: migration 5->6: add tls_config to api_machines for per-machine TLS trust
2026/09/06 08:58:15 schema: migration 5->6 complete
2026/09/06 08:58:15 schema: migration 6->7: add role column to users for RBAC
2026/09/06 08:58:15 schema: migration 6->7 complete
2026/09/06 08:58:15 schema: migration 7->8: add hardware_info JSON column to machines for static spec snapshots
2026/09/06 08:58:15 schema: migration 7->8 complete
2026/09/06 08:58:15 schema: migration 8->9: add theme_name and theme_mode columns to users for per-user theme prefs
2026/09/06 08:58:15 schema: migration 8->9 complete
2026/09/06 08:58:15 schema: migration 9->10: create branding_config table for admin instance branding (Phase 10)
2026/09/06 08:58:15 schema: migration 9->10 complete
2026/09/06 08:58:15 schema: migration 10->11: Phase 11 — add per-user workflow personalization columns to users
2026/09/06 08:58:15 schema: migration 10->11 complete
2026/09/06 08:58:15 schema: migration 11->12: Phase 11 — create user_pinned_machines table
2026/09/06 08:58:15 schema: migration 11->12 complete
2026/09/06 08:58:15 schema: migration 12->13: Phase 11 — create user_saved_filters table
2026/09/06 08:58:15 schema: migration 12->13 complete
2026/09/06 08:58:15 schema: migration 13->14: Phase 11 — add welcome_message to branding_config
2026/09/06 08:58:15 schema: migration 13->14 complete
2026/09/06 08:58:15 schema: migration 14->15: Phase 12 — add notes column to machines
2026/09/06 08:58:15 schema: migration 14->15 complete
2026/09/06 08:58:15 schema: migration 15->16: Phase 12 — add cpu_temp_c column to metrics
2026/09/06 08:58:15 schema: migration 15->16 complete
2026/09/06 08:58:15 schema: migration 16->17: add nullable target_machine_id to tokens for machine-bound Windows re-enrollment
2026/09/06 08:58:15 schema: migration 16->17 complete
2026/09/06 08:58:15 schema: migration 17->18: add nullable pending_secret_hash and pending_expires_at to agent_credentials for staged Windows re-enrollment handoff
2026/09/06 08:58:15 schema: migration 17->18 complete
2026/09/06 08:58:15 schema: migration 18->19: create hub_settings key/value table (AI Sessions feature switch)
2026/09/06 08:58:15 schema: migration 18->19 complete
2026/09/06 08:58:15 schema: migration 19->20: add mint_time_script and mint-time binding columns to tokens to bind join links to mint-time configuration
2026/09/06 08:58:15 schema: migration 19->20 complete
2026/09/06 08:58:15 schema: migration 20->21: scrub raw install tokens persisted in tokens.mint_time_script
2026/09/06 08:58:15 schema: migration 20->21 complete
2026/09/06 08:58:15 schema: all migrations applied — now at version 21
2026/09/06 08:58:19 schema: at version 0, target 21 — applying 21 migration(s)
2026/09/06 08:58:19 schema: migration 0->1: baseline schema: create all tables and indexes
2026/09/06 08:58:19 schema: migration 0->1 complete
2026/09/06 08:58:19 schema: migration 1->2: add tags, terminal_pin_hash, password_changed, pin_changed columns
2026/09/06 08:58:20 schema: migration 1->2 complete
2026/09/06 08:58:20 schema: migration 2->3: add agent_credentials table for durable enrollment
2026/09/06 08:58:20 schema: migration 2->3 complete
2026/09/06 08:58:20 schema: migration 3->4: add source_ip and user_id to terminal_sessions for audit logging
2026/09/06 08:58:20 schema: migration 3->4 complete
2026/09/06 08:58:20 schema: migration 4->5: add api_machines table for API-polled machines
2026/09/06 08:58:20 schema: migration 4->5 complete
2026/09/06 08:58:20 schema: migration 5->6: add tls_config to api_machines for per-machine TLS trust
2026/09/06 08:58:20 schema: migration 5->6 complete
2026/09/06 08:58:20 schema: migration 6->7: add role column to users for RBAC
2026/09/06 08:58:20 schema: migration 6->7 complete
2026/09/06 08:58:20 schema: migration 7->8: add hardware_info JSON column to machines for static spec snapshots
2026/09/06 08:58:20 schema: migration 7->8 complete
2026/09/06 08:58:20 schema: migration 8->9: add theme_name and theme_mode columns to users for per-user theme prefs
2026/09/06 08:58:20 schema: migration 8->9 complete
2026/09/06 08:58:20 schema: migration 9->10: create branding_config table for admin instance branding (Phase 10)
2026/09/06 08:58:20 schema: migration 9->10 complete
2026/09/06 08:58:20 schema: migration 10->11: Phase 11 — add per-user workflow personalization columns to users
2026/09/06 08:58:20 schema: migration 10->11 complete
2026/09/06 08:58:20 schema: migration 11->12: Phase 11 — create user_pinned_machines table
2026/09/06 08:58:20 schema: migration 11->12 complete
2026/09/06 08:58:20 schema: migration 12->13: Phase 11 — create user_saved_filters table
2026/09/06 08:58:20 schema: migration 12->13 complete
2026/09/06 08:58:20 schema: migration 13->14: Phase 11 — add welcome_message to branding_config
2026/09/06 08:58:20 schema: migration 13->14 complete
2026/09/06 08:58:20 schema: migration 14->15: Phase 12 — add notes column to machines
2026/09/06 08:58:20 schema: migration 14->15 complete
2026/09/06 08:58:20 schema: migration 15->16: Phase 12 — add cpu_temp_c column to metrics
2026/09/06 08:58:20 schema: migration 15->16 complete
2026/09/06 08:58:20 schema: migration 16->17: add nullable target_machine_id to tokens for machine-bound Windows re-enrollment
2026/09/06 08:58:20 schema: migration 16->17 complete
2026/09/06 08:58:20 schema: migration 17->18: add nullable pending_secret_hash and pending_expires_at to agent_credentials for staged Windows re-enrollment handoff
2026/09/06 08:58:20 schema: migration 17->18 complete
2026/09/06 08:58:20 schema: migration 18->19: create hub_settings key/value table (AI Sessions feature switch)
2026/09/06 08:58:20 schema: migration 18->19 complete
2026/09/06 08:58:20 schema: migration 19->20: add mint_time_script and mint-time binding columns to tokens to bind join links to mint-time configuration
2026/09/06 08:58:20 schema: migration 19->20 complete
2026/09/06 08:58:20 schema: migration 20->21: scrub raw install tokens persisted in tokens.mint_time_script
2026/09/06 08:58:20 schema: migration 20->21 complete
2026/09/06 08:58:20 schema: all migrations applied — now at version 21
2026/09/06 08:58:24 schema: at version 0, target 21 — applying 21 migration(s)
2026/09/06 08:58:24 schema: migration 0->1: baseline schema: create all tables and indexes
2026/09/06 08:58:24 schema: migration 0->1 complete
2026/09/06 08:58:24 schema: migration 1->2: add tags, terminal_pin_hash, password_changed, pin_changed columns
2026/09/06 08:58:24 schema: migration 1->2 complete
2026/09/06 08:58:24 schema: migration 2->3: add agent_credentials table for durable enrollment
2026/09/06 08:58:24 schema: migration 2->3 complete
2026/09/06 08:58:24 schema: migration 3->4: add source_ip and user_id to terminal_sessions for audit logging
2026/09/06 08:58:24 schema: migration 3->4 complete
2026/09/06 08:58:24 schema: migration 4->5: add api_machines table for API-polled machines
2026/09/06 08:58:24 schema: migration 4->5 complete
2026/09/06 08:58:24 schema: migration 5->6: add tls_config to api_machines for per-machine TLS trust
2026/09/06 08:58:24 schema: migration 5->6 complete
2026/09/06 08:58:24 schema: migration 6->7: add role column to users for RBAC
2026/09/06 08:58:24 schema: migration 6->7 complete
2026/09/06 08:58:24 schema: migration 7->8: add hardware_info JSON column to machines for static spec snapshots
2026/09/06 08:58:24 schema: migration 7->8 complete
2026/09/06 08:58:24 schema: migration 8->9: add theme_name and theme_mode columns to users for per-user theme prefs
2026/09/06 08:58:24 schema: migration 8->9 complete
2026/09/06 08:58:24 schema: migration 9->10: create branding_config table for admin instance branding (Phase 10)
2026/09/06 08:58:24 schema: migration 9->10 complete
2026/09/06 08:58:24 schema: migration 10->11: Phase 11 — add per-user workflow personalization columns to users
2026/09/06 08:58:25 schema: migration 10->11 complete
2026/09/06 08:58:25 schema: migration 11->12: Phase 11 — create user_pinned_machines table
2026/09/06 08:58:25 schema: migration 11->12 complete
2026/09/06 08:58:25 schema: migration 12->13: Phase 11 — create user_saved_filters table
2026/09/06 08:58:25 schema: migration 12->13 complete
2026/09/06 08:58:25 schema: migration 13->14: Phase 11 — add welcome_message to branding_config
2026/09/06 08:58:25 schema: migration 13->14 complete
2026/09/06 08:58:25 schema: migration 14->15: Phase 12 — add notes column to machines
2026/09/06 08:58:25 schema: migration 14->15 complete
2026/09/06 08:58:25 schema: migration 15->16: Phase 12 — add cpu_temp_c column to metrics
2026/09/06 08:58:25 schema: migration 15->16 complete
2026/09/06 08:58:25 schema: migration 16->17: add nullable target_machine_id to tokens for machine-bound Windows re-enrollment
2026/09/06 08:58:25 schema: migration 16->17 complete
2026/09/06 08:58:25 schema: migration 17->18: add nullable pending_secret_hash and pending_expires_at to agent_credentials for staged Windows re-enrollment handoff
2026/09/06 08:58:25 schema: migration 17->18 complete
2026/09/06 08:58:25 schema: migration 18->19: create hub_settings key/value table (AI Sessions feature switch)
2026/09/06 08:58:25 schema: migration 18->19 complete
2026/09/06 08:58:25 schema: migration 19->20: add mint_time_script and mint-time binding columns to tokens to bind join links to mint-time configuration
2026/09/06 08:58:25 schema: migration 19->20 complete
2026/09/06 08:58:25 schema: migration 20->21: scrub raw install tokens persisted in tokens.mint_time_script
2026/09/06 08:58:25 schema: migration 20->21 complete
2026/09/06 08:58:25 schema: all migrations applied — now at version 21
2026/09/06 08:58:27 schema: at version 0, target 21 — applying 21 migration(s)
2026/09/06 08:58:27 schema: migration 0->1: baseline schema: create all tables and indexes
2026/09/06 08:58:27 schema: migration 0->1 complete
2026/09/06 08:58:27 schema: migration 1->2: add tags, terminal_pin_hash, password_changed, pin_changed columns
2026/09/06 08:58:27 schema: migration 1->2 complete
2026/09/06 08:58:27 schema: migration 2->3: add agent_credentials table for durable enrollment
2026/09/06 08:58:27 schema: migration 2->3 complete
2026/09/06 08:58:27 schema: migration 3->4: add source_ip and user_id to terminal_sessions for audit logging
2026/09/06 08:58:27 schema: migration 3->4 complete
2026/09/06 08:58:27 schema: migration 4->5: add api_machines table for API-polled machines
2026/09/06 08:58:27 schema: migration 4->5 complete
2026/09/06 08:58:27 schema: migration 5->6: add tls_config to api_machines for per-machine TLS trust
2026/09/06 08:58:27 schema: migration 5->6 complete
2026/09/06 08:58:27 schema: migration 6->7: add role column to users for RBAC
2026/09/06 08:58:27 schema: migration 6->7 complete
2026/09/06 08:58:27 schema: migration 7->8: add hardware_info JSON column to machines for static spec snapshots
2026/09/06 08:58:27 schema: migration 7->8 complete
2026/09/06 08:58:27 schema: migration 8->9: add theme_name and theme_mode columns to users for per-user theme prefs
2026/09/06 08:58:27 schema: migration 8->9 complete
2026/09/06 08:58:27 schema: migration 9->10: create branding_config table for admin instance branding (Phase 10)
2026/09/06 08:58:27 schema: migration 9->10 complete
2026/09/06 08:58:27 schema: migration 10->11: Phase 11 — add per-user workflow personalization columns to users
2026/09/06 08:58:27 schema: migration 10->11 complete
2026/09/06 08:58:27 schema: migration 11->12: Phase 11 — create user_pinned_machines table
2026/09/06 08:58:27 schema: migration 11->12 complete
2026/09/06 08:58:27 schema: migration 12->13: Phase 11 — create user_saved_filters table
2026/09/06 08:58:27 schema: migration 12->13 complete
2026/09/06 08:58:27 schema: migration 13->14: Phase 11 — add welcome_message to branding_config
2026/09/06 08:58:27 schema: migration 13->14 complete
2026/09/06 08:58:27 schema: migration 14->15: Phase 12 — add notes column to machines
2026/09/06 08:58:27 schema: migration 14->15 complete
2026/09/06 08:58:27 schema: migration 15->16: Phase 12 — add cpu_temp_c column to metrics
2026/09/06 08:58:27 schema: migration 15->16 complete
2026/09/06 08:58:27 schema: migration 16->17: add nullable target_machine_id to tokens for machine-bound Windows re-enrollment
2026/09/06 08:58:27 schema: migration 16->17 complete
2026/09/06 08:58:27 schema: migration 17->18: add nullable pending_secret_hash and pending_expires_at to agent_credentials for staged Windows re-enrollment handoff
2026/09/06 08:58:27 schema: migration 17->18 complete
2026/09/06 08:58:27 schema: migration 18->19: create hub_settings key/value table (AI Sessions feature switch)
2026/09/06 08:58:27 schema: migration 18->19 complete
2026/09/06 08:58:27 schema: migration 19->20: add mint_time_script and mint-time binding columns to tokens to bind join links to mint-time configuration
2026/09/06 08:58:27 schema: migration 19->20 complete
2026/09/06 08:58:27 schema: migration 20->21: scrub raw install tokens persisted in tokens.mint_time_script
2026/09/06 08:58:27 schema: migration 20->21 complete
2026/09/06 08:58:27 schema: all migrations applied — now at version 21
2026/09/06 08:58:30 schema: at version 0, target 21 — applying 21 migration(s)
2026/09/06 08:58:30 schema: migration 0->1: baseline schema: create all tables and indexes
2026/09/06 08:58:30 schema: migration 0->1 complete
2026/09/06 08:58:30 schema: migration 1->2: add tags, terminal_pin_hash, password_changed, pin_changed columns
2026/09/06 08:58:30 schema: migration 1->2 complete
2026/09/06 08:58:30 schema: migration 2->3: add agent_credentials table for durable enrollment
2026/09/06 08:58:30 schema: migration 2->3 complete
2026/09/06 08:58:30 schema: migration 3->4: add source_ip and user_id to terminal_sessions for audit logging
2026/09/06 08:58:30 schema: migration 3->4 complete
2026/09/06 08:58:30 schema: migration 4->5: add api_machines table for API-polled machines
2026/09/06 08:58:30 schema: migration 4->5 complete
2026/09/06 08:58:30 schema: migration 5->6: add tls_config to api_machines for per-machine TLS trust
2026/09/06 08:58:30 schema: migration 5->6 complete
2026/09/06 08:58:30 schema: migration 6->7: add role column to users for RBAC
2026/09/06 08:58:30 schema: migration 6->7 complete
2026/09/06 08:58:30 schema: migration 7->8: add hardware_info JSON column to machines for static spec snapshots
2026/09/06 08:58:30 schema: migration 7->8 complete
2026/09/06 08:58:30 schema: migration 8->9: add theme_name and theme_mode columns to users for per-user theme prefs
2026/09/06 08:58:30 schema: migration 8->9 complete
2026/09/06 08:58:30 schema: migration 9->10: create branding_config table for admin instance branding (Phase 10)
2026/09/06 08:58:30 schema: migration 9->10 complete
2026/09/06 08:58:30 schema: migration 10->11: Phase 11 — add per-user workflow personalization columns to users
2026/09/06 08:58:30 schema: migration 10->11 complete
2026/09/06 08:58:30 schema: migration 11->12: Phase 11 — create user_pinned_machines table
2026/09/06 08:58:30 schema: migration 11->12 complete
2026/09/06 08:58:30 schema: migration 12->13: Phase 11 — create user_saved_filters table
2026/09/06 08:58:30 schema: migration 12->13 complete
2026/09/06 08:58:30 schema: migration 13->14: Phase 11 — add welcome_message to branding_config
2026/09/06 08:58:30 schema: migration 13->14 complete
2026/09/06 08:58:30 schema: migration 14->15: Phase 12 — add notes column to machines
2026/09/06 08:58:30 schema: migration 14->15 complete
2026/09/06 08:58:30 schema: migration 15->16: Phase 12 — add cpu_temp_c column to metrics
2026/09/06 08:58:30 schema: migration 15->16 complete
2026/09/06 08:58:30 schema: migration 16->17: add nullable target_machine_id to tokens for machine-bound Windows re-enrollment
2026/09/06 08:58:30 schema: migration 16->17 complete
2026/09/06 08:58:30 schema: migration 17->18: add nullable pending_secret_hash and pending_expires_at to agent_credentials for staged Windows re-enrollment handoff
2026/09/06 08:58:30 schema: migration 17->18 complete
2026/09/06 08:58:30 schema: migration 18->19: create hub_settings key/value table (AI Sessions feature switch)
2026/09/06 08:58:30 schema: migration 18->19 complete
2026/09/06 08:58:30 schema: migration 19->20: add mint_time_script and mint-time binding columns to tokens to bind join links to mint-time configuration
2026/09/06 08:58:30 schema: migration 19->20 complete
2026/09/06 08:58:30 schema: migration 20->21: scrub raw install tokens persisted in tokens.mint_time_script
2026/09/06 08:58:30 schema: migration 20->21 complete
2026/09/06 08:58:30 schema: all migrations applied — now at version 21
2026/09/06 08:58:33 schema: at version 0, target 21 — applying 21 migration(s)
2026/09/06 08:58:33 schema: migration 0->1: baseline schema: create all tables and indexes
2026/09/06 08:58:33 schema: migration 0->1 complete
2026/09/06 08:58:33 schema: migration 1->2: add tags, terminal_pin_hash, password_changed, pin_changed columns
2026/09/06 08:58:33 schema: migration 1->2 complete
2026/09/06 08:58:33 schema: migration 2->3: add agent_credentials table for durable enrollment
2026/09/06 08:58:33 schema: migration 2->3 complete
2026/09/06 08:58:33 schema: migration 3->4: add source_ip and user_id to terminal_sessions for audit logging
2026/09/06 08:58:33 schema: migration 3->4 complete
2026/09/06 08:58:33 schema: migration 4->5: add api_machines table for API-polled machines
2026/09/06 08:58:33 schema: migration 4->5 complete
2026/09/06 08:58:33 schema: migration 5->6: add tls_config to api_machines for per-machine TLS trust
2026/09/06 08:58:33 schema: migration 5->6 complete
2026/09/06 08:58:33 schema: migration 6->7: add role column to users for RBAC
2026/09/06 08:58:33 schema: migration 6->7 complete
2026/09/06 08:58:33 schema: migration 7->8: add hardware_info JSON column to machines for static spec snapshots
2026/09/06 08:58:33 schema: migration 7->8 complete
2026/09/06 08:58:33 schema: migration 8->9: add theme_name and theme_mode columns to users for per-user theme prefs
2026/09/06 08:58:33 schema: migration 8->9 complete
2026/09/06 08:58:33 schema: migration 9->10: create branding_config table for admin instance branding (Phase 10)
2026/09/06 08:58:34 schema: migration 9->10 complete
2026/09/06 08:58:34 schema: migration 10->11: Phase 11 — add per-user workflow personalization columns to users
2026/09/06 08:58:34 schema: migration 10->11 complete
2026/09/06 08:58:34 schema: migration 11->12: Phase 11 — create user_pinned_machines table
2026/09/06 08:58:34 schema: migration 11->12 complete
2026/09/06 08:58:34 schema: migration 12->13: Phase 11 — create user_saved_filters table
2026/09/06 08:58:34 schema: migration 12->13 complete
2026/09/06 08:58:34 schema: migration 13->14: Phase 11 — add welcome_message to branding_config
2026/09/06 08:58:34 schema: migration 13->14 complete
2026/09/06 08:58:34 schema: migration 14->15: Phase 12 — add notes column to machines
2026/09/06 08:58:34 schema: migration 14->15 complete
2026/09/06 08:58:34 schema: migration 15->16: Phase 12 — add cpu_temp_c column to metrics
2026/09/06 08:58:34 schema: migration 15->16 complete
2026/09/06 08:58:34 schema: migration 16->17: add nullable target_machine_id to tokens for machine-bound Windows re-enrollment
2026/09/06 08:58:34 schema: migration 16->17 complete
2026/09/06 08:58:34 schema: migration 17->18: add nullable pending_secret_hash and pending_expires_at to agent_credentials for staged Windows re-enrollment handoff
2026/09/06 08:58:34 schema: migration 17->18 complete
2026/09/06 08:58:34 schema: migration 18->19: create hub_settings key/value table (AI Sessions feature switch)
2026/09/06 08:58:34 schema: migration 18->19 complete
2026/09/06 08:58:34 schema: migration 19->20: add mint_time_script and mint-time binding columns to tokens to bind join links to mint-time configuration
2026/09/06 08:58:34 schema: migration 19->20 complete
2026/09/06 08:58:34 schema: migration 20->21: scrub raw install tokens persisted in tokens.mint_time_script
2026/09/06 08:58:34 schema: migration 20->21 complete
2026/09/06 08:58:34 schema: all migrations applied — now at version 21
2026/09/06 08:58:38 schema: at version 0, target 21 — applying 21 migration(s)
2026/09/06 08:58:38 schema: migration 0->1: baseline schema: create all tables and indexes
2026/09/06 08:58:38 schema: migration 0->1 complete
2026/09/06 08:58:38 schema: migration 1->2: add tags, terminal_pin_hash, password_changed, pin_changed columns
2026/09/06 08:58:38 schema: migration 1->2 complete
2026/09/06 08:58:38 schema: migration 2->3: add agent_credentials table for durable enrollment
2026/09/06 08:58:38 schema: migration 2->3 complete
2026/09/06 08:58:38 schema: migration 3->4: add source_ip and user_id to terminal_sessions for audit logging
2026/09/06 08:58:38 schema: migration 3->4 complete
2026/09/06 08:58:38 schema: migration 4->5: add api_machines table for API-polled machines
2026/09/06 08:58:38 schema: migration 4->5 complete
2026/09/06 08:58:38 schema: migration 5->6: add tls_config to api_machines for per-machine TLS trust
2026/09/06 08:58:38 schema: migration 5->6 complete
2026/09/06 08:58:38 schema: migration 6->7: add role column to users for RBAC
2026/09/06 08:58:38 schema: migration 6->7 complete
2026/09/06 08:58:38 schema: migration 7->8: add hardware_info JSON column to machines for static spec snapshots
2026/09/06 08:58:38 schema: migration 7->8 complete
2026/09/06 08:58:38 schema: migration 8->9: add theme_name and theme_mode columns to users for per-user theme prefs
2026/09/06 08:58:38 schema: migration 8->9 complete
2026/09/06 08:58:38 schema: migration 9->10: create branding_config table for admin instance branding (Phase 10)
2026/09/06 08:58:38 schema: migration 9->10 complete
2026/09/06 08:58:38 schema: migration 10->11: Phase 11 — add per-user workflow personalization columns to users
2026/09/06 08:58:39 schema: migration 10->11 complete
2026/09/06 08:58:39 schema: migration 11->12: Phase 11 — create user_pinned_machines table
2026/09/06 08:58:39 schema: migration 11->12 complete
2026/09/06 08:58:39 schema: migration 12->13: Phase 11 — create user_saved_filters table
2026/09/06 08:58:39 schema: migration 12->13 complete
2026/09/06 08:58:39 schema: migration 13->14: Phase 11 — add welcome_message to branding_config
2026/09/06 08:58:39 schema: migration 13->14 complete
2026/09/06 08:58:39 schema: migration 14->15: Phase 12 — add notes column to machines
2026/09/06 08:58:39 schema: migration 14->15 complete
2026/09/06 08:58:39 schema: migration 15->16: Phase 12 — add cpu_temp_c column to metrics
2026/09/06 08:58:39 schema: migration 15->16 complete
2026/09/06 08:58:39 schema: migration 16->17: add nullable target_machine_id to tokens for machine-bound Windows re-enrollment
2026/09/06 08:58:39 schema: migration 16->17 complete
2026/09/06 08:58:39 schema: migration 17->18: add nullable pending_secret_hash and pending_expires_at to agent_credentials for staged Windows re-enrollment handoff
2026/09/06 08:58:39 schema: migration 17->18 complete
2026/09/06 08:58:39 schema: migration 18->19: create hub_settings key/value table (AI Sessions feature switch)
2026/09/06 08:58:39 schema: migration 18->19 complete
2026/09/06 08:58:39 schema: migration 19->20: add mint_time_script and mint-time binding columns to tokens to bind join links to mint-time configuration
2026/09/06 08:58:39 schema: migration 19->20 complete
2026/09/06 08:58:39 schema: migration 20->21: scrub raw install tokens persisted in tokens.mint_time_script
2026/09/06 08:58:39 schema: migration 20->21 complete
2026/09/06 08:58:39 schema: all migrations applied — now at version 21
2026/09/06 08:58:44 password changed for user id: test-admin-id
2026/09/06 08:58:46 terminal PIN changed
2026/09/06 08:58:46 schema: at version 0, target 21 — applying 21 migration(s)
2026/09/06 08:58:46 schema: migration 0->1: baseline schema: create all tables and indexes
2026/09/06 08:58:46 schema: migration 0->1 complete
2026/09/06 08:58:46 schema: migration 1->2: add tags, terminal_pin_hash, password_changed, pin_changed columns
2026/09/06 08:58:46 schema: migration 1->2 complete
2026/09/06 08:58:46 schema: migration 2->3: add agent_credentials table for durable enrollment
2026/09/06 08:58:46 schema: migration 2->3 complete
2026/09/06 08:58:46 schema: migration 3->4: add source_ip and user_id to terminal_sessions for audit logging
2026/09/06 08:58:46 schema: migration 3->4 complete
2026/09/06 08:58:46 schema: migration 4->5: add api_machines table for API-polled machines
2026/09/06 08:58:46 schema: migration 4->5 complete
2026/09/06 08:58:46 schema: migration 5->6: add tls_config to api_machines for per-machine TLS trust
2026/09/06 08:58:46 schema: migration 5->6 complete
2026/09/06 08:58:46 schema: migration 6->7: add role column to users for RBAC
2026/09/06 08:58:46 schema: migration 6->7 complete
2026/09/06 08:58:46 schema: migration 7->8: add hardware_info JSON column to machines for static spec snapshots
2026/09/06 08:58:46 schema: migration 7->8 complete
2026/09/06 08:58:46 schema: migration 8->9: add theme_name and theme_mode columns to users for per-user theme prefs
2026/09/06 08:58:46 schema: migration 8->9 complete
2026/09/06 08:58:46 schema: migration 9->10: create branding_config table for admin instance branding (Phase 10)
2026/09/06 08:58:46 schema: migration 9->10 complete
2026/09/06 08:58:46 schema: migration 10->11: Phase 11 — add per-user workflow personalization columns to users
2026/09/06 08:58:47 schema: migration 10->11 complete
2026/09/06 08:58:47 schema: migration 11->12: Phase 11 — create user_pinned_machines table
2026/09/06 08:58:47 schema: migration 11->12 complete
2026/09/06 08:58:47 schema: migration 12->13: Phase 11 — create user_saved_filters table
2026/09/06 08:58:47 schema: migration 12->13 complete
2026/09/06 08:58:47 schema: migration 13->14: Phase 11 — add welcome_message to branding_config
2026/09/06 08:58:47 schema: migration 13->14 complete
2026/09/06 08:58:47 schema: migration 14->15: Phase 12 — add notes column to machines
2026/09/06 08:58:47 schema: migration 14->15 complete
2026/09/06 08:58:47 schema: migration 15->16: Phase 12 — add cpu_temp_c column to metrics
2026/09/06 08:58:47 schema: migration 15->16 complete
2026/09/06 08:58:47 schema: migration 16->17: add nullable target_machine_id to tokens for machine-bound Windows re-enrollment
2026/09/06 08:58:47 schema: migration 16->17 complete
2026/09/06 08:58:47 schema: migration 17->18: add nullable pending_secret_hash and pending_expires_at to agent_credentials for staged Windows re-enrollment handoff
2026/09/06 08:58:47 schema: migration 17->18 complete
2026/09/06 08:58:47 schema: migration 18->19: create hub_settings key/value table (AI Sessions feature switch)
2026/09/06 08:58:47 schema: migration 18->19 complete
2026/09/06 08:58:47 schema: migration 19->20: add mint_time_script and mint-time binding columns to tokens to bind join links to mint-time configuration
2026/09/06 08:58:47 schema: migration 19->20 complete
2026/09/06 08:58:47 schema: migration 20->21: scrub raw install tokens persisted in tokens.mint_time_script
2026/09/06 08:58:47 schema: migration 20->21 complete
2026/09/06 08:58:47 schema: all migrations applied — now at version 21
2026/09/06 08:58:50 schema: at version 0, target 21 — applying 21 migration(s)
2026/09/06 08:58:50 schema: migration 0->1: baseline schema: create all tables and indexes
2026/09/06 08:58:50 schema: migration 0->1 complete
2026/09/06 08:58:50 schema: migration 1->2: add tags, terminal_pin_hash, password_changed, pin_changed columns
2026/09/06 08:58:50 schema: migration 1->2 complete
2026/09/06 08:58:50 schema: migration 2->3: add agent_credentials table for durable enrollment
2026/09/06 08:58:50 schema: migration 2->3 complete
2026/09/06 08:58:50 schema: migration 3->4: add source_ip and user_id to terminal_sessions for audit logging
2026/09/06 08:58:50 schema: migration 3->4 complete
2026/09/06 08:58:50 schema: migration 4->5: add api_machines table for API-polled machines
2026/09/06 08:58:50 schema: migration 4->5 complete
2026/09/06 08:58:50 schema: migration 5->6: add tls_config to api_machines for per-machine TLS trust
2026/09/06 08:58:50 schema: migration 5->6 complete
2026/09/06 08:58:50 schema: migration 6->7: add role column to users for RBAC
2026/09/06 08:58:50 schema: migration 6->7 complete
2026/09/06 08:58:50 schema: migration 7->8: add hardware_info JSON column to machines for static spec snapshots
2026/09/06 08:58:50 schema: migration 7->8 complete
2026/09/06 08:58:50 schema: migration 8->9: add theme_name and theme_mode columns to users for per-user theme prefs
2026/09/06 08:58:50 schema: migration 8->9 complete
2026/09/06 08:58:50 schema: migration 9->10: create branding_config table for admin instance branding (Phase 10)
2026/09/06 08:58:50 schema: migration 9->10 complete
2026/09/06 08:58:50 schema: migration 10->11: Phase 11 — add per-user workflow personalization columns to users
2026/09/06 08:58:50 schema: migration 10->11 complete
2026/09/06 08:58:50 schema: migration 11->12: Phase 11 — create user_pinned_machines table
2026/09/06 08:58:50 schema: migration 11->12 complete
2026/09/06 08:58:50 schema: migration 12->13: Phase 11 — create user_saved_filters table
2026/09/06 08:58:50 schema: migration 12->13 complete
2026/09/06 08:58:50 schema: migration 13->14: Phase 11 — add welcome_message to branding_config
2026/09/06 08:58:50 schema: migration 13->14 complete
2026/09/06 08:58:50 schema: migration 14->15: Phase 12 — add notes column to machines
2026/09/06 08:58:50 schema: migration 14->15 complete
2026/09/06 08:58:50 schema: migration 15->16: Phase 12 — add cpu_temp_c column to metrics
2026/09/06 08:58:50 schema: migration 15->16 complete
2026/09/06 08:58:50 schema: migration 16->17: add nullable target_machine_id to tokens for machine-bound Windows re-enrollment
2026/09/06 08:58:50 schema: migration 16->17 complete
2026/09/06 08:58:50 schema: migration 17->18: add nullable pending_secret_hash and pending_expires_at to agent_credentials for staged Windows re-enrollment handoff
2026/09/06 08:58:50 schema: migration 17->18 complete
2026/09/06 08:58:50 schema: migration 18->19: create hub_settings key/value table (AI Sessions feature switch)
2026/09/06 08:58:50 schema: migration 18->19 complete
2026/09/06 08:58:50 schema: migration 19->20: add mint_time_script and mint-time binding columns to tokens to bind join links to mint-time configuration
2026/09/06 08:58:50 schema: migration 19->20 complete
2026/09/06 08:58:50 schema: migration 20->21: scrub raw install tokens persisted in tokens.mint_time_script
2026/09/06 08:58:50 schema: migration 20->21 complete
2026/09/06 08:58:50 schema: all migrations applied — now at version 21
2026/09/06 08:58:51 schema: at version 0, target 21 — applying 21 migration(s)
2026/09/06 08:58:51 schema: migration 0->1: baseline schema: create all tables and indexes
2026/09/06 08:58:51 schema: migration 0->1 complete
2026/09/06 08:58:51 schema: migration 1->2: add tags, terminal_pin_hash, password_changed, pin_changed columns
2026/09/06 08:58:51 schema: migration 1->2 complete
2026/09/06 08:58:51 schema: migration 2->3: add agent_credentials table for durable enrollment
2026/09/06 08:58:51 schema: migration 2->3 complete
2026/09/06 08:58:51 schema: migration 3->4: add source_ip and user_id to terminal_sessions for audit logging
2026/09/06 08:58:51 schema: migration 3->4 complete
2026/09/06 08:58:51 schema: migration 4->5: add api_machines table for API-polled machines
2026/09/06 08:58:51 schema: migration 4->5 complete
2026/09/06 08:58:51 schema: migration 5->6: add tls_config to api_machines for per-machine TLS trust
2026/09/06 08:58:51 schema: migration 5->6 complete
2026/09/06 08:58:51 schema: migration 6->7: add role column to users for RBAC
2026/09/06 08:58:51 schema: migration 6->7 complete
2026/09/06 08:58:51 schema: migration 7->8: add hardware_info JSON column to machines for static spec snapshots
2026/09/06 08:58:51 schema: migration 7->8 complete
2026/09/06 08:58:51 schema: migration 8->9: add theme_name and theme_mode columns to users for per-user theme prefs
2026/09/06 08:58:51 schema: migration 8->9 complete
2026/09/06 08:58:51 schema: migration 9->10: create branding_config table for admin instance branding (Phase 10)
2026/09/06 08:58:51 schema: migration 9->10 complete
2026/09/06 08:58:51 schema: migration 10->11: Phase 11 — add per-user workflow personalization columns to users
2026/09/06 08:58:51 schema: migration 10->11 complete
2026/09/06 08:58:51 schema: migration 11->12: Phase 11 — create user_pinned_machines table
2026/09/06 08:58:51 schema: migration 11->12 complete
2026/09/06 08:58:51 schema: migration 12->13: Phase 11 — create user_saved_filters table
2026/09/06 08:58:51 schema: migration 12->13 complete
2026/09/06 08:58:51 schema: migration 13->14: Phase 11 — add welcome_message to branding_config
2026/09/06 08:58:51 schema: migration 13->14 complete
2026/09/06 08:58:51 schema: migration 14->15: Phase 12 — add notes column to machines
2026/09/06 08:58:51 schema: migration 14->15 complete
2026/09/06 08:58:51 schema: migration 15->16: Phase 12 — add cpu_temp_c column to metrics
2026/09/06 08:58:51 schema: migration 15->16 complete
2026/09/06 08:58:51 schema: migration 16->17: add nullable target_machine_id to tokens for machine-bound Windows re-enrollment
2026/09/06 08:58:51 schema: migration 16->17 complete
2026/09/06 08:58:51 schema: migration 17->18: add nullable pending_secret_hash and pending_expires_at to agent_credentials for staged Windows re-enrollment handoff
2026/09/06 08:58:51 schema: migration 17->18 complete
2026/09/06 08:58:51 schema: migration 18->19: create hub_settings key/value table (AI Sessions feature switch)
2026/09/06 08:58:51 schema: migration 18->19 complete
2026/09/06 08:58:51 schema: migration 19->20: add mint_time_script and mint-time binding columns to tokens to bind join links to mint-time configuration
2026/09/06 08:58:51 schema: migration 19->20 complete
2026/09/06 08:58:51 schema: migration 20->21: scrub raw install tokens persisted in tokens.mint_time_script
2026/09/06 08:58:51 schema: migration 20->21 complete
2026/09/06 08:58:51 schema: all migrations applied — now at version 21
2026/09/06 08:58:53 schema: at version 0, target 21 — applying 21 migration(s)
2026/09/06 08:58:53 schema: migration 0->1: baseline schema: create all tables and indexes
2026/09/06 08:58:53 schema: migration 0->1 complete
2026/09/06 08:58:53 schema: migration 1->2: add tags, terminal_pin_hash, password_changed, pin_changed columns
2026/09/06 08:58:53 schema: migration 1->2 complete
2026/09/06 08:58:53 schema: migration 2->3: add agent_credentials table for durable enrollment
2026/09/06 08:58:53 schema: migration 2->3 complete
2026/09/06 08:58:53 schema: migration 3->4: add source_ip and user_id to terminal_sessions for audit logging
2026/09/06 08:58:53 schema: migration 3->4 complete
2026/09/06 08:58:53 schema: migration 4->5: add api_machines table for API-polled machines
2026/09/06 08:58:53 schema: migration 4->5 complete
2026/09/06 08:58:53 schema: migration 5->6: add tls_config to api_machines for per-machine TLS trust
2026/09/06 08:58:53 schema: migration 5->6 complete
2026/09/06 08:58:53 schema: migration 6->7: add role column to users for RBAC
2026/09/06 08:58:53 schema: migration 6->7 complete
2026/09/06 08:58:53 schema: migration 7->8: add hardware_info JSON column to machines for static spec snapshots
2026/09/06 08:58:53 schema: migration 7->8 complete
2026/09/06 08:58:53 schema: migration 8->9: add theme_name and theme_mode columns to users for per-user theme prefs
2026/09/06 08:58:53 schema: migration 8->9 complete
2026/09/06 08:58:53 schema: migration 9->10: create branding_config table for admin instance branding (Phase 10)
2026/09/06 08:58:53 schema: migration 9->10 complete
2026/09/06 08:58:53 schema: migration 10->11: Phase 11 — add per-user workflow personalization columns to users
2026/09/06 08:58:53 schema: migration 10->11 complete
2026/09/06 08:58:53 schema: migration 11->12: Phase 11 — create user_pinned_machines table
2026/09/06 08:58:53 schema: migration 11->12 complete
2026/09/06 08:58:53 schema: migration 12->13: Phase 11 — create user_saved_filters table
2026/09/06 08:58:53 schema: migration 12->13 complete
2026/09/06 08:58:53 schema: migration 13->14: Phase 11 — add welcome_message to branding_config
2026/09/06 08:58:53 schema: migration 13->14 complete
2026/09/06 08:58:53 schema: migration 14->15: Phase 12 — add notes column to machines
2026/09/06 08:58:53 schema: migration 14->15 complete
2026/09/06 08:58:53 schema: migration 15->16: Phase 12 — add cpu_temp_c column to metrics
2026/09/06 08:58:54 schema: migration 15->16 complete
2026/09/06 08:58:54 schema: migration 16->17: add nullable target_machine_id to tokens for machine-bound Windows re-enrollment
2026/09/06 08:58:54 schema: migration 16->17 complete
2026/09/06 08:58:54 schema: migration 17->18: add nullable pending_secret_hash and pending_expires_at to agent_credentials for staged Windows re-enrollment handoff
2026/09/06 08:58:54 schema: migration 17->18 complete
2026/09/06 08:58:54 schema: migration 18->19: create hub_settings key/value table (AI Sessions feature switch)
2026/09/06 08:58:54 schema: migration 18->19 complete
2026/09/06 08:58:54 schema: migration 19->20: add mint_time_script and mint-time binding columns to tokens to bind join links to mint-time configuration
2026/09/06 08:58:54 schema: migration 19->20 complete
2026/09/06 08:58:54 schema: migration 20->21: scrub raw install tokens persisted in tokens.mint_time_script
2026/09/06 08:58:54 schema: migration 20->21 complete
2026/09/06 08:58:54 schema: all migrations applied — now at version 21
2026/09/06 08:58:56 setup: admin user 'myadmin' created via first-boot setup
2026/09/06 08:58:57 schema: at version 0, target 21 — applying 21 migration(s)
2026/09/06 08:58:57 schema: migration 0->1: baseline schema: create all tables and indexes
2026/09/06 08:58:57 schema: migration 0->1 complete
2026/09/06 08:58:57 schema: migration 1->2: add tags, terminal_pin_hash, password_changed, pin_changed columns
2026/09/06 08:58:57 schema: migration 1->2 complete
2026/09/06 08:58:57 schema: migration 2->3: add agent_credentials table for durable enrollment
2026/09/06 08:58:57 schema: migration 2->3 complete
2026/09/06 08:58:57 schema: migration 3->4: add source_ip and user_id to terminal_sessions for audit logging
2026/09/06 08:58:57 schema: migration 3->4 complete
2026/09/06 08:58:57 schema: migration 4->5: add api_machines table for API-polled machines
2026/09/06 08:58:57 schema: migration 4->5 complete
2026/09/06 08:58:57 schema: migration 5->6: add tls_config to api_machines for per-machine TLS trust
2026/09/06 08:58:57 schema: migration 5->6 complete
2026/09/06 08:58:57 schema: migration 6->7: add role column to users for RBAC
2026/09/06 08:58:57 schema: migration 6->7 complete
2026/09/06 08:58:57 schema: migration 7->8: add hardware_info JSON column to machines for static spec snapshots
2026/09/06 08:58:57 schema: migration 7->8 complete
2026/09/06 08:58:57 schema: migration 8->9: add theme_name and theme_mode columns to users for per-user theme prefs
2026/09/06 08:58:57 schema: migration 8->9 complete
2026/09/06 08:58:57 schema: migration 9->10: create branding_config table for admin instance branding (Phase 10)
2026/09/06 08:58:57 schema: migration 9->10 complete
2026/09/06 08:58:57 schema: migration 10->11: Phase 11 — add per-user workflow personalization columns to users
2026/09/06 08:58:57 schema: migration 10->11 complete
2026/09/06 08:58:57 schema: migration 11->12: Phase 11 — create user_pinned_machines table
2026/09/06 08:58:57 schema: migration 11->12 complete
2026/09/06 08:58:57 schema: migration 12->13: Phase 11 — create user_saved_filters table
2026/09/06 08:58:57 schema: migration 12->13 complete
2026/09/06 08:58:57 schema: migration 13->14: Phase 11 — add welcome_message to branding_config
2026/09/06 08:58:57 schema: migration 13->14 complete
2026/09/06 08:58:57 schema: migration 14->15: Phase 12 — add notes column to machines
2026/09/06 08:58:57 schema: migration 14->15 complete
2026/09/06 08:58:57 schema: migration 15->16: Phase 12 — add cpu_temp_c column to metrics
2026/09/06 08:58:57 schema: migration 15->16 complete
2026/09/06 08:58:57 schema: migration 16->17: add nullable target_machine_id to tokens for machine-bound Windows re-enrollment
2026/09/06 08:58:57 schema: migration 16->17 complete
2026/09/06 08:58:57 schema: migration 17->18: add nullable pending_secret_hash and pending_expires_at to agent_credentials for staged Windows re-enrollment handoff
2026/09/06 08:58:57 schema: migration 17->18 complete
2026/09/06 08:58:57 schema: migration 18->19: create hub_settings key/value table (AI Sessions feature switch)
2026/09/06 08:58:57 schema: migration 18->19 complete
2026/09/06 08:58:57 schema: migration 19->20: add mint_time_script and mint-time binding columns to tokens to bind join links to mint-time configuration
2026/09/06 08:58:57 schema: migration 19->20 complete
2026/09/06 08:58:57 schema: migration 20->21: scrub raw install tokens persisted in tokens.mint_time_script
2026/09/06 08:58:57 schema: migration 20->21 complete
2026/09/06 08:58:57 schema: all migrations applied — now at version 21
2026/09/06 08:58:57 setup: invalid setup token attempt from 192.0.2.1
2026/09/06 08:58:57 schema: at version 0, target 21 — applying 21 migration(s)
2026/09/06 08:58:57 schema: migration 0->1: baseline schema: create all tables and indexes
2026/09/06 08:58:57 schema: migration 0->1 complete
2026/09/06 08:58:57 schema: migration 1->2: add tags, terminal_pin_hash, password_changed, pin_changed columns
2026/09/06 08:58:57 schema: migration 1->2 complete
2026/09/06 08:58:57 schema: migration 2->3: add agent_credentials table for durable enrollment
2026/09/06 08:58:58 schema: migration 2->3 complete
2026/09/06 08:58:58 schema: migration 3->4: add source_ip and user_id to terminal_sessions for audit logging
2026/09/06 08:58:58 schema: migration 3->4 complete
2026/09/06 08:58:58 schema: migration 4->5: add api_machines table for API-polled machines
2026/09/06 08:58:58 schema: migration 4->5 complete
2026/09/06 08:58:58 schema: migration 5->6: add tls_config to api_machines for per-machine TLS trust
2026/09/06 08:58:58 schema: migration 5->6 complete
2026/09/06 08:58:58 schema: migration 6->7: add role column to users for RBAC
2026/09/06 08:58:58 schema: migration 6->7 complete
2026/09/06 08:58:58 schema: migration 7->8: add hardware_info JSON column to machines for static spec snapshots
2026/09/06 08:58:58 schema: migration 7->8 complete
2026/09/06 08:58:58 schema: migration 8->9: add theme_name and theme_mode columns to users for per-user theme prefs
2026/09/06 08:58:58 schema: migration 8->9 complete
2026/09/06 08:58:58 schema: migration 9->10: create branding_config table for admin instance branding (Phase 10)
2026/09/06 08:58:58 schema: migration 9->10 complete
2026/09/06 08:58:58 schema: migration 10->11: Phase 11 — add per-user workflow personalization columns to users
2026/09/06 08:58:58 schema: migration 10->11 complete
2026/09/06 08:58:58 schema: migration 11->12: Phase 11 — create user_pinned_machines table
2026/09/06 08:58:58 schema: migration 11->12 complete
2026/09/06 08:58:58 schema: migration 12->13: Phase 11 — create user_saved_filters table
2026/09/06 08:58:58 schema: migration 12->13 complete
2026/09/06 08:58:58 schema: migration 13->14: Phase 11 — add welcome_message to branding_config
2026/09/06 08:58:58 schema: migration 13->14 complete
2026/09/06 08:58:58 schema: migration 14->15: Phase 12 — add notes column to machines
2026/09/06 08:58:58 schema: migration 14->15 complete
2026/09/06 08:58:58 schema: migration 15->16: Phase 12 — add cpu_temp_c column to metrics
2026/09/06 08:58:58 schema: migration 15->16 complete
2026/09/06 08:58:58 schema: migration 16->17: add nullable target_machine_id to tokens for machine-bound Windows re-enrollment
2026/09/06 08:58:58 schema: migration 16->17 complete
2026/09/06 08:58:58 schema: migration 17->18: add nullable pending_secret_hash and pending_expires_at to agent_credentials for staged Windows re-enrollment handoff
2026/09/06 08:58:58 schema: migration 17->18 complete
2026/09/06 08:58:58 schema: migration 18->19: create hub_settings key/value table (AI Sessions feature switch)
2026/09/06 08:58:58 schema: migration 18->19 complete
2026/09/06 08:58:58 schema: migration 19->20: add mint_time_script and mint-time binding columns to tokens to bind join links to mint-time configuration
2026/09/06 08:58:58 schema: migration 19->20 complete
2026/09/06 08:58:58 schema: migration 20->21: scrub raw install tokens persisted in tokens.mint_time_script
2026/09/06 08:58:58 schema: migration 20->21 complete
2026/09/06 08:58:58 schema: all migrations applied — now at version 21
2026/09/06 08:59:00 schema: at version 0, target 21 — applying 21 migration(s)
2026/09/06 08:59:00 schema: migration 0->1: baseline schema: create all tables and indexes
2026/09/06 08:59:00 schema: migration 0->1 complete
2026/09/06 08:59:00 schema: migration 1->2: add tags, terminal_pin_hash, password_changed, pin_changed columns
2026/09/06 08:59:00 schema: migration 1->2 complete
2026/09/06 08:59:00 schema: migration 2->3: add agent_credentials table for durable enrollment
2026/09/06 08:59:00 schema: migration 2->3 complete
2026/09/06 08:59:00 schema: migration 3->4: add source_ip and user_id to terminal_sessions for audit logging
2026/09/06 08:59:00 schema: migration 3->4 complete
2026/09/06 08:59:00 schema: migration 4->5: add api_machines table for API-polled machines
2026/09/06 08:59:00 schema: migration 4->5 complete
2026/09/06 08:59:00 schema: migration 5->6: add tls_config to api_machines for per-machine TLS trust
2026/09/06 08:59:00 schema: migration 5->6 complete
2026/09/06 08:59:00 schema: migration 6->7: add role column to users for RBAC
2026/09/06 08:59:00 schema: migration 6->7 complete
2026/09/06 08:59:00 schema: migration 7->8: add hardware_info JSON column to machines for static spec snapshots
2026/09/06 08:59:00 schema: migration 7->8 complete
2026/09/06 08:59:00 schema: migration 8->9: add theme_name and theme_mode columns to users for per-user theme prefs
2026/09/06 08:59:00 schema: migration 8->9 complete
2026/09/06 08:59:00 schema: migration 9->10: create branding_config table for admin instance branding (Phase 10)
2026/09/06 08:59:00 schema: migration 9->10 complete
2026/09/06 08:59:00 schema: migration 10->11: Phase 11 — add per-user workflow personalization columns to users
2026/09/06 08:59:00 schema: migration 10->11 complete
2026/09/06 08:59:00 schema: migration 11->12: Phase 11 — create user_pinned_machines table
2026/09/06 08:59:00 schema: migration 11->12 complete
2026/09/06 08:59:00 schema: migration 12->13: Phase 11 — create user_saved_filters table
2026/09/06 08:59:00 schema: migration 12->13 complete
2026/09/06 08:59:00 schema: migration 13->14: Phase 11 — add welcome_message to branding_config
2026/09/06 08:59:00 schema: migration 13->14 complete
2026/09/06 08:59:00 schema: migration 14->15: Phase 12 — add notes column to machines
2026/09/06 08:59:00 schema: migration 14->15 complete
2026/09/06 08:59:00 schema: migration 15->16: Phase 12 — add cpu_temp_c column to metrics
2026/09/06 08:59:00 schema: migration 15->16 complete
2026/09/06 08:59:00 schema: migration 16->17: add nullable target_machine_id to tokens for machine-bound Windows re-enrollment
2026/09/06 08:59:00 schema: migration 16->17 complete
2026/09/06 08:59:00 schema: migration 17->18: add nullable pending_secret_hash and pending_expires_at to agent_credentials for staged Windows re-enrollment handoff
2026/09/06 08:59:00 schema: migration 17->18 complete
2026/09/06 08:59:00 schema: migration 18->19: create hub_settings key/value table (AI Sessions feature switch)
2026/09/06 08:59:00 schema: migration 18->19 complete
2026/09/06 08:59:00 schema: migration 19->20: add mint_time_script and mint-time binding columns to tokens to bind join links to mint-time configuration
2026/09/06 08:59:00 schema: migration 19->20 complete
2026/09/06 08:59:00 schema: migration 20->21: scrub raw install tokens persisted in tokens.mint_time_script
2026/09/06 08:59:00 schema: migration 20->21 complete
2026/09/06 08:59:00 schema: all migrations applied — now at version 21
2026/09/06 08:59:00 setup: invalid setup token attempt from 10.0.0.99
2026/09/06 08:59:00 setup: invalid setup token attempt from 10.0.0.99
2026/09/06 08:59:00 setup: invalid setup token attempt from 10.0.0.99
2026/09/06 08:59:00 setup: invalid setup token attempt from 10.0.0.99
2026/09/06 08:59:00 setup: invalid setup token attempt from 10.0.0.99
2026/09/06 08:59:00 rate limit exceeded: setup from 10.0.0.99
2026/09/06 08:59:01 schema: at version 0, target 21 — applying 21 migration(s)
2026/09/06 08:59:01 schema: migration 0->1: baseline schema: create all tables and indexes
2026/09/06 08:59:01 schema: migration 0->1 complete
2026/09/06 08:59:01 schema: migration 1->2: add tags, terminal_pin_hash, password_changed, pin_changed columns
2026/09/06 08:59:01 schema: migration 1->2 complete
2026/09/06 08:59:01 schema: migration 2->3: add agent_credentials table for durable enrollment
2026/09/06 08:59:01 schema: migration 2->3 complete
2026/09/06 08:59:01 schema: migration 3->4: add source_ip and user_id to terminal_sessions for audit logging
2026/09/06 08:59:01 schema: migration 3->4 complete
2026/09/06 08:59:01 schema: migration 4->5: add api_machines table for API-polled machines
2026/09/06 08:59:01 schema: migration 4->5 complete
2026/09/06 08:59:01 schema: migration 5->6: add tls_config to api_machines for per-machine TLS trust
2026/09/06 08:59:01 schema: migration 5->6 complete
2026/09/06 08:59:01 schema: migration 6->7: add role column to users for RBAC
2026/09/06 08:59:01 schema: migration 6->7 complete
2026/09/06 08:59:01 schema: migration 7->8: add hardware_info JSON column to machines for static spec snapshots
2026/09/06 08:59:01 schema: migration 7->8 complete
2026/09/06 08:59:01 schema: migration 8->9: add theme_name and theme_mode columns to users for per-user theme prefs
2026/09/06 08:59:01 schema: migration 8->9 complete
2026/09/06 08:59:01 schema: migration 9->10: create branding_config table for admin instance branding (Phase 10)
2026/09/06 08:59:01 schema: migration 9->10 complete
2026/09/06 08:59:01 schema: migration 10->11: Phase 11 — add per-user workflow personalization columns to users
2026/09/06 08:59:01 schema: migration 10->11 complete
2026/09/06 08:59:01 schema: migration 11->12: Phase 11 — create user_pinned_machines table
2026/09/06 08:59:01 schema: migration 11->12 complete
2026/09/06 08:59:01 schema: migration 12->13: Phase 11 — create user_saved_filters table
2026/09/06 08:59:01 schema: migration 12->13 complete
2026/09/06 08:59:01 schema: migration 13->14: Phase 11 — add welcome_message to branding_config
2026/09/06 08:59:01 schema: migration 13->14 complete
2026/09/06 08:59:01 schema: migration 14->15: Phase 12 — add notes column to machines
2026/09/06 08:59:01 schema: migration 14->15 complete
2026/09/06 08:59:01 schema: migration 15->16: Phase 12 — add cpu_temp_c column to metrics
2026/09/06 08:59:01 schema: migration 15->16 complete
2026/09/06 08:59:01 schema: migration 16->17: add nullable target_machine_id to tokens for machine-bound Windows re-enrollment
2026/09/06 08:59:01 schema: migration 16->17 complete
2026/09/06 08:59:01 schema: migration 17->18: add nullable pending_secret_hash and pending_expires_at to agent_credentials for staged Windows re-enrollment handoff
2026/09/06 08:59:01 schema: migration 17->18 complete
2026/09/06 08:59:01 schema: migration 18->19: create hub_settings key/value table (AI Sessions feature switch)
2026/09/06 08:59:01 schema: migration 18->19 complete
2026/09/06 08:59:01 schema: migration 19->20: add mint_time_script and mint-time binding columns to tokens to bind join links to mint-time configuration
2026/09/06 08:59:01 schema: migration 19->20 complete
2026/09/06 08:59:01 schema: migration 20->21: scrub raw install tokens persisted in tokens.mint_time_script
2026/09/06 08:59:01 schema: migration 20->21 complete
2026/09/06 08:59:01 schema: all migrations applied — now at version 21
2026/09/06 08:59:01 schema: at version 0, target 21 — applying 21 migration(s)
2026/09/06 08:59:01 schema: migration 0->1: baseline schema: create all tables and indexes
2026/09/06 08:59:01 schema: migration 0->1 complete
2026/09/06 08:59:01 schema: migration 1->2: add tags, terminal_pin_hash, password_changed, pin_changed columns
2026/09/06 08:59:01 schema: migration 1->2 complete
2026/09/06 08:59:01 schema: migration 2->3: add agent_credentials table for durable enrollment
2026/09/06 08:59:01 schema: migration 2->3 complete
2026/09/06 08:59:01 schema: migration 3->4: add source_ip and user_id to terminal_sessions for audit logging
2026/09/06 08:59:01 schema: migration 3->4 complete
2026/09/06 08:59:01 schema: migration 4->5: add api_machines table for API-polled machines
2026/09/06 08:59:01 schema: migration 4->5 complete
2026/09/06 08:59:01 schema: migration 5->6: add tls_config to api_machines for per-machine TLS trust
2026/09/06 08:59:01 schema: migration 5->6 complete
2026/09/06 08:59:01 schema: migration 6->7: add role column to users for RBAC
2026/09/06 08:59:01 schema: migration 6->7 complete
2026/09/06 08:59:01 schema: migration 7->8: add hardware_info JSON column to machines for static spec snapshots
2026/09/06 08:59:01 schema: migration 7->8 complete
2026/09/06 08:59:01 schema: migration 8->9: add theme_name and theme_mode columns to users for per-user theme prefs
2026/09/06 08:59:01 schema: migration 8->9 complete
2026/09/06 08:59:01 schema: migration 9->10: create branding_config table for admin instance branding (Phase 10)
2026/09/06 08:59:01 schema: migration 9->10 complete
2026/09/06 08:59:01 schema: migration 10->11: Phase 11 — add per-user workflow personalization columns to users
2026/09/06 08:59:01 schema: migration 10->11 complete
2026/09/06 08:59:01 schema: migration 11->12: Phase 11 — create user_pinned_machines table
2026/09/06 08:59:01 schema: migration 11->12 complete
2026/09/06 08:59:01 schema: migration 12->13: Phase 11 — create user_saved_filters table
2026/09/06 08:59:01 schema: migration 12->13 complete
2026/09/06 08:59:01 schema: migration 13->14: Phase 11 — add welcome_message to branding_config
2026/09/06 08:59:01 schema: migration 13->14 complete
2026/09/06 08:59:01 schema: migration 14->15: Phase 12 — add notes column to machines
2026/09/06 08:59:01 schema: migration 14->15 complete
2026/09/06 08:59:01 schema: migration 15->16: Phase 12 — add cpu_temp_c column to metrics
2026/09/06 08:59:01 schema: migration 15->16 complete
2026/09/06 08:59:01 schema: migration 16->17: add nullable target_machine_id to tokens for machine-bound Windows re-enrollment
2026/09/06 08:59:01 schema: migration 16->17 complete
2026/09/06 08:59:01 schema: migration 17->18: add nullable pending_secret_hash and pending_expires_at to agent_credentials for staged Windows re-enrollment handoff
2026/09/06 08:59:01 schema: migration 17->18 complete
2026/09/06 08:59:01 schema: migration 18->19: create hub_settings key/value table (AI Sessions feature switch)
2026/09/06 08:59:01 schema: migration 18->19 complete
2026/09/06 08:59:01 schema: migration 19->20: add mint_time_script and mint-time binding columns to tokens to bind join links to mint-time configuration
2026/09/06 08:59:01 schema: migration 19->20 complete
2026/09/06 08:59:01 schema: migration 20->21: scrub raw install tokens persisted in tokens.mint_time_script
2026/09/06 08:59:01 schema: migration 20->21 complete
2026/09/06 08:59:01 schema: all migrations applied — now at version 21
2026/09/06 08:59:02 schema: at version 0, target 21 — applying 21 migration(s)
2026/09/06 08:59:02 schema: migration 0->1: baseline schema: create all tables and indexes
2026/09/06 08:59:02 schema: migration 0->1 complete
2026/09/06 08:59:02 schema: migration 1->2: add tags, terminal_pin_hash, password_changed, pin_changed columns
2026/09/06 08:59:02 schema: migration 1->2 complete
2026/09/06 08:59:02 schema: migration 2->3: add agent_credentials table for durable enrollment
2026/09/06 08:59:02 schema: migration 2->3 complete
2026/09/06 08:59:02 schema: migration 3->4: add source_ip and user_id to terminal_sessions for audit logging
2026/09/06 08:59:02 schema: migration 3->4 complete
2026/09/06 08:59:02 schema: migration 4->5: add api_machines table for API-polled machines
2026/09/06 08:59:02 schema: migration 4->5 complete
2026/09/06 08:59:02 schema: migration 5->6: add tls_config to api_machines for per-machine TLS trust
2026/09/06 08:59:02 schema: migration 5->6 complete
2026/09/06 08:59:02 schema: migration 6->7: add role column to users for RBAC
2026/09/06 08:59:02 schema: migration 6->7 complete
2026/09/06 08:59:02 schema: migration 7->8: add hardware_info JSON column to machines for static spec snapshots
2026/09/06 08:59:02 schema: migration 7->8 complete
2026/09/06 08:59:02 schema: migration 8->9: add theme_name and theme_mode columns to users for per-user theme prefs
2026/09/06 08:59:02 schema: migration 8->9 complete
2026/09/06 08:59:02 schema: migration 9->10: create branding_config table for admin instance branding (Phase 10)
2026/09/06 08:59:02 schema: migration 9->10 complete
2026/09/06 08:59:02 schema: migration 10->11: Phase 11 — add per-user workflow personalization columns to users
2026/09/06 08:59:02 schema: migration 10->11 complete
2026/09/06 08:59:02 schema: migration 11->12: Phase 11 — create user_pinned_machines table
2026/09/06 08:59:02 schema: migration 11->12 complete
2026/09/06 08:59:02 schema: migration 12->13: Phase 11 — create user_saved_filters table
2026/09/06 08:59:02 schema: migration 12->13 complete
2026/09/06 08:59:02 schema: migration 13->14: Phase 11 — add welcome_message to branding_config
2026/09/06 08:59:02 schema: migration 13->14 complete
2026/09/06 08:59:02 schema: migration 14->15: Phase 12 — add notes column to machines
2026/09/06 08:59:02 schema: migration 14->15 complete
2026/09/06 08:59:02 schema: migration 15->16: Phase 12 — add cpu_temp_c column to metrics
2026/09/06 08:59:02 schema: migration 15->16 complete
2026/09/06 08:59:02 schema: migration 16->17: add nullable target_machine_id to tokens for machine-bound Windows re-enrollment
2026/09/06 08:59:02 schema: migration 16->17 complete
2026/09/06 08:59:02 schema: migration 17->18: add nullable pending_secret_hash and pending_expires_at to agent_credentials for staged Windows re-enrollment handoff
2026/09/06 08:59:02 schema: migration 17->18 complete
2026/09/06 08:59:02 schema: migration 18->19: create hub_settings key/value table (AI Sessions feature switch)
2026/09/06 08:59:02 schema: migration 18->19 complete
2026/09/06 08:59:02 schema: migration 19->20: add mint_time_script and mint-time binding columns to tokens to bind join links to mint-time configuration
2026/09/06 08:59:02 schema: migration 19->20 complete
2026/09/06 08:59:02 schema: migration 20->21: scrub raw install tokens persisted in tokens.mint_time_script
2026/09/06 08:59:02 schema: migration 20->21 complete
2026/09/06 08:59:02 schema: all migrations applied — now at version 21
2026/09/06 08:59:02 schema: at version 0, target 21 — applying 21 migration(s)
2026/09/06 08:59:02 schema: migration 0->1: baseline schema: create all tables and indexes
2026/09/06 08:59:02 schema: migration 0->1 complete
2026/09/06 08:59:02 schema: migration 1->2: add tags, terminal_pin_hash, password_changed, pin_changed columns
2026/09/06 08:59:02 schema: migration 1->2 complete
2026/09/06 08:59:02 schema: migration 2->3: add agent_credentials table for durable enrollment
2026/09/06 08:59:02 schema: migration 2->3 complete
2026/09/06 08:59:02 schema: migration 3->4: add source_ip and user_id to terminal_sessions for audit logging
2026/09/06 08:59:02 schema: migration 3->4 complete
2026/09/06 08:59:02 schema: migration 4->5: add api_machines table for API-polled machines
2026/09/06 08:59:02 schema: migration 4->5 complete
2026/09/06 08:59:02 schema: migration 5->6: add tls_config to api_machines for per-machine TLS trust
2026/09/06 08:59:02 schema: migration 5->6 complete
2026/09/06 08:59:02 schema: migration 6->7: add role column to users for RBAC
2026/09/06 08:59:02 schema: migration 6->7 complete
2026/09/06 08:59:02 schema: migration 7->8: add hardware_info JSON column to machines for static spec snapshots
2026/09/06 08:59:02 schema: migration 7->8 complete
2026/09/06 08:59:02 schema: migration 8->9: add theme_name and theme_mode columns to users for per-user theme prefs
2026/09/06 08:59:02 schema: migration 8->9 complete
2026/09/06 08:59:02 schema: migration 9->10: create branding_config table for admin instance branding (Phase 10)
2026/09/06 08:59:02 schema: migration 9->10 complete
2026/09/06 08:59:02 schema: migration 10->11: Phase 11 — add per-user workflow personalization columns to users
2026/09/06 08:59:02 schema: migration 10->11 complete
2026/09/06 08:59:02 schema: migration 11->12: Phase 11 — create user_pinned_machines table
2026/09/06 08:59:02 schema: migration 11->12 complete
2026/09/06 08:59:02 schema: migration 12->13: Phase 11 — create user_saved_filters table
2026/09/06 08:59:02 schema: migration 12->13 complete
2026/09/06 08:59:02 schema: migration 13->14: Phase 11 — add welcome_message to branding_config
2026/09/06 08:59:02 schema: migration 13->14 complete
2026/09/06 08:59:02 schema: migration 14->15: Phase 12 — add notes column to machines
2026/09/06 08:59:02 schema: migration 14->15 complete
2026/09/06 08:59:02 schema: migration 15->16: Phase 12 — add cpu_temp_c column to metrics
2026/09/06 08:59:02 schema: migration 15->16 complete
2026/09/06 08:59:02 schema: migration 16->17: add nullable target_machine_id to tokens for machine-bound Windows re-enrollment
2026/09/06 08:59:02 schema: migration 16->17 complete
2026/09/06 08:59:02 schema: migration 17->18: add nullable pending_secret_hash and pending_expires_at to agent_credentials for staged Windows re-enrollment handoff
2026/09/06 08:59:02 schema: migration 17->18 complete
2026/09/06 08:59:02 schema: migration 18->19: create hub_settings key/value table (AI Sessions feature switch)
2026/09/06 08:59:02 schema: migration 18->19 complete
2026/09/06 08:59:02 schema: migration 19->20: add mint_time_script and mint-time binding columns to tokens to bind join links to mint-time configuration
2026/09/06 08:59:02 schema: migration 19->20 complete
2026/09/06 08:59:02 schema: migration 20->21: scrub raw install tokens persisted in tokens.mint_time_script
2026/09/06 08:59:02 schema: migration 20->21 complete
2026/09/06 08:59:02 schema: all migrations applied — now at version 21
2026/09/06 08:59:05 agent token validated successfully
2026/09/06 08:59:05 new agent issued enrollment secret, awaiting commit: test-host (test-machine-enroll-001)
2026/09/06 08:59:05 agent awaiting enrollment commit: test-host (test-machine-enroll-001)
2026/09/06 08:59:05 committed fresh enrollment and sent enrollment_confirmed: test-machine-enroll-001
2026/09/06 08:59:05 agent disconnected: websocket: close 1006 (abnormal closure): unexpected EOF
2026/09/06 08:59:05 agent offline: test-machine-enroll-001
2026/09/06 08:59:05 ai sessions: config to test-machine-enroll-001: write tcp 127.0.0.1:37435->127.0.0.1:52022: use of closed network connection
2026/09/06 08:59:05 schema: at version 0, target 21 — applying 21 migration(s)
2026/09/06 08:59:05 schema: migration 0->1: baseline schema: create all tables and indexes
2026/09/06 08:59:05 schema: migration 0->1 complete
2026/09/06 08:59:05 schema: migration 1->2: add tags, terminal_pin_hash, password_changed, pin_changed columns
2026/09/06 08:59:05 schema: migration 1->2 complete
2026/09/06 08:59:05 schema: migration 2->3: add agent_credentials table for durable enrollment
2026/09/06 08:59:05 schema: migration 2->3 complete
2026/09/06 08:59:05 schema: migration 3->4: add source_ip and user_id to terminal_sessions for audit logging
2026/09/06 08:59:05 schema: migration 3->4 complete
2026/09/06 08:59:05 schema: migration 4->5: add api_machines table for API-polled machines
2026/09/06 08:59:05 schema: migration 4->5 complete
2026/09/06 08:59:05 schema: migration 5->6: add tls_config to api_machines for per-machine TLS trust
2026/09/06 08:59:05 schema: migration 5->6 complete
2026/09/06 08:59:05 schema: migration 6->7: add role column to users for RBAC
2026/09/06 08:59:05 schema: migration 6->7 complete
2026/09/06 08:59:05 schema: migration 7->8: add hardware_info JSON column to machines for static spec snapshots
2026/09/06 08:59:05 schema: migration 7->8 complete
2026/09/06 08:59:05 schema: migration 8->9: add theme_name and theme_mode columns to users for per-user theme prefs
2026/09/06 08:59:05 schema: migration 8->9 complete
2026/09/06 08:59:05 schema: migration 9->10: create branding_config table for admin instance branding (Phase 10)
2026/09/06 08:59:05 schema: migration 9->10 complete
2026/09/06 08:59:05 schema: migration 10->11: Phase 11 — add per-user workflow personalization columns to users
2026/09/06 08:59:05 schema: migration 10->11 complete
2026/09/06 08:59:05 schema: migration 11->12: Phase 11 — create user_pinned_machines table
2026/09/06 08:59:05 schema: migration 11->12 complete
2026/09/06 08:59:05 schema: migration 12->13: Phase 11 — create user_saved_filters table
2026/09/06 08:59:05 schema: migration 12->13 complete
2026/09/06 08:59:05 schema: migration 13->14: Phase 11 — add welcome_message to branding_config
2026/09/06 08:59:05 schema: migration 13->14 complete
2026/09/06 08:59:05 schema: migration 14->15: Phase 12 — add notes column to machines
2026/09/06 08:59:05 schema: migration 14->15 complete
2026/09/06 08:59:05 schema: migration 15->16: Phase 12 — add cpu_temp_c column to metrics
2026/09/06 08:59:05 schema: migration 15->16 complete
2026/09/06 08:59:05 schema: migration 16->17: add nullable target_machine_id to tokens for machine-bound Windows re-enrollment
2026/09/06 08:59:05 schema: migration 16->17 complete
2026/09/06 08:59:05 schema: migration 17->18: add nullable pending_secret_hash and pending_expires_at to agent_credentials for staged Windows re-enrollment handoff
2026/09/06 08:59:05 schema: migration 17->18 complete
2026/09/06 08:59:05 schema: migration 18->19: create hub_settings key/value table (AI Sessions feature switch)
2026/09/06 08:59:05 schema: migration 18->19 complete
2026/09/06 08:59:05 schema: migration 19->20: add mint_time_script and mint-time binding columns to tokens to bind join links to mint-time configuration
2026/09/06 08:59:05 schema: migration 19->20 complete
2026/09/06 08:59:05 schema: migration 20->21: scrub raw install tokens persisted in tokens.mint_time_script
2026/09/06 08:59:05 schema: migration 20->21 complete
2026/09/06 08:59:05 schema: all migrations applied — now at version 21
2026/09/06 08:59:07 agent token validated successfully
2026/09/06 08:59:07 new agent issued enrollment secret, awaiting commit: test-host (test-machine-reconnect-001)
2026/09/06 08:59:07 agent awaiting enrollment commit: test-host (test-machine-reconnect-001)
2026/09/06 08:59:07 committed fresh enrollment and sent enrollment_confirmed: test-machine-reconnect-001
2026/09/06 08:59:07 agent disconnected: websocket: close 1006 (abnormal closure): unexpected EOF
2026/09/06 08:59:07 agent offline: test-machine-reconnect-001
2026/09/06 08:59:07 agent authenticated via secret: machine_id=test-machine-reconnect-001
2026/09/06 08:59:07 agent disconnected: websocket: close 1006 (abnormal closure): unexpected EOF
2026/09/06 08:59:07 agent offline: test-machine-reconnect-001
2026/09/06 08:59:07 schema: at version 0, target 21 — applying 21 migration(s)
2026/09/06 08:59:07 schema: migration 0->1: baseline schema: create all tables and indexes
2026/09/06 08:59:07 schema: migration 0->1 complete
2026/09/06 08:59:07 schema: migration 1->2: add tags, terminal_pin_hash, password_changed, pin_changed columns
2026/09/06 08:59:07 schema: migration 1->2 complete
2026/09/06 08:59:07 schema: migration 2->3: add agent_credentials table for durable enrollment
2026/09/06 08:59:07 schema: migration 2->3 complete
2026/09/06 08:59:07 schema: migration 3->4: add source_ip and user_id to terminal_sessions for audit logging
2026/09/06 08:59:07 schema: migration 3->4 complete
2026/09/06 08:59:07 schema: migration 4->5: add api_machines table for API-polled machines
2026/09/06 08:59:07 schema: migration 4->5 complete
2026/09/06 08:59:07 schema: migration 5->6: add tls_config to api_machines for per-machine TLS trust
2026/09/06 08:59:07 schema: migration 5->6 complete
2026/09/06 08:59:07 schema: migration 6->7: add role column to users for RBAC
2026/09/06 08:59:07 schema: migration 6->7 complete
2026/09/06 08:59:07 schema: migration 7->8: add hardware_info JSON column to machines for static spec snapshots
2026/09/06 08:59:07 schema: migration 7->8 complete
2026/09/06 08:59:07 schema: migration 8->9: add theme_name and theme_mode columns to users for per-user theme prefs
2026/09/06 08:59:07 schema: migration 8->9 complete
2026/09/06 08:59:07 schema: migration 9->10: create branding_config table for admin instance branding (Phase 10)
2026/09/06 08:59:08 schema: migration 9->10 complete
2026/09/06 08:59:08 schema: migration 10->11: Phase 11 — add per-user workflow personalization columns to users
2026/09/06 08:59:08 schema: migration 10->11 complete
2026/09/06 08:59:08 schema: migration 11->12: Phase 11 — create user_pinned_machines table
2026/09/06 08:59:08 schema: migration 11->12 complete
2026/09/06 08:59:08 schema: migration 12->13: Phase 11 — create user_saved_filters table
2026/09/06 08:59:08 schema: migration 12->13 complete
2026/09/06 08:59:08 schema: migration 13->14: Phase 11 — add welcome_message to branding_config
2026/09/06 08:59:08 schema: migration 13->14 complete
2026/09/06 08:59:08 schema: migration 14->15: Phase 12 — add notes column to machines
2026/09/06 08:59:08 schema: migration 14->15 complete
2026/09/06 08:59:08 schema: migration 15->16: Phase 12 — add cpu_temp_c column to metrics
2026/09/06 08:59:08 schema: migration 15->16 complete
2026/09/06 08:59:08 schema: migration 16->17: add nullable target_machine_id to tokens for machine-bound Windows re-enrollment
2026/09/06 08:59:08 schema: migration 16->17 complete
2026/09/06 08:59:08 schema: migration 17->18: add nullable pending_secret_hash and pending_expires_at to agent_credentials for staged Windows re-enrollment handoff
2026/09/06 08:59:08 schema: migration 17->18 complete
2026/09/06 08:59:08 schema: migration 18->19: create hub_settings key/value table (AI Sessions feature switch)
2026/09/06 08:59:08 schema: migration 18->19 complete
2026/09/06 08:59:08 schema: migration 19->20: add mint_time_script and mint-time binding columns to tokens to bind join links to mint-time configuration
2026/09/06 08:59:08 schema: migration 19->20 complete
2026/09/06 08:59:08 schema: migration 20->21: scrub raw install tokens persisted in tokens.mint_time_script
2026/09/06 08:59:08 schema: migration 20->21 complete
2026/09/06 08:59:08 schema: all migrations applied — now at version 21
2026/09/06 08:59:10 agent token validated successfully
2026/09/06 08:59:10 new agent issued enrollment secret, awaiting commit: test-host (test-machine-version-announce)
2026/09/06 08:59:10 agent awaiting enrollment commit: test-host (test-machine-version-announce)
2026/09/06 08:59:10 rollout: not announcing to test-machine-version-announce — the hub has not yet received agent_running_version from this agent
2026/09/06 08:59:10 committed fresh enrollment and sent enrollment_confirmed: test-machine-version-announce
2026/09/06 08:59:10 agent disconnected: websocket: close 1006 (abnormal closure): unexpected EOF
2026/09/06 08:59:10 agent offline: test-machine-version-announce
2026/09/06 08:59:10 agent authenticated via secret: machine_id=test-machine-version-announce
2026/09/06 08:59:10 rollout: not announcing to test-machine-version-announce — the hub has not yet received agent_running_version from this agent
2026/09/06 08:59:10 rollout: agent reported running=000000000000 expected=deadbeefdead os=linux arch=amd64 proto=1 pending=true machine=test-machine-version-announce
2026/09/06 08:59:10 agent disconnected: websocket: close 1006 (abnormal closure): unexpected EOF
2026/09/06 08:59:10 agent offline: test-machine-version-announce
2026/09/06 08:59:10 schema: at version 0, target 21 — applying 21 migration(s)
2026/09/06 08:59:10 schema: migration 0->1: baseline schema: create all tables and indexes
2026/09/06 08:59:10 schema: migration 0->1 complete
2026/09/06 08:59:10 schema: migration 1->2: add tags, terminal_pin_hash, password_changed, pin_changed columns
2026/09/06 08:59:10 schema: migration 1->2 complete
2026/09/06 08:59:10 schema: migration 2->3: add agent_credentials table for durable enrollment
2026/09/06 08:59:10 schema: migration 2->3 complete
2026/09/06 08:59:10 schema: migration 3->4: add source_ip and user_id to terminal_sessions for audit logging
2026/09/06 08:59:10 schema: migration 3->4 complete
2026/09/06 08:59:10 schema: migration 4->5: add api_machines table for API-polled machines
2026/09/06 08:59:10 schema: migration 4->5 complete
2026/09/06 08:59:10 schema: migration 5->6: add tls_config to api_machines for per-machine TLS trust
2026/09/06 08:59:10 schema: migration 5->6 complete
2026/09/06 08:59:10 schema: migration 6->7: add role column to users for RBAC
2026/09/06 08:59:10 schema: migration 6->7 complete
2026/09/06 08:59:10 schema: migration 7->8: add hardware_info JSON column to machines for static spec snapshots
2026/09/06 08:59:10 schema: migration 7->8 complete
2026/09/06 08:59:10 schema: migration 8->9: add theme_name and theme_mode columns to users for per-user theme prefs
2026/09/06 08:59:10 schema: migration 8->9 complete
2026/09/06 08:59:10 schema: migration 9->10: create branding_config table for admin instance branding (Phase 10)
2026/09/06 08:59:10 schema: migration 9->10 complete
2026/09/06 08:59:10 schema: migration 10->11: Phase 11 — add per-user workflow personalization columns to users
2026/09/06 08:59:10 schema: migration 10->11 complete
2026/09/06 08:59:10 schema: migration 11->12: Phase 11 — create user_pinned_machines table
2026/09/06 08:59:10 schema: migration 11->12 complete
2026/09/06 08:59:10 schema: migration 12->13: Phase 11 — create user_saved_filters table
2026/09/06 08:59:10 schema: migration 12->13 complete
2026/09/06 08:59:10 schema: migration 13->14: Phase 11 — add welcome_message to branding_config
2026/09/06 08:59:10 schema: migration 13->14 complete
2026/09/06 08:59:10 schema: migration 14->15: Phase 12 — add notes column to machines
2026/09/06 08:59:10 schema: migration 14->15 complete
2026/09/06 08:59:10 schema: migration 15->16: Phase 12 — add cpu_temp_c column to metrics
2026/09/06 08:59:10 schema: migration 15->16 complete
2026/09/06 08:59:10 schema: migration 16->17: add nullable target_machine_id to tokens for machine-bound Windows re-enrollment
2026/09/06 08:59:10 schema: migration 16->17 complete
2026/09/06 08:59:10 schema: migration 17->18: add nullable pending_secret_hash and pending_expires_at to agent_credentials for staged Windows re-enrollment handoff
2026/09/06 08:59:10 schema: migration 17->18 complete
2026/09/06 08:59:10 schema: migration 18->19: create hub_settings key/value table (AI Sessions feature switch)
2026/09/06 08:59:10 schema: migration 18->19 complete
2026/09/06 08:59:10 schema: migration 19->20: add mint_time_script and mint-time binding columns to tokens to bind join links to mint-time configuration
2026/09/06 08:59:10 schema: migration 19->20 complete
2026/09/06 08:59:10 schema: migration 20->21: scrub raw install tokens persisted in tokens.mint_time_script
2026/09/06 08:59:10 schema: migration 20->21 complete
2026/09/06 08:59:10 schema: all migrations applied — now at version 21
2026/09/06 08:59:13 rollout: agent reported running=bbbbbbbbbbbb expected=bbbbbbbbbbbb os=windows arch= proto=1 pending=false machine=test-machine-windows
2026/09/06 08:59:13 rollout: agent reported running=aaaaaaaaaaaa expected=bbbbbbbbbbbb os=windows arch= proto=1 pending=true machine=test-machine-windows
2026/09/06 08:59:13 rollout: agent reported running=aaaaaaaaaaaa expected=aaaaaaaaaaaa os=linux arch= proto=1 pending=false machine=test-machine-linux
2026/09/06 08:59:13 schema: at version 0, target 21 — applying 21 migration(s)
2026/09/06 08:59:13 schema: migration 0->1: baseline schema: create all tables and indexes
2026/09/06 08:59:13 schema: migration 0->1 complete
2026/09/06 08:59:13 schema: migration 1->2: add tags, terminal_pin_hash, password_changed, pin_changed columns
2026/09/06 08:59:13 schema: migration 1->2 complete
2026/09/06 08:59:13 schema: migration 2->3: add agent_credentials table for durable enrollment
2026/09/06 08:59:13 schema: migration 2->3 complete
2026/09/06 08:59:13 schema: migration 3->4: add source_ip and user_id to terminal_sessions for audit logging
2026/09/06 08:59:13 schema: migration 3->4 complete
2026/09/06 08:59:13 schema: migration 4->5: add api_machines table for API-polled machines
2026/09/06 08:59:13 schema: migration 4->5 complete
2026/09/06 08:59:13 schema: migration 5->6: add tls_config to api_machines for per-machine TLS trust
2026/09/06 08:59:13 schema: migration 5->6 complete
2026/09/06 08:59:13 schema: migration 6->7: add role column to users for RBAC
2026/09/06 08:59:13 schema: migration 6->7 complete
2026/09/06 08:59:13 schema: migration 7->8: add hardware_info JSON column to machines for static spec snapshots
2026/09/06 08:59:13 schema: migration 7->8 complete
2026/09/06 08:59:13 schema: migration 8->9: add theme_name and theme_mode columns to users for per-user theme prefs
2026/09/06 08:59:13 schema: migration 8->9 complete
2026/09/06 08:59:13 schema: migration 9->10: create branding_config table for admin instance branding (Phase 10)
2026/09/06 08:59:13 schema: migration 9->10 complete
2026/09/06 08:59:13 schema: migration 10->11: Phase 11 — add per-user workflow personalization columns to users
2026/09/06 08:59:13 schema: migration 10->11 complete
2026/09/06 08:59:13 schema: migration 11->12: Phase 11 — create user_pinned_machines table
2026/09/06 08:59:13 schema: migration 11->12 complete
2026/09/06 08:59:13 schema: migration 12->13: Phase 11 — create user_saved_filters table
2026/09/06 08:59:13 schema: migration 12->13 complete
2026/09/06 08:59:13 schema: migration 13->14: Phase 11 — add welcome_message to branding_config
2026/09/06 08:59:13 schema: migration 13->14 complete
2026/09/06 08:59:13 schema: migration 14->15: Phase 12 — add notes column to machines
2026/09/06 08:59:13 schema: migration 14->15 complete
2026/09/06 08:59:13 schema: migration 15->16: Phase 12 — add cpu_temp_c column to metrics
2026/09/06 08:59:13 schema: migration 15->16 complete
2026/09/06 08:59:13 schema: migration 16->17: add nullable target_machine_id to tokens for machine-bound Windows re-enrollment
2026/09/06 08:59:13 schema: migration 16->17 complete
2026/09/06 08:59:13 schema: migration 17->18: add nullable pending_secret_hash and pending_expires_at to agent_credentials for staged Windows re-enrollment handoff
2026/09/06 08:59:13 schema: migration 17->18 complete
2026/09/06 08:59:13 schema: migration 18->19: create hub_settings key/value table (AI Sessions feature switch)
2026/09/06 08:59:13 schema: migration 18->19 complete
2026/09/06 08:59:13 schema: migration 19->20: add mint_time_script and mint-time binding columns to tokens to bind join links to mint-time configuration
2026/09/06 08:59:13 schema: migration 19->20 complete
2026/09/06 08:59:13 schema: migration 20->21: scrub raw install tokens persisted in tokens.mint_time_script
2026/09/06 08:59:13 schema: migration 20->21 complete
2026/09/06 08:59:13 schema: all migrations applied — now at version 21
2026/09/06 08:59:15 schema: at version 0, target 21 — applying 21 migration(s)
2026/09/06 08:59:15 schema: migration 0->1: baseline schema: create all tables and indexes
2026/09/06 08:59:16 schema: migration 0->1 complete
2026/09/06 08:59:16 schema: migration 1->2: add tags, terminal_pin_hash, password_changed, pin_changed columns
2026/09/06 08:59:16 schema: migration 1->2 complete
2026/09/06 08:59:16 schema: migration 2->3: add agent_credentials table for durable enrollment
2026/09/06 08:59:16 schema: migration 2->3 complete
2026/09/06 08:59:16 schema: migration 3->4: add source_ip and user_id to terminal_sessions for audit logging
2026/09/06 08:59:16 schema: migration 3->4 complete
2026/09/06 08:59:16 schema: migration 4->5: add api_machines table for API-polled machines
2026/09/06 08:59:16 schema: migration 4->5 complete
2026/09/06 08:59:16 schema: migration 5->6: add tls_config to api_machines for per-machine TLS trust
2026/09/06 08:59:16 schema: migration 5->6 complete
2026/09/06 08:59:16 schema: migration 6->7: add role column to users for RBAC
2026/09/06 08:59:16 schema: migration 6->7 complete
2026/09/06 08:59:16 schema: migration 7->8: add hardware_info JSON column to machines for static spec snapshots
2026/09/06 08:59:16 schema: migration 7->8 complete
2026/09/06 08:59:16 schema: migration 8->9: add theme_name and theme_mode columns to users for per-user theme prefs
2026/09/06 08:59:16 schema: migration 8->9 complete
2026/09/06 08:59:16 schema: migration 9->10: create branding_config table for admin instance branding (Phase 10)
2026/09/06 08:59:16 schema: migration 9->10 complete
2026/09/06 08:59:16 schema: migration 10->11: Phase 11 — add per-user workflow personalization columns to users
2026/09/06 08:59:16 schema: migration 10->11 complete
2026/09/06 08:59:16 schema: migration 11->12: Phase 11 — create user_pinned_machines table
2026/09/06 08:59:16 schema: migration 11->12 complete
2026/09/06 08:59:16 schema: migration 12->13: Phase 11 — create user_saved_filters table
2026/09/06 08:59:16 schema: migration 12->13 complete
2026/09/06 08:59:16 schema: migration 13->14: Phase 11 — add welcome_message to branding_config
2026/09/06 08:59:16 schema: migration 13->14 complete
2026/09/06 08:59:16 schema: migration 14->15: Phase 12 — add notes column to machines
2026/09/06 08:59:16 schema: migration 14->15 complete
2026/09/06 08:59:16 schema: migration 15->16: Phase 12 — add cpu_temp_c column to metrics
2026/09/06 08:59:16 schema: migration 15->16 complete
2026/09/06 08:59:16 schema: migration 16->17: add nullable target_machine_id to tokens for machine-bound Windows re-enrollment
2026/09/06 08:59:16 schema: migration 16->17 complete
2026/09/06 08:59:16 schema: migration 17->18: add nullable pending_secret_hash and pending_expires_at to agent_credentials for staged Windows re-enrollment handoff
2026/09/06 08:59:16 schema: migration 17->18 complete
2026/09/06 08:59:16 schema: migration 18->19: create hub_settings key/value table (AI Sessions feature switch)
2026/09/06 08:59:16 schema: migration 18->19 complete
2026/09/06 08:59:16 schema: migration 19->20: add mint_time_script and mint-time binding columns to tokens to bind join links to mint-time configuration
2026/09/06 08:59:16 schema: migration 19->20 complete
2026/09/06 08:59:16 schema: migration 20->21: scrub raw install tokens persisted in tokens.mint_time_script
2026/09/06 08:59:16 schema: migration 20->21 complete
2026/09/06 08:59:16 schema: all migrations applied — now at version 21
2026/09/06 08:59:18 agent secret validation failed: invalid agent secret
2026/09/06 08:59:18 schema: at version 0, target 21 — applying 21 migration(s)
2026/09/06 08:59:18 schema: migration 0->1: baseline schema: create all tables and indexes
2026/09/06 08:59:18 schema: migration 0->1 complete
2026/09/06 08:59:18 schema: migration 1->2: add tags, terminal_pin_hash, password_changed, pin_changed columns
2026/09/06 08:59:18 schema: migration 1->2 complete
2026/09/06 08:59:18 schema: migration 2->3: add agent_credentials table for durable enrollment
2026/09/06 08:59:18 schema: migration 2->3 complete
2026/09/06 08:59:18 schema: migration 3->4: add source_ip and user_id to terminal_sessions for audit logging
2026/09/06 08:59:18 schema: migration 3->4 complete
2026/09/06 08:59:18 schema: migration 4->5: add api_machines table for API-polled machines
2026/09/06 08:59:18 schema: migration 4->5 complete
2026/09/06 08:59:18 schema: migration 5->6: add tls_config to api_machines for per-machine TLS trust
2026/09/06 08:59:18 schema: migration 5->6 complete
2026/09/06 08:59:18 schema: migration 6->7: add role column to users for RBAC
2026/09/06 08:59:18 schema: migration 6->7 complete
2026/09/06 08:59:18 schema: migration 7->8: add hardware_info JSON column to machines for static spec snapshots
2026/09/06 08:59:18 schema: migration 7->8 complete
2026/09/06 08:59:18 schema: migration 8->9: add theme_name and theme_mode columns to users for per-user theme prefs
2026/09/06 08:59:18 schema: migration 8->9 complete
2026/09/06 08:59:18 schema: migration 9->10: create branding_config table for admin instance branding (Phase 10)
2026/09/06 08:59:18 schema: migration 9->10 complete
2026/09/06 08:59:18 schema: migration 10->11: Phase 11 — add per-user workflow personalization columns to users
2026/09/06 08:59:18 schema: migration 10->11 complete
2026/09/06 08:59:18 schema: migration 11->12: Phase 11 — create user_pinned_machines table
2026/09/06 08:59:18 schema: migration 11->12 complete
2026/09/06 08:59:18 schema: migration 12->13: Phase 11 — create user_saved_filters table
2026/09/06 08:59:18 schema: migration 12->13 complete
2026/09/06 08:59:18 schema: migration 13->14: Phase 11 — add welcome_message to branding_config
2026/09/06 08:59:18 schema: migration 13->14 complete
2026/09/06 08:59:18 schema: migration 14->15: Phase 12 — add notes column to machines
2026/09/06 08:59:18 schema: migration 14->15 complete
2026/09/06 08:59:18 schema: migration 15->16: Phase 12 — add cpu_temp_c column to metrics
2026/09/06 08:59:18 schema: migration 15->16 complete
2026/09/06 08:59:18 schema: migration 16->17: add nullable target_machine_id to tokens for machine-bound Windows re-enrollment
2026/09/06 08:59:18 schema: migration 16->17 complete
2026/09/06 08:59:18 schema: migration 17->18: add nullable pending_secret_hash and pending_expires_at to agent_credentials for staged Windows re-enrollment handoff
2026/09/06 08:59:19 schema: migration 17->18 complete
2026/09/06 08:59:19 schema: migration 18->19: create hub_settings key/value table (AI Sessions feature switch)
2026/09/06 08:59:19 schema: migration 18->19 complete
2026/09/06 08:59:19 schema: migration 19->20: add mint_time_script and mint-time binding columns to tokens to bind join links to mint-time configuration
2026/09/06 08:59:19 schema: migration 19->20 complete
2026/09/06 08:59:19 schema: migration 20->21: scrub raw install tokens persisted in tokens.mint_time_script
2026/09/06 08:59:19 schema: migration 20->21 complete
2026/09/06 08:59:19 schema: all migrations applied — now at version 21
2026/09/06 08:59:21 agent token validated successfully
2026/09/06 08:59:21 new agent issued enrollment secret, awaiting commit: test-host (test-machine-revoke-001)
2026/09/06 08:59:21 agent awaiting enrollment commit: test-host (test-machine-revoke-001)
2026/09/06 08:59:21 committed fresh enrollment and sent enrollment_confirmed: test-machine-revoke-001
2026/09/06 08:59:21 agent disconnected: websocket: close 1006 (abnormal closure): unexpected EOF
2026/09/06 08:59:21 agent offline: test-machine-revoke-001
2026/09/06 08:59:21 agent secret validation failed: invalid agent secret
2026/09/06 08:59:21 schema: at version 0, target 21 — applying 21 migration(s)
2026/09/06 08:59:21 schema: migration 0->1: baseline schema: create all tables and indexes
2026/09/06 08:59:21 schema: migration 0->1 complete
2026/09/06 08:59:21 schema: migration 1->2: add tags, terminal_pin_hash, password_changed, pin_changed columns
2026/09/06 08:59:21 schema: migration 1->2 complete
2026/09/06 08:59:21 schema: migration 2->3: add agent_credentials table for durable enrollment
2026/09/06 08:59:21 schema: migration 2->3 complete
2026/09/06 08:59:21 schema: migration 3->4: add source_ip and user_id to terminal_sessions for audit logging
2026/09/06 08:59:21 schema: migration 3->4 complete
2026/09/06 08:59:21 schema: migration 4->5: add api_machines table for API-polled machines
2026/09/06 08:59:21 schema: migration 4->5 complete
2026/09/06 08:59:21 schema: migration 5->6: add tls_config to api_machines for per-machine TLS trust
2026/09/06 08:59:21 schema: migration 5->6 complete
2026/09/06 08:59:21 schema: migration 6->7: add role column to users for RBAC
2026/09/06 08:59:21 schema: migration 6->7 complete
2026/09/06 08:59:21 schema: migration 7->8: add hardware_info JSON column to machines for static spec snapshots
2026/09/06 08:59:21 schema: migration 7->8 complete
2026/09/06 08:59:21 schema: migration 8->9: add theme_name and theme_mode columns to users for per-user theme prefs
2026/09/06 08:59:21 schema: migration 8->9 complete
2026/09/06 08:59:21 schema: migration 9->10: create branding_config table for admin instance branding (Phase 10)
2026/09/06 08:59:21 schema: migration 9->10 complete
2026/09/06 08:59:21 schema: migration 10->11: Phase 11 — add per-user workflow personalization columns to users
2026/09/06 08:59:21 schema: migration 10->11 complete
2026/09/06 08:59:21 schema: migration 11->12: Phase 11 — create user_pinned_machines table
2026/09/06 08:59:21 schema: migration 11->12 complete
2026/09/06 08:59:21 schema: migration 12->13: Phase 11 — create user_saved_filters table
2026/09/06 08:59:21 schema: migration 12->13 complete
2026/09/06 08:59:21 schema: migration 13->14: Phase 11 — add welcome_message to branding_config
2026/09/06 08:59:21 schema: migration 13->14 complete
2026/09/06 08:59:21 schema: migration 14->15: Phase 12 — add notes column to machines
2026/09/06 08:59:21 schema: migration 14->15 complete
2026/09/06 08:59:21 schema: migration 15->16: Phase 12 — add cpu_temp_c column to metrics
2026/09/06 08:59:21 schema: migration 15->16 complete
2026/09/06 08:59:21 schema: migration 16->17: add nullable target_machine_id to tokens for machine-bound Windows re-enrollment
2026/09/06 08:59:21 schema: migration 16->17 complete
2026/09/06 08:59:21 schema: migration 17->18: add nullable pending_secret_hash and pending_expires_at to agent_credentials for staged Windows re-enrollment handoff
2026/09/06 08:59:21 schema: migration 17->18 complete
2026/09/06 08:59:21 schema: migration 18->19: create hub_settings key/value table (AI Sessions feature switch)
2026/09/06 08:59:21 schema: migration 18->19 complete
2026/09/06 08:59:21 schema: migration 19->20: add mint_time_script and mint-time binding columns to tokens to bind join links to mint-time configuration
2026/09/06 08:59:21 schema: migration 19->20 complete
2026/09/06 08:59:21 schema: migration 20->21: scrub raw install tokens persisted in tokens.mint_time_script
2026/09/06 08:59:21 schema: migration 20->21 complete
2026/09/06 08:59:21 schema: all migrations applied — now at version 21
2026/09/06 08:59:23 agent token validation deferred (may be reconnecting agent): invalid token
2026/09/06 08:59:24 schema: at version 0, target 21 — applying 21 migration(s)
2026/09/06 08:59:24 schema: migration 0->1: baseline schema: create all tables and indexes
2026/09/06 08:59:24 schema: migration 0->1 complete
2026/09/06 08:59:24 schema: migration 1->2: add tags, terminal_pin_hash, password_changed, pin_changed columns
2026/09/06 08:59:24 schema: migration 1->2 complete
2026/09/06 08:59:24 schema: migration 2->3: add agent_credentials table for durable enrollment
2026/09/06 08:59:24 schema: migration 2->3 complete
2026/09/06 08:59:24 schema: migration 3->4: add source_ip and user_id to terminal_sessions for audit logging
2026/09/06 08:59:24 schema: migration 3->4 complete
2026/09/06 08:59:24 schema: migration 4->5: add api_machines table for API-polled machines
2026/09/06 08:59:24 schema: migration 4->5 complete
2026/09/06 08:59:24 schema: migration 5->6: add tls_config to api_machines for per-machine TLS trust
2026/09/06 08:59:24 schema: migration 5->6 complete
2026/09/06 08:59:24 schema: migration 6->7: add role column to users for RBAC
2026/09/06 08:59:24 schema: migration 6->7 complete
2026/09/06 08:59:24 schema: migration 7->8: add hardware_info JSON column to machines for static spec snapshots
2026/09/06 08:59:24 schema: migration 7->8 complete
2026/09/06 08:59:24 schema: migration 8->9: add theme_name and theme_mode columns to users for per-user theme prefs
2026/09/06 08:59:24 schema: migration 8->9 complete
2026/09/06 08:59:24 schema: migration 9->10: create branding_config table for admin instance branding (Phase 10)
2026/09/06 08:59:24 schema: migration 9->10 complete
2026/09/06 08:59:24 schema: migration 10->11: Phase 11 — add per-user workflow personalization columns to users
2026/09/06 08:59:24 schema: migration 10->11 complete
2026/09/06 08:59:24 schema: migration 11->12: Phase 11 — create user_pinned_machines table
2026/09/06 08:59:24 schema: migration 11->12 complete
2026/09/06 08:59:24 schema: migration 12->13: Phase 11 — create user_saved_filters table
2026/09/06 08:59:24 schema: migration 12->13 complete
2026/09/06 08:59:24 schema: migration 13->14: Phase 11 — add welcome_message to branding_config
2026/09/06 08:59:24 schema: migration 13->14 complete
2026/09/06 08:59:24 schema: migration 14->15: Phase 12 — add notes column to machines
2026/09/06 08:59:24 schema: migration 14->15 complete
2026/09/06 08:59:24 schema: migration 15->16: Phase 12 — add cpu_temp_c column to metrics
2026/09/06 08:59:24 schema: migration 15->16 complete
2026/09/06 08:59:24 schema: migration 16->17: add nullable target_machine_id to tokens for machine-bound Windows re-enrollment
2026/09/06 08:59:24 schema: migration 16->17 complete
2026/09/06 08:59:24 schema: migration 17->18: add nullable pending_secret_hash and pending_expires_at to agent_credentials for staged Windows re-enrollment handoff
2026/09/06 08:59:24 schema: migration 17->18 complete
2026/09/06 08:59:24 schema: migration 18->19: create hub_settings key/value table (AI Sessions feature switch)
2026/09/06 08:59:24 schema: migration 18->19 complete
2026/09/06 08:59:24 schema: migration 19->20: add mint_time_script and mint-time binding columns to tokens to bind join links to mint-time configuration
2026/09/06 08:59:24 schema: migration 19->20 complete
2026/09/06 08:59:24 schema: migration 20->21: scrub raw install tokens persisted in tokens.mint_time_script
2026/09/06 08:59:24 schema: migration 20->21 complete
2026/09/06 08:59:24 schema: all migrations applied — now at version 21
2026/09/06 08:59:26 setup: admin user 'myadmin' created via first-boot setup
2026/09/06 08:59:29 schema: at version 0, target 21 — applying 21 migration(s)
2026/09/06 08:59:29 schema: migration 0->1: baseline schema: create all tables and indexes
2026/09/06 08:59:29 schema: migration 0->1 complete
2026/09/06 08:59:29 schema: migration 1->2: add tags, terminal_pin_hash, password_changed, pin_changed columns
2026/09/06 08:59:29 schema: migration 1->2 complete
2026/09/06 08:59:29 schema: migration 2->3: add agent_credentials table for durable enrollment
2026/09/06 08:59:29 schema: migration 2->3 complete
2026/09/06 08:59:29 schema: migration 3->4: add source_ip and user_id to terminal_sessions for audit logging
2026/09/06 08:59:29 schema: migration 3->4 complete
2026/09/06 08:59:29 schema: migration 4->5: add api_machines table for API-polled machines
2026/09/06 08:59:29 schema: migration 4->5 complete
2026/09/06 08:59:29 schema: migration 5->6: add tls_config to api_machines for per-machine TLS trust
2026/09/06 08:59:29 schema: migration 5->6 complete
2026/09/06 08:59:29 schema: migration 6->7: add role column to users for RBAC
2026/09/06 08:59:29 schema: migration 6->7 complete
2026/09/06 08:59:29 schema: migration 7->8: add hardware_info JSON column to machines for static spec snapshots
2026/09/06 08:59:29 schema: migration 7->8 complete
2026/09/06 08:59:29 schema: migration 8->9: add theme_name and theme_mode columns to users for per-user theme prefs
2026/09/06 08:59:29 schema: migration 8->9 complete
2026/09/06 08:59:29 schema: migration 9->10: create branding_config table for admin instance branding (Phase 10)
2026/09/06 08:59:29 schema: migration 9->10 complete
2026/09/06 08:59:29 schema: migration 10->11: Phase 11 — add per-user workflow personalization columns to users
2026/09/06 08:59:29 schema: migration 10->11 complete
2026/09/06 08:59:29 schema: migration 11->12: Phase 11 — create user_pinned_machines table
2026/09/06 08:59:29 schema: migration 11->12 complete
2026/09/06 08:59:29 schema: migration 12->13: Phase 11 — create user_saved_filters table
2026/09/06 08:59:29 schema: migration 12->13 complete
2026/09/06 08:59:29 schema: migration 13->14: Phase 11 — add welcome_message to branding_config
2026/09/06 08:59:29 schema: migration 13->14 complete
2026/09/06 08:59:29 schema: migration 14->15: Phase 12 — add notes column to machines
2026/09/06 08:59:29 schema: migration 14->15 complete
2026/09/06 08:59:29 schema: migration 15->16: Phase 12 — add cpu_temp_c column to metrics
2026/09/06 08:59:29 schema: migration 15->16 complete
2026/09/06 08:59:29 schema: migration 16->17: add nullable target_machine_id to tokens for machine-bound Windows re-enrollment
2026/09/06 08:59:29 schema: migration 16->17 complete
2026/09/06 08:59:29 schema: migration 17->18: add nullable pending_secret_hash and pending_expires_at to agent_credentials for staged Windows re-enrollment handoff
2026/09/06 08:59:29 schema: migration 17->18 complete
2026/09/06 08:59:29 schema: migration 18->19: create hub_settings key/value table (AI Sessions feature switch)
2026/09/06 08:59:29 schema: migration 18->19 complete
2026/09/06 08:59:29 schema: migration 19->20: add mint_time_script and mint-time binding columns to tokens to bind join links to mint-time configuration
2026/09/06 08:59:29 schema: migration 19->20 complete
2026/09/06 08:59:29 schema: migration 20->21: scrub raw install tokens persisted in tokens.mint_time_script
2026/09/06 08:59:29 schema: migration 20->21 complete
2026/09/06 08:59:29 schema: all migrations applied — now at version 21
2026/09/06 08:59:35 terminal session rejected: max concurrent sessions reached (3)
2026/09/06 08:59:35 schema: at version 0, target 21 — applying 21 migration(s)
2026/09/06 08:59:35 schema: migration 0->1: baseline schema: create all tables and indexes
2026/09/06 08:59:35 schema: migration 0->1 complete
2026/09/06 08:59:35 schema: migration 1->2: add tags, terminal_pin_hash, password_changed, pin_changed columns
2026/09/06 08:59:35 schema: migration 1->2 complete
2026/09/06 08:59:35 schema: migration 2->3: add agent_credentials table for durable enrollment
2026/09/06 08:59:35 schema: migration 2->3 complete
2026/09/06 08:59:35 schema: migration 3->4: add source_ip and user_id to terminal_sessions for audit logging
2026/09/06 08:59:35 schema: migration 3->4 complete
2026/09/06 08:59:35 schema: migration 4->5: add api_machines table for API-polled machines
2026/09/06 08:59:35 schema: migration 4->5 complete
2026/09/06 08:59:35 schema: migration 5->6: add tls_config to api_machines for per-machine TLS trust
2026/09/06 08:59:35 schema: migration 5->6 complete
2026/09/06 08:59:35 schema: migration 6->7: add role column to users for RBAC
2026/09/06 08:59:35 schema: migration 6->7 complete
2026/09/06 08:59:35 schema: migration 7->8: add hardware_info JSON column to machines for static spec snapshots
2026/09/06 08:59:35 schema: migration 7->8 complete
2026/09/06 08:59:35 schema: migration 8->9: add theme_name and theme_mode columns to users for per-user theme prefs
2026/09/06 08:59:35 schema: migration 8->9 complete
2026/09/06 08:59:35 schema: migration 9->10: create branding_config table for admin instance branding (Phase 10)
2026/09/06 08:59:35 schema: migration 9->10 complete
2026/09/06 08:59:35 schema: migration 10->11: Phase 11 — add per-user workflow personalization columns to users
2026/09/06 08:59:35 schema: migration 10->11 complete
2026/09/06 08:59:35 schema: migration 11->12: Phase 11 — create user_pinned_machines table
2026/09/06 08:59:35 schema: migration 11->12 complete
2026/09/06 08:59:35 schema: migration 12->13: Phase 11 — create user_saved_filters table
2026/09/06 08:59:35 schema: migration 12->13 complete
2026/09/06 08:59:35 schema: migration 13->14: Phase 11 — add welcome_message to branding_config
2026/09/06 08:59:35 schema: migration 13->14 complete
2026/09/06 08:59:35 schema: migration 14->15: Phase 12 — add notes column to machines
2026/09/06 08:59:35 schema: migration 14->15 complete
2026/09/06 08:59:35 schema: migration 15->16: Phase 12 — add cpu_temp_c column to metrics
2026/09/06 08:59:35 schema: migration 15->16 complete
2026/09/06 08:59:35 schema: migration 16->17: add nullable target_machine_id to tokens for machine-bound Windows re-enrollment
2026/09/06 08:59:35 schema: migration 16->17 complete
2026/09/06 08:59:35 schema: migration 17->18: add nullable pending_secret_hash and pending_expires_at to agent_credentials for staged Windows re-enrollment handoff
2026/09/06 08:59:35 schema: migration 17->18 complete
2026/09/06 08:59:35 schema: migration 18->19: create hub_settings key/value table (AI Sessions feature switch)
2026/09/06 08:59:35 schema: migration 18->19 complete
2026/09/06 08:59:35 schema: migration 19->20: add mint_time_script and mint-time binding columns to tokens to bind join links to mint-time configuration
2026/09/06 08:59:35 schema: migration 19->20 complete
2026/09/06 08:59:35 schema: migration 20->21: scrub raw install tokens persisted in tokens.mint_time_script
2026/09/06 08:59:35 schema: migration 20->21 complete
2026/09/06 08:59:35 schema: all migrations applied — now at version 21
2026/09/06 08:59:41 terminal session 728a03bb-37bf-4b40-8389-4b116f316872 created for machine test-machine-audit
2026/09/06 08:59:41 schema: at version 0, target 21 — applying 21 migration(s)
2026/09/06 08:59:41 schema: migration 0->1: baseline schema: create all tables and indexes
2026/09/06 08:59:41 schema: migration 0->1 complete
2026/09/06 08:59:41 schema: migration 1->2: add tags, terminal_pin_hash, password_changed, pin_changed columns
2026/09/06 08:59:41 schema: migration 1->2 complete
2026/09/06 08:59:41 schema: migration 2->3: add agent_credentials table for durable enrollment
2026/09/06 08:59:41 schema: migration 2->3 complete
2026/09/06 08:59:41 schema: migration 3->4: add source_ip and user_id to terminal_sessions for audit logging
2026/09/06 08:59:41 schema: migration 3->4 complete
2026/09/06 08:59:41 schema: migration 4->5: add api_machines table for API-polled machines
2026/09/06 08:59:41 schema: migration 4->5 complete
2026/09/06 08:59:41 schema: migration 5->6: add tls_config to api_machines for per-machine TLS trust
2026/09/06 08:59:41 schema: migration 5->6 complete
2026/09/06 08:59:41 schema: migration 6->7: add role column to users for RBAC
2026/09/06 08:59:41 schema: migration 6->7 complete
2026/09/06 08:59:41 schema: migration 7->8: add hardware_info JSON column to machines for static spec snapshots
2026/09/06 08:59:41 schema: migration 7->8 complete
2026/09/06 08:59:41 schema: migration 8->9: add theme_name and theme_mode columns to users for per-user theme prefs
2026/09/06 08:59:41 schema: migration 8->9 complete
2026/09/06 08:59:41 schema: migration 9->10: create branding_config table for admin instance branding (Phase 10)
2026/09/06 08:59:41 schema: migration 9->10 complete
2026/09/06 08:59:41 schema: migration 10->11: Phase 11 — add per-user workflow personalization columns to users
2026/09/06 08:59:41 schema: migration 10->11 complete
2026/09/06 08:59:41 schema: migration 11->12: Phase 11 — create user_pinned_machines table
2026/09/06 08:59:41 schema: migration 11->12 complete
2026/09/06 08:59:41 schema: migration 12->13: Phase 11 — create user_saved_filters table
2026/09/06 08:59:42 schema: migration 12->13 complete
2026/09/06 08:59:42 schema: migration 13->14: Phase 11 — add welcome_message to branding_config
2026/09/06 08:59:42 schema: migration 13->14 complete
2026/09/06 08:59:42 schema: migration 14->15: Phase 12 — add notes column to machines
2026/09/06 08:59:42 schema: migration 14->15 complete
2026/09/06 08:59:42 schema: migration 15->16: Phase 12 — add cpu_temp_c column to metrics
2026/09/06 08:59:42 schema: migration 15->16 complete
2026/09/06 08:59:42 schema: migration 16->17: add nullable target_machine_id to tokens for machine-bound Windows re-enrollment
2026/09/06 08:59:42 schema: migration 16->17 complete
2026/09/06 08:59:42 schema: migration 17->18: add nullable pending_secret_hash and pending_expires_at to agent_credentials for staged Windows re-enrollment handoff
2026/09/06 08:59:42 schema: migration 17->18 complete
2026/09/06 08:59:42 schema: migration 18->19: create hub_settings key/value table (AI Sessions feature switch)
2026/09/06 08:59:42 schema: migration 18->19 complete
2026/09/06 08:59:42 schema: migration 19->20: add mint_time_script and mint-time binding columns to tokens to bind join links to mint-time configuration
2026/09/06 08:59:42 schema: migration 19->20 complete
2026/09/06 08:59:42 schema: migration 20->21: scrub raw install tokens persisted in tokens.mint_time_script
2026/09/06 08:59:42 schema: migration 20->21 complete
2026/09/06 08:59:42 schema: all migrations applied — now at version 21
2026/09/06 08:59:46 api machine created: Test Proxmox (proxmox, ab467755-0fed-416a-9c0e-41f77c48b14d)
2026/09/06 08:59:46 schema: at version 0, target 21 — applying 21 migration(s)
2026/09/06 08:59:46 schema: migration 0->1: baseline schema: create all tables and indexes
2026/09/06 08:59:46 schema: migration 0->1 complete
2026/09/06 08:59:46 schema: migration 1->2: add tags, terminal_pin_hash, password_changed, pin_changed columns
2026/09/06 08:59:46 schema: migration 1->2 complete
2026/09/06 08:59:46 schema: migration 2->3: add agent_credentials table for durable enrollment
2026/09/06 08:59:46 schema: migration 2->3 complete
2026/09/06 08:59:46 schema: migration 3->4: add source_ip and user_id to terminal_sessions for audit logging
2026/09/06 08:59:46 schema: migration 3->4 complete
2026/09/06 08:59:46 schema: migration 4->5: add api_machines table for API-polled machines
2026/09/06 08:59:46 schema: migration 4->5 complete
2026/09/06 08:59:46 schema: migration 5->6: add tls_config to api_machines for per-machine TLS trust
2026/09/06 08:59:46 schema: migration 5->6 complete
2026/09/06 08:59:46 schema: migration 6->7: add role column to users for RBAC
2026/09/06 08:59:46 schema: migration 6->7 complete
2026/09/06 08:59:46 schema: migration 7->8: add hardware_info JSON column to machines for static spec snapshots
2026/09/06 08:59:46 schema: migration 7->8 complete
2026/09/06 08:59:46 schema: migration 8->9: add theme_name and theme_mode columns to users for per-user theme prefs
2026/09/06 08:59:46 schema: migration 8->9 complete
2026/09/06 08:59:46 schema: migration 9->10: create branding_config table for admin instance branding (Phase 10)
2026/09/06 08:59:46 schema: migration 9->10 complete
2026/09/06 08:59:46 schema: migration 10->11: Phase 11 — add per-user workflow personalization columns to users
2026/09/06 08:59:46 schema: migration 10->11 complete
2026/09/06 08:59:46 schema: migration 11->12: Phase 11 — create user_pinned_machines table
2026/09/06 08:59:46 schema: migration 11->12 complete
2026/09/06 08:59:46 schema: migration 12->13: Phase 11 — create user_saved_filters table
2026/09/06 08:59:46 schema: migration 12->13 complete
2026/09/06 08:59:46 schema: migration 13->14: Phase 11 — add welcome_message to branding_config
2026/09/06 08:59:47 schema: migration 13->14 complete
2026/09/06 08:59:47 schema: migration 14->15: Phase 12 — add notes column to machines
2026/09/06 08:59:47 schema: migration 14->15 complete
2026/09/06 08:59:47 schema: migration 15->16: Phase 12 — add cpu_temp_c column to metrics
2026/09/06 08:59:47 schema: migration 15->16 complete
2026/09/06 08:59:47 schema: migration 16->17: add nullable target_machine_id to tokens for machine-bound Windows re-enrollment
2026/09/06 08:59:47 schema: migration 16->17 complete
2026/09/06 08:59:47 schema: migration 17->18: add nullable pending_secret_hash and pending_expires_at to agent_credentials for staged Windows re-enrollment handoff
2026/09/06 08:59:47 schema: migration 17->18 complete
2026/09/06 08:59:47 schema: migration 18->19: create hub_settings key/value table (AI Sessions feature switch)
2026/09/06 08:59:47 schema: migration 18->19 complete
2026/09/06 08:59:47 schema: migration 19->20: add mint_time_script and mint-time binding columns to tokens to bind join links to mint-time configuration
2026/09/06 08:59:47 schema: migration 19->20 complete
2026/09/06 08:59:47 schema: migration 20->21: scrub raw install tokens persisted in tokens.mint_time_script
2026/09/06 08:59:47 schema: migration 20->21 complete
2026/09/06 08:59:47 schema: all migrations applied — now at version 21
2026/09/06 08:59:50 api machine created: Secure Synology (synology, 7e13e01d-5455-4f12-a689-76e27a3ca356)
2026/09/06 08:59:50 schema: at version 0, target 21 — applying 21 migration(s)
2026/09/06 08:59:50 schema: migration 0->1: baseline schema: create all tables and indexes
2026/09/06 08:59:51 schema: migration 0->1 complete
2026/09/06 08:59:51 schema: migration 1->2: add tags, terminal_pin_hash, password_changed, pin_changed columns
2026/09/06 08:59:51 schema: migration 1->2 complete
2026/09/06 08:59:51 schema: migration 2->3: add agent_credentials table for durable enrollment
2026/09/06 08:59:51 schema: migration 2->3 complete
2026/09/06 08:59:51 schema: migration 3->4: add source_ip and user_id to terminal_sessions for audit logging
2026/09/06 08:59:51 schema: migration 3->4 complete
2026/09/06 08:59:51 schema: migration 4->5: add api_machines table for API-polled machines
2026/09/06 08:59:51 schema: migration 4->5 complete
2026/09/06 08:59:51 schema: migration 5->6: add tls_config to api_machines for per-machine TLS trust
2026/09/06 08:59:51 schema: migration 5->6 complete
2026/09/06 08:59:51 schema: migration 6->7: add role column to users for RBAC
2026/09/06 08:59:51 schema: migration 6->7 complete
2026/09/06 08:59:51 schema: migration 7->8: add hardware_info JSON column to machines for static spec snapshots
2026/09/06 08:59:51 schema: migration 7->8 complete
2026/09/06 08:59:51 schema: migration 8->9: add theme_name and theme_mode columns to users for per-user theme prefs
2026/09/06 08:59:51 schema: migration 8->9 complete
2026/09/06 08:59:51 schema: migration 9->10: create branding_config table for admin instance branding (Phase 10)
2026/09/06 08:59:51 schema: migration 9->10 complete
2026/09/06 08:59:51 schema: migration 10->11: Phase 11 — add per-user workflow personalization columns to users
2026/09/06 08:59:51 schema: migration 10->11 complete
2026/09/06 08:59:51 schema: migration 11->12: Phase 11 — create user_pinned_machines table
2026/09/06 08:59:51 schema: migration 11->12 complete
2026/09/06 08:59:51 schema: migration 12->13: Phase 11 — create user_saved_filters table
2026/09/06 08:59:51 schema: migration 12->13 complete
2026/09/06 08:59:51 schema: migration 13->14: Phase 11 — add welcome_message to branding_config
2026/09/06 08:59:51 schema: migration 13->14 complete
2026/09/06 08:59:51 schema: migration 14->15: Phase 12 — add notes column to machines
2026/09/06 08:59:51 schema: migration 14->15 complete
2026/09/06 08:59:51 schema: migration 15->16: Phase 12 — add cpu_temp_c column to metrics
2026/09/06 08:59:51 schema: migration 15->16 complete
2026/09/06 08:59:51 schema: migration 16->17: add nullable target_machine_id to tokens for machine-bound Windows re-enrollment
2026/09/06 08:59:51 schema: migration 16->17 complete
2026/09/06 08:59:51 schema: migration 17->18: add nullable pending_secret_hash and pending_expires_at to agent_credentials for staged Windows re-enrollment handoff
2026/09/06 08:59:51 schema: migration 17->18 complete
2026/09/06 08:59:51 schema: migration 18->19: create hub_settings key/value table (AI Sessions feature switch)
2026/09/06 08:59:51 schema: migration 18->19 complete
2026/09/06 08:59:51 schema: migration 19->20: add mint_time_script and mint-time binding columns to tokens to bind join links to mint-time configuration
2026/09/06 08:59:51 schema: migration 19->20 complete
2026/09/06 08:59:51 schema: migration 20->21: scrub raw install tokens persisted in tokens.mint_time_script
2026/09/06 08:59:51 schema: migration 20->21 complete
2026/09/06 08:59:51 schema: all migrations applied — now at version 21
2026/09/06 08:59:55 schema: at version 0, target 21 — applying 21 migration(s)
2026/09/06 08:59:55 schema: migration 0->1: baseline schema: create all tables and indexes
2026/09/06 08:59:55 schema: migration 0->1 complete
2026/09/06 08:59:55 schema: migration 1->2: add tags, terminal_pin_hash, password_changed, pin_changed columns
2026/09/06 08:59:55 schema: migration 1->2 complete
2026/09/06 08:59:55 schema: migration 2->3: add agent_credentials table for durable enrollment
2026/09/06 08:59:55 schema: migration 2->3 complete
2026/09/06 08:59:55 schema: migration 3->4: add source_ip and user_id to terminal_sessions for audit logging
2026/09/06 08:59:55 schema: migration 3->4 complete
2026/09/06 08:59:55 schema: migration 4->5: add api_machines table for API-polled machines
2026/09/06 08:59:55 schema: migration 4->5 complete
2026/09/06 08:59:55 schema: migration 5->6: add tls_config to api_machines for per-machine TLS trust
2026/09/06 08:59:55 schema: migration 5->6 complete
2026/09/06 08:59:55 schema: migration 6->7: add role column to users for RBAC
2026/09/06 08:59:55 schema: migration 6->7 complete
2026/09/06 08:59:55 schema: migration 7->8: add hardware_info JSON column to machines for static spec snapshots
2026/09/06 08:59:55 schema: migration 7->8 complete
2026/09/06 08:59:55 schema: migration 8->9: add theme_name and theme_mode columns to users for per-user theme prefs
2026/09/06 08:59:56 schema: migration 8->9 complete
2026/09/06 08:59:56 schema: migration 9->10: create branding_config table for admin instance branding (Phase 10)
2026/09/06 08:59:56 schema: migration 9->10 complete
2026/09/06 08:59:56 schema: migration 10->11: Phase 11 — add per-user workflow personalization columns to users
2026/09/06 08:59:56 schema: migration 10->11 complete
2026/09/06 08:59:56 schema: migration 11->12: Phase 11 — create user_pinned_machines table
2026/09/06 08:59:56 schema: migration 11->12 complete
2026/09/06 08:59:56 schema: migration 12->13: Phase 11 — create user_saved_filters table
2026/09/06 08:59:56 schema: migration 12->13 complete
2026/09/06 08:59:56 schema: migration 13->14: Phase 11 — add welcome_message to branding_config
2026/09/06 08:59:56 schema: migration 13->14 complete
2026/09/06 08:59:56 schema: migration 14->15: Phase 12 — add notes column to machines
2026/09/06 08:59:56 schema: migration 14->15 complete
2026/09/06 08:59:56 schema: migration 15->16: Phase 12 — add cpu_temp_c column to metrics
2026/09/06 08:59:56 schema: migration 15->16 complete
2026/09/06 08:59:56 schema: migration 16->17: add nullable target_machine_id to tokens for machine-bound Windows re-enrollment
2026/09/06 08:59:56 schema: migration 16->17 complete
2026/09/06 08:59:56 schema: migration 17->18: add nullable pending_secret_hash and pending_expires_at to agent_credentials for staged Windows re-enrollment handoff
2026/09/06 08:59:56 schema: migration 17->18 complete
2026/09/06 08:59:56 schema: migration 18->19: create hub_settings key/value table (AI Sessions feature switch)
2026/09/06 08:59:56 schema: migration 18->19 complete
2026/09/06 08:59:56 schema: migration 19->20: add mint_time_script and mint-time binding columns to tokens to bind join links to mint-time configuration
2026/09/06 08:59:56 schema: migration 19->20 complete
2026/09/06 08:59:56 schema: migration 20->21: scrub raw install tokens persisted in tokens.mint_time_script
2026/09/06 08:59:56 schema: migration 20->21 complete
2026/09/06 08:59:56 schema: all migrations applied — now at version 21
2026/09/06 09:00:00 schema: at version 0, target 21 — applying 21 migration(s)
2026/09/06 09:00:00 schema: migration 0->1: baseline schema: create all tables and indexes
2026/09/06 09:00:01 schema: migration 0->1 complete
2026/09/06 09:00:01 schema: migration 1->2: add tags, terminal_pin_hash, password_changed, pin_changed columns
2026/09/06 09:00:01 schema: migration 1->2 complete
2026/09/06 09:00:01 schema: migration 2->3: add agent_credentials table for durable enrollment
2026/09/06 09:00:01 schema: migration 2->3 complete
2026/09/06 09:00:01 schema: migration 3->4: add source_ip and user_id to terminal_sessions for audit logging
2026/09/06 09:00:01 schema: migration 3->4 complete
2026/09/06 09:00:01 schema: migration 4->5: add api_machines table for API-polled machines
2026/09/06 09:00:01 schema: migration 4->5 complete
2026/09/06 09:00:01 schema: migration 5->6: add tls_config to api_machines for per-machine TLS trust
2026/09/06 09:00:01 schema: migration 5->6 complete
2026/09/06 09:00:01 schema: migration 6->7: add role column to users for RBAC
2026/09/06 09:00:01 schema: migration 6->7 complete
2026/09/06 09:00:01 schema: migration 7->8: add hardware_info JSON column to machines for static spec snapshots
2026/09/06 09:00:01 schema: migration 7->8 complete
2026/09/06 09:00:01 schema: migration 8->9: add theme_name and theme_mode columns to users for per-user theme prefs
2026/09/06 09:00:01 schema: migration 8->9 complete
2026/09/06 09:00:01 schema: migration 9->10: create branding_config table for admin instance branding (Phase 10)
2026/09/06 09:00:01 schema: migration 9->10 complete
2026/09/06 09:00:01 schema: migration 10->11: Phase 11 — add per-user workflow personalization columns to users
2026/09/06 09:00:01 schema: migration 10->11 complete
2026/09/06 09:00:01 schema: migration 11->12: Phase 11 — create user_pinned_machines table
2026/09/06 09:00:01 schema: migration 11->12 complete
2026/09/06 09:00:01 schema: migration 12->13: Phase 11 — create user_saved_filters table
2026/09/06 09:00:01 schema: migration 12->13 complete
2026/09/06 09:00:01 schema: migration 13->14: Phase 11 — add welcome_message to branding_config
2026/09/06 09:00:01 schema: migration 13->14 complete
2026/09/06 09:00:01 schema: migration 14->15: Phase 12 — add notes column to machines
2026/09/06 09:00:01 schema: migration 14->15 complete
2026/09/06 09:00:01 schema: migration 15->16: Phase 12 — add cpu_temp_c column to metrics
2026/09/06 09:00:01 schema: migration 15->16 complete
2026/09/06 09:00:01 schema: migration 16->17: add nullable target_machine_id to tokens for machine-bound Windows re-enrollment
2026/09/06 09:00:01 schema: migration 16->17 complete
2026/09/06 09:00:01 schema: migration 17->18: add nullable pending_secret_hash and pending_expires_at to agent_credentials for staged Windows re-enrollment handoff
2026/09/06 09:00:01 schema: migration 17->18 complete
2026/09/06 09:00:01 schema: migration 18->19: create hub_settings key/value table (AI Sessions feature switch)
2026/09/06 09:00:01 schema: migration 18->19 complete
2026/09/06 09:00:01 schema: migration 19->20: add mint_time_script and mint-time binding columns to tokens to bind join links to mint-time configuration
2026/09/06 09:00:01 schema: migration 19->20 complete
2026/09/06 09:00:01 schema: migration 20->21: scrub raw install tokens persisted in tokens.mint_time_script
2026/09/06 09:00:01 schema: migration 20->21 complete
2026/09/06 09:00:01 schema: all migrations applied — now at version 21
2026/09/06 09:00:06 api machine created: Machine A (synology, 0de8e4d3-bb92-413c-8365-435ba1ba4476)
2026/09/06 09:00:06 api machine created: Machine B (synology, 81c18ecd-1d9d-43b2-912e-bd6011910cdd)
2026/09/06 09:00:06 schema: at version 0, target 21 — applying 21 migration(s)
2026/09/06 09:00:06 schema: migration 0->1: baseline schema: create all tables and indexes
2026/09/06 09:00:06 schema: migration 0->1 complete
2026/09/06 09:00:06 schema: migration 1->2: add tags, terminal_pin_hash, password_changed, pin_changed columns
2026/09/06 09:00:06 schema: migration 1->2 complete
2026/09/06 09:00:06 schema: migration 2->3: add agent_credentials table for durable enrollment
2026/09/06 09:00:06 schema: migration 2->3 complete
2026/09/06 09:00:06 schema: migration 3->4: add source_ip and user_id to terminal_sessions for audit logging
2026/09/06 09:00:06 schema: migration 3->4 complete
2026/09/06 09:00:06 schema: migration 4->5: add api_machines table for API-polled machines
2026/09/06 09:00:06 schema: migration 4->5 complete
2026/09/06 09:00:06 schema: migration 5->6: add tls_config to api_machines for per-machine TLS trust
2026/09/06 09:00:06 schema: migration 5->6 complete
2026/09/06 09:00:06 schema: migration 6->7: add role column to users for RBAC
2026/09/06 09:00:06 schema: migration 6->7 complete
2026/09/06 09:00:06 schema: migration 7->8: add hardware_info JSON column to machines for static spec snapshots
2026/09/06 09:00:06 schema: migration 7->8 complete
2026/09/06 09:00:06 schema: migration 8->9: add theme_name and theme_mode columns to users for per-user theme prefs
2026/09/06 09:00:06 schema: migration 8->9 complete
2026/09/06 09:00:06 schema: migration 9->10: create branding_config table for admin instance branding (Phase 10)
2026/09/06 09:00:06 schema: migration 9->10 complete
2026/09/06 09:00:06 schema: migration 10->11: Phase 11 — add per-user workflow personalization columns to users
2026/09/06 09:00:06 schema: migration 10->11 complete
2026/09/06 09:00:06 schema: migration 11->12: Phase 11 — create user_pinned_machines table
2026/09/06 09:00:06 schema: migration 11->12 complete
2026/09/06 09:00:06 schema: migration 12->13: Phase 11 — create user_saved_filters table
2026/09/06 09:00:06 schema: migration 12->13 complete
2026/09/06 09:00:06 schema: migration 13->14: Phase 11 — add welcome_message to branding_config
2026/09/06 09:00:06 schema: migration 13->14 complete
2026/09/06 09:00:06 schema: migration 14->15: Phase 12 — add notes column to machines
2026/09/06 09:00:06 schema: migration 14->15 complete
2026/09/06 09:00:06 schema: migration 15->16: Phase 12 — add cpu_temp_c column to metrics
2026/09/06 09:00:06 schema: migration 15->16 complete
2026/09/06 09:00:06 schema: migration 16->17: add nullable target_machine_id to tokens for machine-bound Windows re-enrollment
2026/09/06 09:00:06 schema: migration 16->17 complete
2026/09/06 09:00:06 schema: migration 17->18: add nullable pending_secret_hash and pending_expires_at to agent_credentials for staged Windows re-enrollment handoff
2026/09/06 09:00:07 schema: migration 17->18 complete
2026/09/06 09:00:07 schema: migration 18->19: create hub_settings key/value table (AI Sessions feature switch)
2026/09/06 09:00:07 schema: migration 18->19 complete
2026/09/06 09:00:07 schema: migration 19->20: add mint_time_script and mint-time binding columns to tokens to bind join links to mint-time configuration
2026/09/06 09:00:07 schema: migration 19->20 complete
2026/09/06 09:00:07 schema: migration 20->21: scrub raw install tokens persisted in tokens.mint_time_script
2026/09/06 09:00:07 schema: migration 20->21 complete
2026/09/06 09:00:07 schema: all migrations applied — now at version 21
2026/09/06 09:00:11 api machine created: ToDelete (proxmox, cf06fb36-bfb3-499d-8ecc-ccedfcbc1202)
2026/09/06 09:00:11 api machine deleted: ToDelete (cf06fb36-bfb3-499d-8ecc-ccedfcbc1202)
2026/09/06 09:00:11 schema: at version 0, target 21 — applying 21 migration(s)
2026/09/06 09:00:11 schema: migration 0->1: baseline schema: create all tables and indexes
2026/09/06 09:00:11 schema: migration 0->1 complete
2026/09/06 09:00:11 schema: migration 1->2: add tags, terminal_pin_hash, password_changed, pin_changed columns
2026/09/06 09:00:11 schema: migration 1->2 complete
2026/09/06 09:00:11 schema: migration 2->3: add agent_credentials table for durable enrollment
2026/09/06 09:00:11 schema: migration 2->3 complete
2026/09/06 09:00:11 schema: migration 3->4: add source_ip and user_id to terminal_sessions for audit logging
2026/09/06 09:00:11 schema: migration 3->4 complete
2026/09/06 09:00:11 schema: migration 4->5: add api_machines table for API-polled machines
2026/09/06 09:00:11 schema: migration 4->5 complete
2026/09/06 09:00:11 schema: migration 5->6: add tls_config to api_machines for per-machine TLS trust
2026/09/06 09:00:11 schema: migration 5->6 complete
2026/09/06 09:00:11 schema: migration 6->7: add role column to users for RBAC
2026/09/06 09:00:11 schema: migration 6->7 complete
2026/09/06 09:00:11 schema: migration 7->8: add hardware_info JSON column to machines for static spec snapshots
2026/09/06 09:00:11 schema: migration 7->8 complete
2026/09/06 09:00:11 schema: migration 8->9: add theme_name and theme_mode columns to users for per-user theme prefs
2026/09/06 09:00:11 schema: migration 8->9 complete
2026/09/06 09:00:11 schema: migration 9->10: create branding_config table for admin instance branding (Phase 10)
2026/09/06 09:00:11 schema: migration 9->10 complete
2026/09/06 09:00:11 schema: migration 10->11: Phase 11 — add per-user workflow personalization columns to users
2026/09/06 09:00:11 schema: migration 10->11 complete
2026/09/06 09:00:11 schema: migration 11->12: Phase 11 — create user_pinned_machines table
2026/09/06 09:00:11 schema: migration 11->12 complete
2026/09/06 09:00:11 schema: migration 12->13: Phase 11 — create user_saved_filters table
2026/09/06 09:00:11 schema: migration 12->13 complete
2026/09/06 09:00:11 schema: migration 13->14: Phase 11 — add welcome_message to branding_config
2026/09/06 09:00:11 schema: migration 13->14 complete
2026/09/06 09:00:11 schema: migration 14->15: Phase 12 — add notes column to machines
2026/09/06 09:00:11 schema: migration 14->15 complete
2026/09/06 09:00:11 schema: migration 15->16: Phase 12 — add cpu_temp_c column to metrics
2026/09/06 09:00:11 schema: migration 15->16 complete
2026/09/06 09:00:11 schema: migration 16->17: add nullable target_machine_id to tokens for machine-bound Windows re-enrollment
2026/09/06 09:00:11 schema: migration 16->17 complete
2026/09/06 09:00:11 schema: migration 17->18: add nullable pending_secret_hash and pending_expires_at to agent_credentials for staged Windows re-enrollment handoff
2026/09/06 09:00:11 schema: migration 17->18 complete
2026/09/06 09:00:11 schema: migration 18->19: create hub_settings key/value table (AI Sessions feature switch)
2026/09/06 09:00:11 schema: migration 18->19 complete
2026/09/06 09:00:11 schema: migration 19->20: add mint_time_script and mint-time binding columns to tokens to bind join links to mint-time configuration
2026/09/06 09:00:11 schema: migration 19->20 complete
2026/09/06 09:00:11 schema: migration 20->21: scrub raw install tokens persisted in tokens.mint_time_script
2026/09/06 09:00:11 schema: migration 20->21 complete
2026/09/06 09:00:11 schema: all migrations applied — now at version 21
2026/09/06 09:00:15 api machine created: Main (proxmox, ed2e3133-4f43-440e-a4f0-f9f5cb2b6602)
2026/09/06 09:00:15 api machine updated: Main Updated (proxmox, ed2e3133-4f43-440e-a4f0-f9f5cb2b6602)
2026/09/06 09:00:15 schema: at version 0, target 21 — applying 21 migration(s)
2026/09/06 09:00:15 schema: migration 0->1: baseline schema: create all tables and indexes
2026/09/06 09:00:16 schema: migration 0->1 complete
2026/09/06 09:00:16 schema: migration 1->2: add tags, terminal_pin_hash, password_changed, pin_changed columns
2026/09/06 09:00:16 schema: migration 1->2 complete
2026/09/06 09:00:16 schema: migration 2->3: add agent_credentials table for durable enrollment
2026/09/06 09:00:16 schema: migration 2->3 complete
2026/09/06 09:00:16 schema: migration 3->4: add source_ip and user_id to terminal_sessions for audit logging
2026/09/06 09:00:16 schema: migration 3->4 complete
2026/09/06 09:00:16 schema: migration 4->5: add api_machines table for API-polled machines
2026/09/06 09:00:16 schema: migration 4->5 complete
2026/09/06 09:00:16 schema: migration 5->6: add tls_config to api_machines for per-machine TLS trust
2026/09/06 09:00:16 schema: migration 5->6 complete
2026/09/06 09:00:16 schema: migration 6->7: add role column to users for RBAC
2026/09/06 09:00:16 schema: migration 6->7 complete
2026/09/06 09:00:16 schema: migration 7->8: add hardware_info JSON column to machines for static spec snapshots
2026/09/06 09:00:16 schema: migration 7->8 complete
2026/09/06 09:00:16 schema: migration 8->9: add theme_name and theme_mode columns to users for per-user theme prefs
2026/09/06 09:00:16 schema: migration 8->9 complete
2026/09/06 09:00:16 schema: migration 9->10: create branding_config table for admin instance branding (Phase 10)
2026/09/06 09:00:16 schema: migration 9->10 complete
2026/09/06 09:00:16 schema: migration 10->11: Phase 11 — add per-user workflow personalization columns to users
2026/09/06 09:00:16 schema: migration 10->11 complete
2026/09/06 09:00:16 schema: migration 11->12: Phase 11 — create user_pinned_machines table
2026/09/06 09:00:16 schema: migration 11->12 complete
2026/09/06 09:00:16 schema: migration 12->13: Phase 11 — create user_saved_filters table
2026/09/06 09:00:16 schema: migration 12->13 complete
2026/09/06 09:00:16 schema: migration 13->14: Phase 11 — add welcome_message to branding_config
2026/09/06 09:00:16 schema: migration 13->14 complete
2026/09/06 09:00:16 schema: migration 14->15: Phase 12 — add notes column to machines
2026/09/06 09:00:16 schema: migration 14->15 complete
2026/09/06 09:00:16 schema: migration 15->16: Phase 12 — add cpu_temp_c column to metrics
2026/09/06 09:00:16 schema: migration 15->16 complete
2026/09/06 09:00:16 schema: migration 16->17: add nullable target_machine_id to tokens for machine-bound Windows re-enrollment
2026/09/06 09:00:16 schema: migration 16->17 complete
2026/09/06 09:00:16 schema: migration 17->18: add nullable pending_secret_hash and pending_expires_at to agent_credentials for staged Windows re-enrollment handoff
2026/09/06 09:00:16 schema: migration 17->18 complete
2026/09/06 09:00:16 schema: migration 18->19: create hub_settings key/value table (AI Sessions feature switch)
2026/09/06 09:00:16 schema: migration 18->19 complete
2026/09/06 09:00:16 schema: migration 19->20: add mint_time_script and mint-time binding columns to tokens to bind join links to mint-time configuration
2026/09/06 09:00:16 schema: migration 19->20 complete
2026/09/06 09:00:16 schema: migration 20->21: scrub raw install tokens persisted in tokens.mint_time_script
2026/09/06 09:00:16 schema: migration 20->21 complete
2026/09/06 09:00:16 schema: all migrations applied — now at version 21
2026/09/06 09:00:20 api machine created: MyNAS (synology, 57267665-8301-4905-997f-d3410d82828a)
2026/09/06 09:00:20 schema: at version 0, target 21 — applying 21 migration(s)
2026/09/06 09:00:20 schema: migration 0->1: baseline schema: create all tables and indexes
2026/09/06 09:00:20 schema: migration 0->1 complete
2026/09/06 09:00:20 schema: migration 1->2: add tags, terminal_pin_hash, password_changed, pin_changed columns
2026/09/06 09:00:20 schema: migration 1->2 complete
2026/09/06 09:00:20 schema: migration 2->3: add agent_credentials table for durable enrollment
2026/09/06 09:00:20 schema: migration 2->3 complete
2026/09/06 09:00:20 schema: migration 3->4: add source_ip and user_id to terminal_sessions for audit logging
2026/09/06 09:00:20 schema: migration 3->4 complete
2026/09/06 09:00:20 schema: migration 4->5: add api_machines table for API-polled machines
2026/09/06 09:00:20 schema: migration 4->5 complete
2026/09/06 09:00:20 schema: migration 5->6: add tls_config to api_machines for per-machine TLS trust
2026/09/06 09:00:20 schema: migration 5->6 complete
2026/09/06 09:00:20 schema: migration 6->7: add role column to users for RBAC
2026/09/06 09:00:20 schema: migration 6->7 complete
2026/09/06 09:00:20 schema: migration 7->8: add hardware_info JSON column to machines for static spec snapshots
2026/09/06 09:00:20 schema: migration 7->8 complete
2026/09/06 09:00:20 schema: migration 8->9: add theme_name and theme_mode columns to users for per-user theme prefs
2026/09/06 09:00:20 schema: migration 8->9 complete
2026/09/06 09:00:20 schema: migration 9->10: create branding_config table for admin instance branding (Phase 10)
2026/09/06 09:00:20 schema: migration 9->10 complete
2026/09/06 09:00:20 schema: migration 10->11: Phase 11 — add per-user workflow personalization columns to users
2026/09/06 09:00:20 schema: migration 10->11 complete
2026/09/06 09:00:20 schema: migration 11->12: Phase 11 — create user_pinned_machines table
2026/09/06 09:00:20 schema: migration 11->12 complete
2026/09/06 09:00:20 schema: migration 12->13: Phase 11 — create user_saved_filters table
2026/09/06 09:00:20 schema: migration 12->13 complete
2026/09/06 09:00:20 schema: migration 13->14: Phase 11 — add welcome_message to branding_config
2026/09/06 09:00:20 schema: migration 13->14 complete
2026/09/06 09:00:20 schema: migration 14->15: Phase 12 — add notes column to machines
2026/09/06 09:00:20 schema: migration 14->15 complete
2026/09/06 09:00:20 schema: migration 15->16: Phase 12 — add cpu_temp_c column to metrics
2026/09/06 09:00:20 schema: migration 15->16 complete
2026/09/06 09:00:20 schema: migration 16->17: add nullable target_machine_id to tokens for machine-bound Windows re-enrollment
2026/09/06 09:00:20 schema: migration 16->17 complete
2026/09/06 09:00:20 schema: migration 17->18: add nullable pending_secret_hash and pending_expires_at to agent_credentials for staged Windows re-enrollment handoff
2026/09/06 09:00:20 schema: migration 17->18 complete
2026/09/06 09:00:20 schema: migration 18->19: create hub_settings key/value table (AI Sessions feature switch)
2026/09/06 09:00:21 schema: migration 18->19 complete
2026/09/06 09:00:21 schema: migration 19->20: add mint_time_script and mint-time binding columns to tokens to bind join links to mint-time configuration
2026/09/06 09:00:21 schema: migration 19->20 complete
2026/09/06 09:00:21 schema: migration 20->21: scrub raw install tokens persisted in tokens.mint_time_script
2026/09/06 09:00:21 schema: migration 20->21 complete
2026/09/06 09:00:21 schema: all migrations applied — now at version 21
2026/09/06 09:00:25 schema: at version 0, target 21 — applying 21 migration(s)
2026/09/06 09:00:25 schema: migration 0->1: baseline schema: create all tables and indexes
2026/09/06 09:00:25 schema: migration 0->1 complete
2026/09/06 09:00:25 schema: migration 1->2: add tags, terminal_pin_hash, password_changed, pin_changed columns
2026/09/06 09:00:25 schema: migration 1->2 complete
2026/09/06 09:00:25 schema: migration 2->3: add agent_credentials table for durable enrollment
2026/09/06 09:00:25 schema: migration 2->3 complete
2026/09/06 09:00:25 schema: migration 3->4: add source_ip and user_id to terminal_sessions for audit logging
2026/09/06 09:00:25 schema: migration 3->4 complete
2026/09/06 09:00:25 schema: migration 4->5: add api_machines table for API-polled machines
2026/09/06 09:00:25 schema: migration 4->5 complete
2026/09/06 09:00:25 schema: migration 5->6: add tls_config to api_machines for per-machine TLS trust
2026/09/06 09:00:25 schema: migration 5->6 complete
2026/09/06 09:00:25 schema: migration 6->7: add role column to users for RBAC
2026/09/06 09:00:25 schema: migration 6->7 complete
2026/09/06 09:00:25 schema: migration 7->8: add hardware_info JSON column to machines for static spec snapshots
2026/09/06 09:00:25 schema: migration 7->8 complete
2026/09/06 09:00:25 schema: migration 8->9: add theme_name and theme_mode columns to users for per-user theme prefs
2026/09/06 09:00:25 schema: migration 8->9 complete
2026/09/06 09:00:25 schema: migration 9->10: create branding_config table for admin instance branding (Phase 10)
2026/09/06 09:00:25 schema: migration 9->10 complete
2026/09/06 09:00:25 schema: migration 10->11: Phase 11 — add per-user workflow personalization columns to users
2026/09/06 09:00:25 schema: migration 10->11 complete
2026/09/06 09:00:25 schema: migration 11->12: Phase 11 — create user_pinned_machines table
2026/09/06 09:00:25 schema: migration 11->12 complete
2026/09/06 09:00:25 schema: migration 12->13: Phase 11 — create user_saved_filters table
2026/09/06 09:00:25 schema: migration 12->13 complete
2026/09/06 09:00:25 schema: migration 13->14: Phase 11 — add welcome_message to branding_config
2026/09/06 09:00:25 schema: migration 13->14 complete
2026/09/06 09:00:25 schema: migration 14->15: Phase 12 — add notes column to machines
2026/09/06 09:00:25 schema: migration 14->15 complete
2026/09/06 09:00:25 schema: migration 15->16: Phase 12 — add cpu_temp_c column to metrics
2026/09/06 09:00:25 schema: migration 15->16 complete
2026/09/06 09:00:25 schema: migration 16->17: add nullable target_machine_id to tokens for machine-bound Windows re-enrollment
2026/09/06 09:00:25 schema: migration 16->17 complete
2026/09/06 09:00:25 schema: migration 17->18: add nullable pending_secret_hash and pending_expires_at to agent_credentials for staged Windows re-enrollment handoff
2026/09/06 09:00:25 schema: migration 17->18 complete
2026/09/06 09:00:25 schema: migration 18->19: create hub_settings key/value table (AI Sessions feature switch)
2026/09/06 09:00:25 schema: migration 18->19 complete
2026/09/06 09:00:25 schema: migration 19->20: add mint_time_script and mint-time binding columns to tokens to bind join links to mint-time configuration
2026/09/06 09:00:25 schema: migration 19->20 complete
2026/09/06 09:00:25 schema: migration 20->21: scrub raw install tokens persisted in tokens.mint_time_script
2026/09/06 09:00:25 schema: migration 20->21 complete
2026/09/06 09:00:25 schema: all migrations applied — now at version 21
2026/09/06 09:00:27 schema: at version 0, target 21 — applying 21 migration(s)
2026/09/06 09:00:27 schema: migration 0->1: baseline schema: create all tables and indexes
2026/09/06 09:00:27 schema: migration 0->1 complete
2026/09/06 09:00:27 schema: migration 1->2: add tags, terminal_pin_hash, password_changed, pin_changed columns
2026/09/06 09:00:27 schema: migration 1->2 complete
2026/09/06 09:00:27 schema: migration 2->3: add agent_credentials table for durable enrollment
2026/09/06 09:00:27 schema: migration 2->3 complete
2026/09/06 09:00:27 schema: migration 3->4: add source_ip and user_id to terminal_sessions for audit logging
2026/09/06 09:00:27 schema: migration 3->4 complete
2026/09/06 09:00:27 schema: migration 4->5: add api_machines table for API-polled machines
2026/09/06 09:00:27 schema: migration 4->5 complete
2026/09/06 09:00:27 schema: migration 5->6: add tls_config to api_machines for per-machine TLS trust
2026/09/06 09:00:27 schema: migration 5->6 complete
2026/09/06 09:00:27 schema: migration 6->7: add role column to users for RBAC
2026/09/06 09:00:27 schema: migration 6->7 complete
2026/09/06 09:00:27 schema: migration 7->8: add hardware_info JSON column to machines for static spec snapshots
2026/09/06 09:00:27 schema: migration 7->8 complete
2026/09/06 09:00:27 schema: migration 8->9: add theme_name and theme_mode columns to users for per-user theme prefs
2026/09/06 09:00:27 schema: migration 8->9 complete
2026/09/06 09:00:27 schema: migration 9->10: create branding_config table for admin instance branding (Phase 10)
2026/09/06 09:00:27 schema: migration 9->10 complete
2026/09/06 09:00:27 schema: migration 10->11: Phase 11 — add per-user workflow personalization columns to users
2026/09/06 09:00:28 schema: migration 10->11 complete
2026/09/06 09:00:28 schema: migration 11->12: Phase 11 — create user_pinned_machines table
2026/09/06 09:00:28 schema: migration 11->12 complete
2026/09/06 09:00:28 schema: migration 12->13: Phase 11 — create user_saved_filters table
2026/09/06 09:00:28 schema: migration 12->13 complete
2026/09/06 09:00:28 schema: migration 13->14: Phase 11 — add welcome_message to branding_config
2026/09/06 09:00:28 schema: migration 13->14 complete
2026/09/06 09:00:28 schema: migration 14->15: Phase 12 — add notes column to machines
2026/09/06 09:00:28 schema: migration 14->15 complete
2026/09/06 09:00:28 schema: migration 15->16: Phase 12 — add cpu_temp_c column to metrics
2026/09/06 09:00:28 schema: migration 15->16 complete
2026/09/06 09:00:28 schema: migration 16->17: add nullable target_machine_id to tokens for machine-bound Windows re-enrollment
2026/09/06 09:00:28 schema: migration 16->17 complete
2026/09/06 09:00:28 schema: migration 17->18: add nullable pending_secret_hash and pending_expires_at to agent_credentials for staged Windows re-enrollment handoff
2026/09/06 09:00:28 schema: migration 17->18 complete
2026/09/06 09:00:28 schema: migration 18->19: create hub_settings key/value table (AI Sessions feature switch)
2026/09/06 09:00:28 schema: migration 18->19 complete
2026/09/06 09:00:28 schema: migration 19->20: add mint_time_script and mint-time binding columns to tokens to bind join links to mint-time configuration
2026/09/06 09:00:28 schema: migration 19->20 complete
2026/09/06 09:00:28 schema: migration 20->21: scrub raw install tokens persisted in tokens.mint_time_script
2026/09/06 09:00:28 schema: migration 20->21 complete
2026/09/06 09:00:28 schema: all migrations applied — now at version 21
2026/09/06 09:00:31 schema: at version 0, target 21 — applying 21 migration(s)
2026/09/06 09:00:31 schema: migration 0->1: baseline schema: create all tables and indexes
2026/09/06 09:00:31 schema: migration 0->1 complete
2026/09/06 09:00:31 schema: migration 1->2: add tags, terminal_pin_hash, password_changed, pin_changed columns
2026/09/06 09:00:31 schema: migration 1->2 complete
2026/09/06 09:00:31 schema: migration 2->3: add agent_credentials table for durable enrollment
2026/09/06 09:00:31 schema: migration 2->3 complete
2026/09/06 09:00:31 schema: migration 3->4: add source_ip and user_id to terminal_sessions for audit logging
2026/09/06 09:00:31 schema: migration 3->4 complete
2026/09/06 09:00:31 schema: migration 4->5: add api_machines table for API-polled machines
2026/09/06 09:00:31 schema: migration 4->5 complete
2026/09/06 09:00:31 schema: migration 5->6: add tls_config to api_machines for per-machine TLS trust
2026/09/06 09:00:31 schema: migration 5->6 complete
2026/09/06 09:00:31 schema: migration 6->7: add role column to users for RBAC
2026/09/06 09:00:31 schema: migration 6->7 complete
2026/09/06 09:00:31 schema: migration 7->8: add hardware_info JSON column to machines for static spec snapshots
2026/09/06 09:00:31 schema: migration 7->8 complete
2026/09/06 09:00:31 schema: migration 8->9: add theme_name and theme_mode columns to users for per-user theme prefs
2026/09/06 09:00:31 schema: migration 8->9 complete
2026/09/06 09:00:31 schema: migration 9->10: create branding_config table for admin instance branding (Phase 10)
2026/09/06 09:00:31 schema: migration 9->10 complete
2026/09/06 09:00:31 schema: migration 10->11: Phase 11 — add per-user workflow personalization columns to users
2026/09/06 09:00:31 schema: migration 10->11 complete
2026/09/06 09:00:31 schema: migration 11->12: Phase 11 — create user_pinned_machines table
2026/09/06 09:00:31 schema: migration 11->12 complete
2026/09/06 09:00:31 schema: migration 12->13: Phase 11 — create user_saved_filters table
2026/09/06 09:00:31 schema: migration 12->13 complete
2026/09/06 09:00:31 schema: migration 13->14: Phase 11 — add welcome_message to branding_config
2026/09/06 09:00:31 schema: migration 13->14 complete
2026/09/06 09:00:31 schema: migration 14->15: Phase 12 — add notes column to machines
2026/09/06 09:00:31 schema: migration 14->15 complete
2026/09/06 09:00:31 schema: migration 15->16: Phase 12 — add cpu_temp_c column to metrics
2026/09/06 09:00:31 schema: migration 15->16 complete
2026/09/06 09:00:31 schema: migration 16->17: add nullable target_machine_id to tokens for machine-bound Windows re-enrollment
2026/09/06 09:00:31 schema: migration 16->17 complete
2026/09/06 09:00:31 schema: migration 17->18: add nullable pending_secret_hash and pending_expires_at to agent_credentials for staged Windows re-enrollment handoff
2026/09/06 09:00:31 schema: migration 17->18 complete
2026/09/06 09:00:31 schema: migration 18->19: create hub_settings key/value table (AI Sessions feature switch)
2026/09/06 09:00:31 schema: migration 18->19 complete
2026/09/06 09:00:31 schema: migration 19->20: add mint_time_script and mint-time binding columns to tokens to bind join links to mint-time configuration
2026/09/06 09:00:31 schema: migration 19->20 complete
2026/09/06 09:00:31 schema: migration 20->21: scrub raw install tokens persisted in tokens.mint_time_script
2026/09/06 09:00:31 schema: migration 20->21 complete
2026/09/06 09:00:31 schema: all migrations applied — now at version 21
2026/09/06 09:00:35 schema: at version 0, target 21 — applying 21 migration(s)
2026/09/06 09:00:35 schema: migration 0->1: baseline schema: create all tables and indexes
2026/09/06 09:00:35 schema: migration 0->1 complete
2026/09/06 09:00:35 schema: migration 1->2: add tags, terminal_pin_hash, password_changed, pin_changed columns
2026/09/06 09:00:35 schema: migration 1->2 complete
2026/09/06 09:00:35 schema: migration 2->3: add agent_credentials table for durable enrollment
2026/09/06 09:00:35 schema: migration 2->3 complete
2026/09/06 09:00:35 schema: migration 3->4: add source_ip and user_id to terminal_sessions for audit logging
2026/09/06 09:00:35 schema: migration 3->4 complete
2026/09/06 09:00:35 schema: migration 4->5: add api_machines table for API-polled machines
2026/09/06 09:00:35 schema: migration 4->5 complete
2026/09/06 09:00:35 schema: migration 5->6: add tls_config to api_machines for per-machine TLS trust
2026/09/06 09:00:35 schema: migration 5->6 complete
2026/09/06 09:00:35 schema: migration 6->7: add role column to users for RBAC
2026/09/06 09:00:35 schema: migration 6->7 complete
2026/09/06 09:00:35 schema: migration 7->8: add hardware_info JSON column to machines for static spec snapshots
2026/09/06 09:00:35 schema: migration 7->8 complete
2026/09/06 09:00:35 schema: migration 8->9: add theme_name and theme_mode columns to users for per-user theme prefs
2026/09/06 09:00:35 schema: migration 8->9 complete
2026/09/06 09:00:35 schema: migration 9->10: create branding_config table for admin instance branding (Phase 10)
2026/09/06 09:00:35 schema: migration 9->10 complete
2026/09/06 09:00:35 schema: migration 10->11: Phase 11 — add per-user workflow personalization columns to users
2026/09/06 09:00:35 schema: migration 10->11 complete
2026/09/06 09:00:35 schema: migration 11->12: Phase 11 — create user_pinned_machines table
2026/09/06 09:00:35 schema: migration 11->12 complete
2026/09/06 09:00:35 schema: migration 12->13: Phase 11 — create user_saved_filters table
2026/09/06 09:00:35 schema: migration 12->13 complete
2026/09/06 09:00:35 schema: migration 13->14: Phase 11 — add welcome_message to branding_config
2026/09/06 09:00:35 schema: migration 13->14 complete
2026/09/06 09:00:35 schema: migration 14->15: Phase 12 — add notes column to machines
2026/09/06 09:00:35 schema: migration 14->15 complete
2026/09/06 09:00:35 schema: migration 15->16: Phase 12 — add cpu_temp_c column to metrics
2026/09/06 09:00:35 schema: migration 15->16 complete
2026/09/06 09:00:35 schema: migration 16->17: add nullable target_machine_id to tokens for machine-bound Windows re-enrollment
2026/09/06 09:00:35 schema: migration 16->17 complete
2026/09/06 09:00:35 schema: migration 17->18: add nullable pending_secret_hash and pending_expires_at to agent_credentials for staged Windows re-enrollment handoff
2026/09/06 09:00:35 schema: migration 17->18 complete
2026/09/06 09:00:35 schema: migration 18->19: create hub_settings key/value table (AI Sessions feature switch)
2026/09/06 09:00:35 schema: migration 18->19 complete
2026/09/06 09:00:35 schema: migration 19->20: add mint_time_script and mint-time binding columns to tokens to bind join links to mint-time configuration
2026/09/06 09:00:35 schema: migration 19->20 complete
2026/09/06 09:00:35 schema: migration 20->21: scrub raw install tokens persisted in tokens.mint_time_script
2026/09/06 09:00:35 schema: migration 20->21 complete
2026/09/06 09:00:35 schema: all migrations applied — now at version 21
2026/09/06 09:00:37 agent secret validation failed: invalid agent secret
2026/09/06 09:00:37 agent secret validation failed: invalid agent secret
2026/09/06 09:00:37 agent secret validation failed: invalid agent secret
2026/09/06 09:00:37 agent secret validation failed: invalid agent secret
2026/09/06 09:00:37 agent secret validation failed: invalid agent secret
2026/09/06 09:00:37 agent secret validation failed: invalid agent secret
2026/09/06 09:00:37 agent secret validation failed: invalid agent secret
2026/09/06 09:00:37 agent secret validation failed: invalid agent secret
2026/09/06 09:00:37 agent secret validation failed: invalid agent secret
2026/09/06 09:00:37 agent secret validation failed: invalid agent secret
2026/09/06 09:00:37 agent secret validation failed: invalid agent secret
2026/09/06 09:00:37 agent secret validation failed: invalid agent secret
2026/09/06 09:00:37 agent secret validation failed: invalid agent secret
2026/09/06 09:00:37 agent secret validation failed: invalid agent secret
2026/09/06 09:00:37 agent secret validation failed: invalid agent secret
2026/09/06 09:00:37 agent secret validation failed: invalid agent secret
2026/09/06 09:00:37 agent secret validation failed: invalid agent secret
2026/09/06 09:00:37 agent secret validation failed: invalid agent secret
2026/09/06 09:00:37 agent secret validation failed: invalid agent secret
2026/09/06 09:00:37 agent secret validation failed: invalid agent secret
2026/09/06 09:00:37 agent secret validation failed: invalid agent secret
2026/09/06 09:00:37 agent secret validation failed: invalid agent secret
2026/09/06 09:00:37 agent secret validation failed: invalid agent secret
2026/09/06 09:00:37 agent secret validation failed: invalid agent secret
2026/09/06 09:00:37 agent secret validation failed: invalid agent secret
2026/09/06 09:00:37 agent secret validation failed: invalid agent secret
2026/09/06 09:00:37 agent secret validation failed: invalid agent secret
2026/09/06 09:00:37 agent secret validation failed: invalid agent secret
2026/09/06 09:00:37 agent secret validation failed: invalid agent secret
2026/09/06 09:00:37 agent secret validation failed: invalid agent secret
2026/09/06 09:00:37 rate limit exceeded: ws_agent from 10.99.0.1
2026/09/06 09:00:37 schema: at version 0, target 21 — applying 21 migration(s)
2026/09/06 09:00:37 schema: migration 0->1: baseline schema: create all tables and indexes
2026/09/06 09:00:37 schema: migration 0->1 complete
2026/09/06 09:00:37 schema: migration 1->2: add tags, terminal_pin_hash, password_changed, pin_changed columns
2026/09/06 09:00:37 schema: migration 1->2 complete
2026/09/06 09:00:37 schema: migration 2->3: add agent_credentials table for durable enrollment
2026/09/06 09:00:37 schema: migration 2->3 complete
2026/09/06 09:00:37 schema: migration 3->4: add source_ip and user_id to terminal_sessions for audit logging
2026/09/06 09:00:37 schema: migration 3->4 complete
2026/09/06 09:00:37 schema: migration 4->5: add api_machines table for API-polled machines
2026/09/06 09:00:37 schema: migration 4->5 complete
2026/09/06 09:00:37 schema: migration 5->6: add tls_config to api_machines for per-machine TLS trust
2026/09/06 09:00:38 schema: migration 5->6 complete
2026/09/06 09:00:38 schema: migration 6->7: add role column to users for RBAC
2026/09/06 09:00:38 schema: migration 6->7 complete
2026/09/06 09:00:38 schema: migration 7->8: add hardware_info JSON column to machines for static spec snapshots
2026/09/06 09:00:38 schema: migration 7->8 complete
2026/09/06 09:00:38 schema: migration 8->9: add theme_name and theme_mode columns to users for per-user theme prefs
2026/09/06 09:00:38 schema: migration 8->9 complete
2026/09/06 09:00:38 schema: migration 9->10: create branding_config table for admin instance branding (Phase 10)
2026/09/06 09:00:38 schema: migration 9->10 complete
2026/09/06 09:00:38 schema: migration 10->11: Phase 11 — add per-user workflow personalization columns to users
2026/09/06 09:00:38 schema: migration 10->11 complete
2026/09/06 09:00:38 schema: migration 11->12: Phase 11 — create user_pinned_machines table
2026/09/06 09:00:38 schema: migration 11->12 complete
2026/09/06 09:00:38 schema: migration 12->13: Phase 11 — create user_saved_filters table
2026/09/06 09:00:38 schema: migration 12->13 complete
2026/09/06 09:00:38 schema: migration 13->14: Phase 11 — add welcome_message to branding_config
2026/09/06 09:00:38 schema: migration 13->14 complete
2026/09/06 09:00:38 schema: migration 14->15: Phase 12 — add notes column to machines
2026/09/06 09:00:38 schema: migration 14->15 complete
2026/09/06 09:00:38 schema: migration 15->16: Phase 12 — add cpu_temp_c column to metrics
2026/09/06 09:00:38 schema: migration 15->16 complete
2026/09/06 09:00:38 schema: migration 16->17: add nullable target_machine_id to tokens for machine-bound Windows re-enrollment
2026/09/06 09:00:38 schema: migration 16->17 complete
2026/09/06 09:00:38 schema: migration 17->18: add nullable pending_secret_hash and pending_expires_at to agent_credentials for staged Windows re-enrollment handoff
2026/09/06 09:00:38 schema: migration 17->18 complete
2026/09/06 09:00:38 schema: migration 18->19: create hub_settings key/value table (AI Sessions feature switch)
2026/09/06 09:00:38 schema: migration 18->19 complete
2026/09/06 09:00:38 schema: migration 19->20: add mint_time_script and mint-time binding columns to tokens to bind join links to mint-time configuration
2026/09/06 09:00:38 schema: migration 19->20 complete
2026/09/06 09:00:38 schema: migration 20->21: scrub raw install tokens persisted in tokens.mint_time_script
2026/09/06 09:00:38 schema: migration 20->21 complete
2026/09/06 09:00:38 schema: all migrations applied — now at version 21
2026/09/06 09:00:41 agent secret validation failed: invalid agent secret
2026/09/06 09:00:41 agent secret validation failed: invalid agent secret
2026/09/06 09:00:41 agent secret validation failed: invalid agent secret
2026/09/06 09:00:41 agent secret validation failed: invalid agent secret
2026/09/06 09:00:41 agent secret validation failed: invalid agent secret
2026/09/06 09:00:41 agent secret validation failed: invalid agent secret
2026/09/06 09:00:41 agent secret validation failed: invalid agent secret
2026/09/06 09:00:41 agent secret validation failed: invalid agent secret
2026/09/06 09:00:41 agent secret validation failed: invalid agent secret
2026/09/06 09:00:41 agent secret validation failed: invalid agent secret
2026/09/06 09:00:41 agent secret validation failed: invalid agent secret
2026/09/06 09:00:41 agent secret validation failed: invalid agent secret
2026/09/06 09:00:41 agent secret validation failed: invalid agent secret
2026/09/06 09:00:41 agent secret validation failed: invalid agent secret
2026/09/06 09:00:41 agent secret validation failed: invalid agent secret
2026/09/06 09:00:41 agent secret validation failed: invalid agent secret
2026/09/06 09:00:41 agent secret validation failed: invalid agent secret
2026/09/06 09:00:41 agent secret validation failed: invalid agent secret
2026/09/06 09:00:41 agent secret validation failed: invalid agent secret
2026/09/06 09:00:41 agent secret validation failed: invalid agent secret
2026/09/06 09:00:41 agent secret validation failed: invalid agent secret
2026/09/06 09:00:41 agent secret validation failed: invalid agent secret
2026/09/06 09:00:41 agent secret validation failed: invalid agent secret
2026/09/06 09:00:41 agent secret validation failed: invalid agent secret
2026/09/06 09:00:41 agent secret validation failed: invalid agent secret
2026/09/06 09:00:41 agent secret validation failed: invalid agent secret
2026/09/06 09:00:41 agent secret validation failed: invalid agent secret
2026/09/06 09:00:41 agent secret validation failed: invalid agent secret
2026/09/06 09:00:41 agent secret validation failed: invalid agent secret
2026/09/06 09:00:41 agent secret validation failed: invalid agent secret
2026/09/06 09:00:41 rate limit exceeded: ws_agent from 10.99.0.1
2026/09/06 09:00:41 agent secret validation failed: invalid agent secret
2026/09/06 09:00:41 goroutine test/string_panic_returns_true: PANIC recovered: boom
goroutine 5000 [running]:
runtime/debug.Stack()
	/home/jules/go/pkg/mod/golang.org/toolchain@v0.0.1-go1.25.0.linux-amd64/src/runtime/debug/stack.go:26 +0x68
github.com/bokiko/bloxos/hub.runWithRecover.func1()
	/app/hub/safety.go:26 +0x6a
panic({0x13350c0?, 0x1582e20?})
	/home/jules/go/pkg/mod/golang.org/toolchain@v0.0.1-go1.25.0.linux-amd64/src/runtime/panic.go:783 +0x132
github.com/bokiko/bloxos/hub.TestRunWithRecoverCatchesPanic.func2()
	/app/hub/main_test.go:2824 +0x2b
github.com/bokiko/bloxos/hub.runWithRecover({0xc0004e5160, 0x1e}, 0x147bf50)
	/app/hub/safety.go:30 +0xa8
github.com/bokiko/bloxos/hub.TestRunWithRecoverCatchesPanic.func6(0xc00036e540)
	/app/hub/main_test.go:2850 +0xcc
testing.tRunner(0xc00036e540, 0xc0003c0660)
	/home/jules/go/pkg/mod/golang.org/toolchain@v0.0.1-go1.25.0.linux-amd64/src/testing/testing.go:1934 +0x21d
created by testing.(*T).Run in goroutine 4998
	/home/jules/go/pkg/mod/golang.org/toolchain@v0.0.1-go1.25.0.linux-amd64/src/testing/testing.go:1997 +0x9d3
2026/09/06 09:00:41 goroutine test/error_panic_returns_true: PANIC recovered: typed
goroutine 4716 [running]:
runtime/debug.Stack()
	/home/jules/go/pkg/mod/golang.org/toolchain@v0.0.1-go1.25.0.linux-amd64/src/runtime/debug/stack.go:26 +0x68
github.com/bokiko/bloxos/hub.runWithRecover.func1()
	/app/hub/safety.go:26 +0x6a
panic({0x1352580?, 0xc000541180?})
	/home/jules/go/pkg/mod/golang.org/toolchain@v0.0.1-go1.25.0.linux-amd64/src/runtime/panic.go:783 +0x132
github.com/bokiko/bloxos/hub.TestRunWithRecoverCatchesPanic.func3()
	/app/hub/main_test.go:2829 +0x6c
github.com/bokiko/bloxos/hub.runWithRecover({0xc00002ca40, 0x1d}, 0x147bf58)
	/app/hub/safety.go:30 +0xa8
github.com/bokiko/bloxos/hub.TestRunWithRecoverCatchesPanic.func6(0xc00041aa80)
	/app/hub/main_test.go:2850 +0xcc
testing.tRunner(0xc00041aa80, 0xc0002ec2a0)
	/home/jules/go/pkg/mod/golang.org/toolchain@v0.0.1-go1.25.0.linux-amd64/src/testing/testing.go:1934 +0x21d
created by testing.(*T).Run in goroutine 4998
	/home/jules/go/pkg/mod/golang.org/toolchain@v0.0.1-go1.25.0.linux-amd64/src/testing/testing.go:1997 +0x9d3
2026/09/06 09:00:41 goroutine test/nil_panic_returns_true: PANIC recovered: panic called with nil argument
goroutine 4717 [running]:
runtime/debug.Stack()
	/home/jules/go/pkg/mod/golang.org/toolchain@v0.0.1-go1.25.0.linux-amd64/src/runtime/debug/stack.go:26 +0x68
github.com/bokiko/bloxos/hub.runWithRecover.func1()
	/app/hub/safety.go:26 +0x6a
panic({0x0?, 0x0?})
	/home/jules/go/pkg/mod/golang.org/toolchain@v0.0.1-go1.25.0.linux-amd64/src/runtime/panic.go:783 +0x132
github.com/bokiko/bloxos/hub.TestRunWithRecoverCatchesPanic.func4()
	/app/hub/main_test.go:2834 +0x25
github.com/bokiko/bloxos/hub.runWithRecover({0xc00002ca80, 0x1b}, 0x147bf60)
	/app/hub/safety.go:30 +0xa8
github.com/bokiko/bloxos/hub.TestRunWithRecoverCatchesPanic.func6(0xc00041ac40)
	/app/hub/main_test.go:2850 +0xcc
testing.tRunner(0xc00041ac40, 0xc0002ec300)
	/home/jules/go/pkg/mod/golang.org/toolchain@v0.0.1-go1.25.0.linux-amd64/src/testing/testing.go:1934 +0x21d
created by testing.(*T).Run in goroutine 4998
	/home/jules/go/pkg/mod/golang.org/toolchain@v0.0.1-go1.25.0.linux-amd64/src/testing/testing.go:1997 +0x9d3
2026/09/06 09:00:41 goroutine test/runtime_panic_returns_true: PANIC recovered: runtime error: invalid memory address or nil pointer dereference
goroutine 4718 [running]:
runtime/debug.Stack()
	/home/jules/go/pkg/mod/golang.org/toolchain@v0.0.1-go1.25.0.linux-amd64/src/runtime/debug/stack.go:26 +0x68
github.com/bokiko/bloxos/hub.runWithRecover.func1()
	/app/hub/safety.go:26 +0x6a
panic({0x135b9a0?, 0x1acd760?})
	/home/jules/go/pkg/mod/golang.org/toolchain@v0.0.1-go1.25.0.linux-amd64/src/runtime/panic.go:783 +0x132
github.com/bokiko/bloxos/hub.TestRunWithRecoverCatchesPanic.func5()
	/app/hub/main_test.go:2839 +0x1a
github.com/bokiko/bloxos/hub.runWithRecover({0xc00002cae0, 0x1f}, 0x147bf68)
	/app/hub/safety.go:30 +0xa8
github.com/bokiko/bloxos/hub.TestRunWithRecoverCatchesPanic.func6(0xc00041ae00)
	/app/hub/main_test.go:2850 +0xcc
testing.tRunner(0xc00041ae00, 0xc0002ec3f0)
	/home/jules/go/pkg/mod/golang.org/toolchain@v0.0.1-go1.25.0.linux-amd64/src/testing/testing.go:1934 +0x21d
created by testing.(*T).Run in goroutine 4998
	/home/jules/go/pkg/mod/golang.org/toolchain@v0.0.1-go1.25.0.linux-amd64/src/testing/testing.go:1997 +0x9d3
2026/09/06 09:00:41 schema: at version 0, target 21 — applying 21 migration(s)
2026/09/06 09:00:41 schema: migration 0->1: baseline schema: create all tables and indexes
2026/09/06 09:00:41 schema: migration 0->1 complete
2026/09/06 09:00:41 schema: migration 1->2: add tags, terminal_pin_hash, password_changed, pin_changed columns
2026/09/06 09:00:41 schema: migration 1->2 complete
2026/09/06 09:00:41 schema: migration 2->3: add agent_credentials table for durable enrollment
2026/09/06 09:00:41 schema: migration 2->3 complete
2026/09/06 09:00:41 schema: migration 3->4: add source_ip and user_id to terminal_sessions for audit logging
2026/09/06 09:00:41 schema: migration 3->4 complete
2026/09/06 09:00:41 schema: migration 4->5: add api_machines table for API-polled machines
2026/09/06 09:00:41 schema: migration 4->5 complete
2026/09/06 09:00:41 schema: migration 5->6: add tls_config to api_machines for per-machine TLS trust
2026/09/06 09:00:42 schema: migration 5->6 complete
2026/09/06 09:00:42 schema: migration 6->7: add role column to users for RBAC
2026/09/06 09:00:42 schema: migration 6->7 complete
2026/09/06 09:00:42 schema: migration 7->8: add hardware_info JSON column to machines for static spec snapshots
2026/09/06 09:00:42 schema: migration 7->8 complete
2026/09/06 09:00:42 schema: migration 8->9: add theme_name and theme_mode columns to users for per-user theme prefs
2026/09/06 09:00:42 schema: migration 8->9 complete
2026/09/06 09:00:42 schema: migration 9->10: create branding_config table for admin instance branding (Phase 10)
2026/09/06 09:00:42 schema: migration 9->10 complete
2026/09/06 09:00:42 schema: migration 10->11: Phase 11 — add per-user workflow personalization columns to users
2026/09/06 09:00:42 schema: migration 10->11 complete
2026/09/06 09:00:42 schema: migration 11->12: Phase 11 — create user_pinned_machines table
2026/09/06 09:00:42 schema: migration 11->12 complete
2026/09/06 09:00:42 schema: migration 12->13: Phase 11 — create user_saved_filters table
2026/09/06 09:00:42 schema: migration 12->13 complete
2026/09/06 09:00:42 schema: migration 13->14: Phase 11 — add welcome_message to branding_config
2026/09/06 09:00:42 schema: migration 13->14 complete
2026/09/06 09:00:42 schema: migration 14->15: Phase 12 — add notes column to machines
2026/09/06 09:00:42 schema: migration 14->15 complete
2026/09/06 09:00:42 schema: migration 15->16: Phase 12 — add cpu_temp_c column to metrics
2026/09/06 09:00:42 schema: migration 15->16 complete
2026/09/06 09:00:42 schema: migration 16->17: add nullable target_machine_id to tokens for machine-bound Windows re-enrollment
2026/09/06 09:00:42 schema: migration 16->17 complete
2026/09/06 09:00:42 schema: migration 17->18: add nullable pending_secret_hash and pending_expires_at to agent_credentials for staged Windows re-enrollment handoff
2026/09/06 09:00:42 schema: migration 17->18 complete
2026/09/06 09:00:42 schema: migration 18->19: create hub_settings key/value table (AI Sessions feature switch)
2026/09/06 09:00:42 schema: migration 18->19 complete
2026/09/06 09:00:42 schema: migration 19->20: add mint_time_script and mint-time binding columns to tokens to bind join links to mint-time configuration
2026/09/06 09:00:42 schema: migration 19->20 complete
2026/09/06 09:00:42 schema: migration 20->21: scrub raw install tokens persisted in tokens.mint_time_script
2026/09/06 09:00:42 schema: migration 20->21 complete
2026/09/06 09:00:42 schema: all migrations applied — now at version 21
2026/09/06 09:00:44 agent offline: test-c2-clean-exit
2026/09/06 09:00:44 schema: at version 0, target 21 — applying 21 migration(s)
2026/09/06 09:00:44 schema: migration 0->1: baseline schema: create all tables and indexes
2026/09/06 09:00:44 schema: migration 0->1 complete
2026/09/06 09:00:44 schema: migration 1->2: add tags, terminal_pin_hash, password_changed, pin_changed columns
2026/09/06 09:00:44 schema: migration 1->2 complete
2026/09/06 09:00:44 schema: migration 2->3: add agent_credentials table for durable enrollment
2026/09/06 09:00:44 schema: migration 2->3 complete
2026/09/06 09:00:44 schema: migration 3->4: add source_ip and user_id to terminal_sessions for audit logging
2026/09/06 09:00:44 schema: migration 3->4 complete
2026/09/06 09:00:44 schema: migration 4->5: add api_machines table for API-polled machines
2026/09/06 09:00:44 schema: migration 4->5 complete
2026/09/06 09:00:44 schema: migration 5->6: add tls_config to api_machines for per-machine TLS trust
2026/09/06 09:00:44 schema: migration 5->6 complete
2026/09/06 09:00:44 schema: migration 6->7: add role column to users for RBAC
2026/09/06 09:00:44 schema: migration 6->7 complete
2026/09/06 09:00:44 schema: migration 7->8: add hardware_info JSON column to machines for static spec snapshots
2026/09/06 09:00:44 schema: migration 7->8 complete
2026/09/06 09:00:44 schema: migration 8->9: add theme_name and theme_mode columns to users for per-user theme prefs
2026/09/06 09:00:44 schema: migration 8->9 complete
2026/09/06 09:00:44 schema: migration 9->10: create branding_config table for admin instance branding (Phase 10)
2026/09/06 09:00:44 schema: migration 9->10 complete
2026/09/06 09:00:44 schema: migration 10->11: Phase 11 — add per-user workflow personalization columns to users
2026/09/06 09:00:44 schema: migration 10->11 complete
2026/09/06 09:00:44 schema: migration 11->12: Phase 11 — create user_pinned_machines table
2026/09/06 09:00:44 schema: migration 11->12 complete
2026/09/06 09:00:44 schema: migration 12->13: Phase 11 — create user_saved_filters table
2026/09/06 09:00:44 schema: migration 12->13 complete
2026/09/06 09:00:44 schema: migration 13->14: Phase 11 — add welcome_message to branding_config
2026/09/06 09:00:44 schema: migration 13->14 complete
2026/09/06 09:00:44 schema: migration 14->15: Phase 12 — add notes column to machines
2026/09/06 09:00:44 schema: migration 14->15 complete
2026/09/06 09:00:44 schema: migration 15->16: Phase 12 — add cpu_temp_c column to metrics
2026/09/06 09:00:44 schema: migration 15->16 complete
2026/09/06 09:00:44 schema: migration 16->17: add nullable target_machine_id to tokens for machine-bound Windows re-enrollment
2026/09/06 09:00:44 schema: migration 16->17 complete
2026/09/06 09:00:44 schema: migration 17->18: add nullable pending_secret_hash and pending_expires_at to agent_credentials for staged Windows re-enrollment handoff
2026/09/06 09:00:45 schema: migration 17->18 complete
2026/09/06 09:00:45 schema: migration 18->19: create hub_settings key/value table (AI Sessions feature switch)
2026/09/06 09:00:45 schema: migration 18->19 complete
2026/09/06 09:00:45 schema: migration 19->20: add mint_time_script and mint-time binding columns to tokens to bind join links to mint-time configuration
2026/09/06 09:00:45 schema: migration 19->20 complete
2026/09/06 09:00:45 schema: migration 20->21: scrub raw install tokens persisted in tokens.mint_time_script
2026/09/06 09:00:45 schema: migration 20->21 complete
2026/09/06 09:00:45 schema: all migrations applied — now at version 21
2026/09/06 09:00:47 schema: at version 0, target 21 — applying 21 migration(s)
2026/09/06 09:00:47 schema: migration 0->1: baseline schema: create all tables and indexes
2026/09/06 09:00:47 schema: migration 0->1 complete
2026/09/06 09:00:47 schema: migration 1->2: add tags, terminal_pin_hash, password_changed, pin_changed columns
2026/09/06 09:00:47 schema: migration 1->2 complete
2026/09/06 09:00:47 schema: migration 2->3: add agent_credentials table for durable enrollment
2026/09/06 09:00:47 schema: migration 2->3 complete
2026/09/06 09:00:47 schema: migration 3->4: add source_ip and user_id to terminal_sessions for audit logging
2026/09/06 09:00:47 schema: migration 3->4 complete
2026/09/06 09:00:47 schema: migration 4->5: add api_machines table for API-polled machines
2026/09/06 09:00:47 schema: migration 4->5 complete
2026/09/06 09:00:47 schema: migration 5->6: add tls_config to api_machines for per-machine TLS trust
2026/09/06 09:00:47 schema: migration 5->6 complete
2026/09/06 09:00:47 schema: migration 6->7: add role column to users for RBAC
2026/09/06 09:00:47 schema: migration 6->7 complete
2026/09/06 09:00:47 schema: migration 7->8: add hardware_info JSON column to machines for static spec snapshots
2026/09/06 09:00:47 schema: migration 7->8 complete
2026/09/06 09:00:47 schema: migration 8->9: add theme_name and theme_mode columns to users for per-user theme prefs
2026/09/06 09:00:47 schema: migration 8->9 complete
2026/09/06 09:00:47 schema: migration 9->10: create branding_config table for admin instance branding (Phase 10)
2026/09/06 09:00:47 schema: migration 9->10 complete
2026/09/06 09:00:47 schema: migration 10->11: Phase 11 — add per-user workflow personalization columns to users
2026/09/06 09:00:47 schema: migration 10->11 complete
2026/09/06 09:00:47 schema: migration 11->12: Phase 11 — create user_pinned_machines table
2026/09/06 09:00:47 schema: migration 11->12 complete
2026/09/06 09:00:47 schema: migration 12->13: Phase 11 — create user_saved_filters table
2026/09/06 09:00:47 schema: migration 12->13 complete
2026/09/06 09:00:47 schema: migration 13->14: Phase 11 — add welcome_message to branding_config
2026/09/06 09:00:47 schema: migration 13->14 complete
2026/09/06 09:00:47 schema: migration 14->15: Phase 12 — add notes column to machines
2026/09/06 09:00:47 schema: migration 14->15 complete
2026/09/06 09:00:47 schema: migration 15->16: Phase 12 — add cpu_temp_c column to metrics
2026/09/06 09:00:47 schema: migration 15->16 complete
2026/09/06 09:00:47 schema: migration 16->17: add nullable target_machine_id to tokens for machine-bound Windows re-enrollment
2026/09/06 09:00:47 schema: migration 16->17 complete
2026/09/06 09:00:47 schema: migration 17->18: add nullable pending_secret_hash and pending_expires_at to agent_credentials for staged Windows re-enrollment handoff
2026/09/06 09:00:47 schema: migration 17->18 complete
2026/09/06 09:00:47 schema: migration 18->19: create hub_settings key/value table (AI Sessions feature switch)
2026/09/06 09:00:47 schema: migration 18->19 complete
2026/09/06 09:00:47 schema: migration 19->20: add mint_time_script and mint-time binding columns to tokens to bind join links to mint-time configuration
2026/09/06 09:00:47 schema: migration 19->20 complete
2026/09/06 09:00:47 schema: migration 20->21: scrub raw install tokens persisted in tokens.mint_time_script
2026/09/06 09:00:47 schema: migration 20->21 complete
2026/09/06 09:00:47 schema: all migrations applied — now at version 21
2026/09/06 09:00:50 schema: at version 0, target 21 — applying 21 migration(s)
2026/09/06 09:00:50 schema: migration 0->1: baseline schema: create all tables and indexes
2026/09/06 09:00:50 schema: migration 0->1 complete
2026/09/06 09:00:50 schema: migration 1->2: add tags, terminal_pin_hash, password_changed, pin_changed columns
2026/09/06 09:00:50 schema: migration 1->2 complete
2026/09/06 09:00:50 schema: migration 2->3: add agent_credentials table for durable enrollment
2026/09/06 09:00:50 schema: migration 2->3 complete
2026/09/06 09:00:50 schema: migration 3->4: add source_ip and user_id to terminal_sessions for audit logging
2026/09/06 09:00:50 schema: migration 3->4 complete
2026/09/06 09:00:50 schema: migration 4->5: add api_machines table for API-polled machines
2026/09/06 09:00:50 schema: migration 4->5 complete
2026/09/06 09:00:50 schema: migration 5->6: add tls_config to api_machines for per-machine TLS trust
2026/09/06 09:00:50 schema: migration 5->6 complete
2026/09/06 09:00:50 schema: migration 6->7: add role column to users for RBAC
2026/09/06 09:00:50 schema: migration 6->7 complete
2026/09/06 09:00:50 schema: migration 7->8: add hardware_info JSON column to machines for static spec snapshots
2026/09/06 09:00:50 schema: migration 7->8 complete
2026/09/06 09:00:50 schema: migration 8->9: add theme_name and theme_mode columns to users for per-user theme prefs
2026/09/06 09:00:50 schema: migration 8->9 complete
2026/09/06 09:00:50 schema: migration 9->10: create branding_config table for admin instance branding (Phase 10)
2026/09/06 09:00:50 schema: migration 9->10 complete
2026/09/06 09:00:50 schema: migration 10->11: Phase 11 — add per-user workflow personalization columns to users
2026/09/06 09:00:50 schema: migration 10->11 complete
2026/09/06 09:00:50 schema: migration 11->12: Phase 11 — create user_pinned_machines table
2026/09/06 09:00:50 schema: migration 11->12 complete
2026/09/06 09:00:50 schema: migration 12->13: Phase 11 — create user_saved_filters table
2026/09/06 09:00:50 schema: migration 12->13 complete
2026/09/06 09:00:50 schema: migration 13->14: Phase 11 — add welcome_message to branding_config
2026/09/06 09:00:50 schema: migration 13->14 complete
2026/09/06 09:00:50 schema: migration 14->15: Phase 12 — add notes column to machines
2026/09/06 09:00:50 schema: migration 14->15 complete
2026/09/06 09:00:50 schema: migration 15->16: Phase 12 — add cpu_temp_c column to metrics
2026/09/06 09:00:50 schema: migration 15->16 complete
2026/09/06 09:00:50 schema: migration 16->17: add nullable target_machine_id to tokens for machine-bound Windows re-enrollment
2026/09/06 09:00:50 schema: migration 16->17 complete
2026/09/06 09:00:50 schema: migration 17->18: add nullable pending_secret_hash and pending_expires_at to agent_credentials for staged Windows re-enrollment handoff
2026/09/06 09:00:50 schema: migration 17->18 complete
2026/09/06 09:00:50 schema: migration 18->19: create hub_settings key/value table (AI Sessions feature switch)
2026/09/06 09:00:50 schema: migration 18->19 complete
2026/09/06 09:00:50 schema: migration 19->20: add mint_time_script and mint-time binding columns to tokens to bind join links to mint-time configuration
2026/09/06 09:00:50 schema: migration 19->20 complete
2026/09/06 09:00:50 schema: migration 20->21: scrub raw install tokens persisted in tokens.mint_time_script
2026/09/06 09:00:50 schema: migration 20->21 complete
2026/09/06 09:00:50 schema: all migrations applied — now at version 21
panic: test timed out after 10m0s
	running tests:
		TestUnregisterAgentConnectionMarksOfflineOnlyForOwn (1s)

goroutine 5116 [running]:
testing.(*M).startAlarm.func1()
	/home/jules/go/pkg/mod/golang.org/toolchain@v0.0.1-go1.25.0.linux-amd64/src/testing/testing.go:2682 +0x605
created by time.goFunc
	/home/jules/go/pkg/mod/golang.org/toolchain@v0.0.1-go1.25.0.linux-amd64/src/time/sleep.go:215 +0x45

goroutine 1 [chan receive]:
testing.(*T).Run(0xc00026c000, {0x144d23d, 0x33}, 0x147bbf0)
	/home/jules/go/pkg/mod/golang.org/toolchain@v0.0.1-go1.25.0.linux-amd64/src/testing/testing.go:2005 +0x9fe
testing.runTests.func1(0xc00026c000)
	/home/jules/go/pkg/mod/golang.org/toolchain@v0.0.1-go1.25.0.linux-amd64/src/testing/testing.go:2477 +0x86
testing.tRunner(0xc00026c000, 0xc000163ae0)
	/home/jules/go/pkg/mod/golang.org/toolchain@v0.0.1-go1.25.0.linux-amd64/src/testing/testing.go:1934 +0x21d
testing.runTests(0xc000224018, {0x1ae2720, 0x113, 0x113}, {0x0?, 0x4b59c5?, 0x1ae6aa0?})
	/home/jules/go/pkg/mod/golang.org/toolchain@v0.0.1-go1.25.0.linux-amd64/src/testing/testing.go:2475 +0x96d
testing.(*M).Run(0xc000218500)
	/home/jules/go/pkg/mod/golang.org/toolchain@v0.0.1-go1.25.0.linux-amd64/src/testing/testing.go:2337 +0xed5
main.main()
	_testmain.go:593 +0x165

goroutine 4057 [sleep, 1 minutes]:
time.Sleep(0x45d964b800)
	/home/jules/go/pkg/mod/golang.org/toolchain@v0.0.1-go1.25.0.linux-amd64/src/runtime/time.go:363 +0x165
github.com/bokiko/bloxos/hub.(*RateLimiter).cleanupLoop(0xc00034c390)
	/app/hub/main.go:1529 +0x54
created by github.com/bokiko/bloxos/hub.NewRateLimiter in goroutine 4049
	/app/hub/main.go:1501 +0x11a

goroutine 2803 [sleep]:
time.Sleep(0x45d964b800)
	/home/jules/go/pkg/mod/golang.org/toolchain@v0.0.1-go1.25.0.linux-amd64/src/runtime/time.go:363 +0x165
github.com/bokiko/bloxos/hub.(*RateLimiter).cleanupLoop(0xc0004de170)
	/app/hub/main.go:1529 +0x54
created by github.com/bokiko/bloxos/hub.NewRateLimiter in goroutine 2770
	/app/hub/main.go:1501 +0x11a

goroutine 492 [sleep, 4 minutes]:
time.Sleep(0x45d964b800)
	/home/jules/go/pkg/mod/golang.org/toolchain@v0.0.1-go1.25.0.linux-amd64/src/runtime/time.go:363 +0x165
github.com/bokiko/bloxos/hub.(*RateLimiter).cleanupLoop(0xc000495a30)
	/app/hub/main.go:1529 +0x54
created by github.com/bokiko/bloxos/hub.NewRateLimiter in goroutine 463
	/app/hub/main.go:1501 +0x11a

goroutine 1586 [sleep, 2 minutes]:
time.Sleep(0x45d964b800)
	/home/jules/go/pkg/mod/golang.org/toolchain@v0.0.1-go1.25.0.linux-amd64/src/runtime/time.go:363 +0x165
github.com/bokiko/bloxos/hub.(*RateLimiter).cleanupLoop(0xc000308730)
	/app/hub/main.go:1529 +0x54
created by github.com/bokiko/bloxos/hub.NewRateLimiter in goroutine 1526
	/app/hub/main.go:1501 +0x11a

goroutine 3512 [sleep, 3 minutes]:
time.Sleep(0x45d964b800)
	/home/jules/go/pkg/mod/golang.org/toolchain@v0.0.1-go1.25.0.linux-amd64/src/runtime/time.go:363 +0x165
github.com/bokiko/bloxos/hub.(*RateLimiter).cleanupLoop(0xc0003e06d0)
	/app/hub/main.go:1529 +0x54
created by github.com/bokiko/bloxos/hub.NewRateLimiter in goroutine 3496
	/app/hub/main.go:1501 +0x11a

goroutine 5082 [runnable]:
golang.org/x/crypto/blowfish.encryptBlock(0x835847cb, 0xdf2f54f, 0xc000423300)
	/home/jules/go/pkg/mod/golang.org/x/crypto@v0.55.0/blowfish/block.go:115 +0x107d
golang.org/x/crypto/blowfish.ExpandKey({0xc000294d80, 0x10, 0x10?}, 0xc000423300)
	/home/jules/go/pkg/mod/golang.org/x/crypto@v0.55.0/blowfish/block.go:54 +0x1f1
golang.org/x/crypto/bcrypt.expensiveBlowfishSetup({0xc000667c02, 0x6, 0x1a5da40?}, 0xa, {0xc000294d68, 0x16, 0x18})
	/home/jules/go/pkg/mod/golang.org/x/crypto@v0.55.0/bcrypt/bcrypt.go:237 +0x1b6
golang.org/x/crypto/bcrypt.bcrypt({0xc000667c02, 0x6, 0x6}, 0xa, {0xc000294d68, 0x16, 0x18})
	/home/jules/go/pkg/mod/golang.org/x/crypto@v0.55.0/bcrypt/bcrypt.go:200 +0x131
golang.org/x/crypto/bcrypt.newFromPassword({0xc000667c02, 0x6, 0x6}, 0xa)
	/home/jules/go/pkg/mod/golang.org/x/crypto@v0.55.0/bcrypt/bcrypt.go:160 +0x238
golang.org/x/crypto/bcrypt.GenerateFromPassword({0xc000667c02, 0x6, 0x6}, 0xa)
	/home/jules/go/pkg/mod/golang.org/x/crypto@v0.55.0/bcrypt/bcrypt.go:99 +0x4f
github.com/bokiko/bloxos/hub.(*Server).seedTestAdmin(0xc000157780, 0xc00036ea80)
	/app/hub/main_test.go:36 +0x8c
github.com/bokiko/bloxos/hub.setupTestServer(0xc00036ea80)
	/app/hub/main_test.go:162 +0x637
github.com/bokiko/bloxos/hub.TestUnregisterAgentConnectionMarksOfflineOnlyForOwn(0xc00036ea80)
	/app/hub/main_test.go:3037 +0x3f
testing.tRunner(0xc00036ea80, 0x147bbf0)
	/home/jules/go/pkg/mod/golang.org/toolchain@v0.0.1-go1.25.0.linux-amd64/src/testing/testing.go:1934 +0x21d
created by testing.(*T).Run in goroutine 1
	/home/jules/go/pkg/mod/golang.org/toolchain@v0.0.1-go1.25.0.linux-amd64/src/testing/testing.go:1997 +0x9d3

goroutine 2832 [sleep]:
time.Sleep(0x45d964b800)
	/home/jules/go/pkg/mod/golang.org/toolchain@v0.0.1-go1.25.0.linux-amd64/src/runtime/time.go:363 +0x165
github.com/bokiko/bloxos/hub.(*RateLimiter).cleanupLoop(0xc0004948a0)
	/app/hub/main.go:1529 +0x54
created by github.com/bokiko/bloxos/hub.NewRateLimiter in goroutine 2798
	/app/hub/main.go:1501 +0x11a

goroutine 1948 [sleep, 1 minutes]:
time.Sleep(0x45d964b800)
	/home/jules/go/pkg/mod/golang.org/toolchain@v0.0.1-go1.25.0.linux-amd64/src/runtime/time.go:363 +0x165
github.com/bokiko/bloxos/hub.(*RateLimiter).cleanupLoop(0xc0004df4c0)
	/app/hub/main.go:1529 +0x54
created by github.com/bokiko/bloxos/hub.NewRateLimiter in goroutine 1968
	/app/hub/main.go:1501 +0x11a

goroutine 132 [sleep, 4 minutes]:
time.Sleep(0x45d964b800)
	/home/jules/go/pkg/mod/golang.org/toolchain@v0.0.1-go1.25.0.linux-amd64/src/runtime/time.go:363 +0x165
github.com/bokiko/bloxos/hub.(*RateLimiter).cleanupLoop(0xc000414de0)
	/app/hub/main.go:1529 +0x54
created by github.com/bokiko/bloxos/hub.NewRateLimiter in goroutine 111
	/app/hub/main.go:1501 +0x11a

goroutine 4833 [sleep]:
time.Sleep(0x45d964b800)
	/home/jules/go/pkg/mod/golang.org/toolchain@v0.0.1-go1.25.0.linux-amd64/src/runtime/time.go:363 +0x165
github.com/bokiko/bloxos/hub.(*RateLimiter).cleanupLoop(0xc0005d4020)
	/app/hub/main.go:1529 +0x54
created by github.com/bokiko/bloxos/hub.NewRateLimiter in goroutine 4822
	/app/hub/main.go:1501 +0x11a

goroutine 141 [sleep, 4 minutes]:
time.Sleep(0x45d964b800)
	/home/jules/go/pkg/mod/golang.org/toolchain@v0.0.1-go1.25.0.linux-amd64/src/runtime/time.go:363 +0x165
github.com/bokiko/bloxos/hub.(*RateLimiter).cleanupLoop(0xc00046c0c0)
	/app/hub/main.go:1529 +0x54
created by github.com/bokiko/bloxos/hub.NewRateLimiter in goroutine 134
	/app/hub/main.go:1501 +0x11a

goroutine 5052 [sleep]:
time.Sleep(0x45d964b800)
	/home/jules/go/pkg/mod/golang.org/toolchain@v0.0.1-go1.25.0.linux-amd64/src/runtime/time.go:363 +0x165
github.com/bokiko/bloxos/hub.(*RateLimiter).cleanupLoop(0xc00034cd20)
	/app/hub/main.go:1529 +0x54
created by github.com/bokiko/bloxos/hub.NewRateLimiter in goroutine 5005
	/app/hub/main.go:1501 +0x11a

goroutine 2131 [sleep, 1 minutes]:
time.Sleep(0x45d964b800)
	/home/jules/go/pkg/mod/golang.org/toolchain@v0.0.1-go1.25.0.linux-amd64/src/runtime/time.go:363 +0x165
github.com/bokiko/bloxos/hub.(*RateLimiter).cleanupLoop(0xc0003e2760)
	/app/hub/main.go:1529 +0x54
created by github.com/bokiko/bloxos/hub.NewRateLimiter in goroutine 2074
	/app/hub/main.go:1501 +0x11a

goroutine 37 [sleep, 5 minutes]:
time.Sleep(0x45d964b800)
	/home/jules/go/pkg/mod/golang.org/toolchain@v0.0.1-go1.25.0.linux-amd64/src/runtime/time.go:363 +0x165
github.com/bokiko/bloxos/hub.(*RateLimiter).cleanupLoop(0xc0002124d0)
	/app/hub/main.go:1529 +0x54
created by github.com/bokiko/bloxos/hub.NewRateLimiter in goroutine 13
	/app/hub/main.go:1501 +0x11a

goroutine 4920 [sleep]:
time.Sleep(0x45d964b800)
	/home/jules/go/pkg/mod/golang.org/toolchain@v0.0.1-go1.25.0.linux-amd64/src/runtime/time.go:363 +0x165
github.com/bokiko/bloxos/hub.(*RateLimiter).cleanupLoop(0xc0005d4af0)
	/app/hub/main.go:1529 +0x54
created by github.com/bokiko/bloxos/hub.NewRateLimiter in goroutine 4712
	/app/hub/main.go:1501 +0x11a

goroutine 1885 [sleep, 2 minutes]:
time.Sleep(0x45d964b800)
	/home/jules/go/pkg/mod/golang.org/toolchain@v0.0.1-go1.25.0.linux-amd64/src/runtime/time.go:363 +0x165
github.com/bokiko/bloxos/hub.(*RateLimiter).cleanupLoop(0xc000494240)
	/app/hub/main.go:1529 +0x54
created by github.com/bokiko/bloxos/hub.NewRateLimiter in goroutine 1879
	/app/hub/main.go:1501 +0x11a

goroutine 3687 [sleep, 3 minutes]:
time.Sleep(0x45d964b800)
	/home/jules/go/pkg/mod/golang.org/toolchain@v0.0.1-go1.25.0.linux-amd64/src/runtime/time.go:363 +0x165
github.com/bokiko/bloxos/hub.(*RateLimiter).cleanupLoop(0xc0004a7a80)
	/app/hub/main.go:1529 +0x54
created by github.com/bokiko/bloxos/hub.NewRateLimiter in goroutine 3595
	/app/hub/main.go:1501 +0x11a

goroutine 3079 [sleep, 4 minutes]:
time.Sleep(0x45d964b800)
	/home/jules/go/pkg/mod/golang.org/toolchain@v0.0.1-go1.25.0.linux-amd64/src/runtime/time.go:363 +0x165
github.com/bokiko/bloxos/hub.(*RateLimiter).cleanupLoop(0xc0003e2870)
	/app/hub/main.go:1529 +0x54
created by github.com/bokiko/bloxos/hub.NewRateLimiter in goroutine 3301
	/app/hub/main.go:1501 +0x11a

goroutine 3599 [sleep, 2 minutes]:
time.Sleep(0x45d964b800)
	/home/jules/go/pkg/mod/golang.org/toolchain@v0.0.1-go1.25.0.linux-amd64/src/runtime/time.go:363 +0x165
github.com/bokiko/bloxos/hub.(*RateLimiter).cleanupLoop(0xc0000365f0)
	/app/hub/main.go:1529 +0x54
created by github.com/bokiko/bloxos/hub.NewRateLimiter in goroutine 3597
	/app/hub/main.go:1501 +0x11a

goroutine 1500 [sleep, 3 minutes]:
time.Sleep(0x45d964b800)
	/home/jules/go/pkg/mod/golang.org/toolchain@v0.0.1-go1.25.0.linux-amd64/src/runtime/time.go:363 +0x165
github.com/bokiko/bloxos/hub.(*RateLimiter).cleanupLoop(0xc0003e1f50)
	/app/hub/main.go:1529 +0x54
created by github.com/bokiko/bloxos/hub.NewRateLimiter in goroutine 1477
	/app/hub/main.go:1501 +0x11a

goroutine 981 [sleep, 4 minutes]:
time.Sleep(0x45d964b800)
	/home/jules/go/pkg/mod/golang.org/toolchain@v0.0.1-go1.25.0.linux-amd64/src/runtime/time.go:363 +0x165
github.com/bokiko/bloxos/hub.(*RateLimiter).cleanupLoop(0xc0005419b0)
	/app/hub/main.go:1529 +0x54
created by github.com/bokiko/bloxos/hub.NewRateLimiter in goroutine 946
	/app/hub/main.go:1501 +0x11a

goroutine 1515 [sleep, 3 minutes]:
time.Sleep(0x45d964b800)
	/home/jules/go/pkg/mod/golang.org/toolchain@v0.0.1-go1.25.0.linux-amd64/src/runtime/time.go:363 +0x165
github.com/bokiko/bloxos/hub.(*RateLimiter).cleanupLoop(0xc0004dee80)
	/app/hub/main.go:1529 +0x54
created by github.com/bokiko/bloxos/hub.NewRateLimiter in goroutine 1502
	/app/hub/main.go:1501 +0x11a

goroutine 2515 [sleep]:
time.Sleep(0x45d964b800)
	/home/jules/go/pkg/mod/golang.org/toolchain@v0.0.1-go1.25.0.linux-amd64/src/runtime/time.go:363 +0x165
github.com/bokiko/bloxos/hub.(*RateLimiter).cleanupLoop(0xc0005d4890)
	/app/hub/main.go:1529 +0x54
created by github.com/bokiko/bloxos/hub.NewRateLimiter in goroutine 2486
	/app/hub/main.go:1501 +0x11a

goroutine 4741 [sleep]:
time.Sleep(0x45d964b800)
	/home/jules/go/pkg/mod/golang.org/toolchain@v0.0.1-go1.25.0.linux-amd64/src/runtime/time.go:363 +0x165
github.com/bokiko/bloxos/hub.(*RateLimiter).cleanupLoop(0xc0004a6ea0)
	/app/hub/main.go:1529 +0x54
created by github.com/bokiko/bloxos/hub.NewRateLimiter in goroutine 4699
	/app/hub/main.go:1501 +0x11a

goroutine 4319 [sleep, 1 minutes]:
time.Sleep(0x45d964b800)
	/home/jules/go/pkg/mod/golang.org/toolchain@v0.0.1-go1.25.0.linux-amd64/src/runtime/time.go:363 +0x165
github.com/bokiko/bloxos/hub.(*RateLimiter).cleanupLoop(0xc0003e19e0)
	/app/hub/main.go:1529 +0x54
created by github.com/bokiko/bloxos/hub.NewRateLimiter in goroutine 4310
	/app/hub/main.go:1501 +0x11a

goroutine 2412 [sleep, 1 minutes]:
time.Sleep(0x45d964b800)
	/home/jules/go/pkg/mod/golang.org/toolchain@v0.0.1-go1.25.0.linux-amd64/src/runtime/time.go:363 +0x165
github.com/bokiko/bloxos/hub.(*RateLimiter).cleanupLoop(0xc0002123c0)
	/app/hub/main.go:1529 +0x54
created by github.com/bokiko/bloxos/hub.NewRateLimiter in goroutine 2390
	/app/hub/main.go:1501 +0x11a

goroutine 2177 [sleep, 1 minutes]:
time.Sleep(0x45d964b800)
	/home/jules/go/pkg/mod/golang.org/toolchain@v0.0.1-go1.25.0.linux-amd64/src/runtime/time.go:363 +0x165
github.com/bokiko/bloxos/hub.(*RateLimiter).cleanupLoop(0xc0005d5960)
	/app/hub/main.go:1529 +0x54
created by github.com/bokiko/bloxos/hub.NewRateLimiter in goroutine 2161
	/app/hub/main.go:1501 +0x11a

goroutine 326 [sleep, 4 minutes]:
time.Sleep(0x45d964b800)
	/home/jules/go/pkg/mod/golang.org/toolchain@v0.0.1-go1.25.0.linux-amd64/src/runtime/time.go:363 +0x165
github.com/bokiko/bloxos/hub.(*RateLimiter).cleanupLoop(0xc0002e9090)
	/app/hub/main.go:1529 +0x54
created by github.com/bokiko/bloxos/hub.NewRateLimiter in goroutine 324
	/app/hub/main.go:1501 +0x11a

goroutine 39 [sleep, 5 minutes]:
time.Sleep(0x45d964b800)
	/home/jules/go/pkg/mod/golang.org/toolchain@v0.0.1-go1.25.0.linux-amd64/src/runtime/time.go:363 +0x165
github.com/bokiko/bloxos/hub.(*RateLimiter).cleanupLoop(0xc0003e27a0)
	/app/hub/main.go:1529 +0x54
created by github.com/bokiko/bloxos/hub.NewRateLimiter in goroutine 62
	/app/hub/main.go:1501 +0x11a

goroutine 3833 [sleep, 2 minutes]:
time.Sleep(0x45d964b800)
	/home/jules/go/pkg/mod/golang.org/toolchain@v0.0.1-go1.25.0.linux-amd64/src/runtime/time.go:363 +0x165
github.com/bokiko/bloxos/hub.(*RateLimiter).cleanupLoop(0xc0004142c0)
	/app/hub/main.go:1529 +0x54
created by github.com/bokiko/bloxos/hub.NewRateLimiter in goroutine 3843
	/app/hub/main.go:1501 +0x11a

goroutine 1734 [sleep, 2 minutes]:
time.Sleep(0x45d964b800)
	/home/jules/go/pkg/mod/golang.org/toolchain@v0.0.1-go1.25.0.linux-amd64/src/runtime/time.go:363 +0x165
github.com/bokiko/bloxos/hub.(*RateLimiter).cleanupLoop(0xc0005d5b90)
	/app/hub/main.go:1529 +0x54
created by github.com/bokiko/bloxos/hub.NewRateLimiter in goroutine 1701
	/app/hub/main.go:1501 +0x11a

goroutine 2914 [sleep]:
time.Sleep(0x45d964b800)
	/home/jules/go/pkg/mod/golang.org/toolchain@v0.0.1-go1.25.0.linux-amd64/src/runtime/time.go:363 +0x165
github.com/bokiko/bloxos/hub.(*RateLimiter).cleanupLoop(0xc0005406e0)
	/app/hub/main.go:1529 +0x54
created by github.com/bokiko/bloxos/hub.NewRateLimiter in goroutine 2898
	/app/hub/main.go:1501 +0x11a

goroutine 47 [sleep, 5 minutes]:
time.Sleep(0x45d964b800)
	/home/jules/go/pkg/mod/golang.org/toolchain@v0.0.1-go1.25.0.linux-amd64/src/runtime/time.go:363 +0x165
github.com/bokiko/bloxos/hub.(*RateLimiter).cleanupLoop(0xc0003e3380)
	/app/hub/main.go:1529 +0x54
created by github.com/bokiko/bloxos/hub.NewRateLimiter in goroutine 63
	/app/hub/main.go:1501 +0x11a

goroutine 241 [sleep, 4 minutes]:
time.Sleep(0x45d964b800)
	/home/jules/go/pkg/mod/golang.org/toolchain@v0.0.1-go1.25.0.linux-amd64/src/runtime/time.go:363 +0x165
github.com/bokiko/bloxos/hub.(*RateLimiter).cleanupLoop(0xc00009ac40)
	/app/hub/main.go:1529 +0x54
created by github.com/bokiko/bloxos/hub.NewRateLimiter in goroutine 170
	/app/hub/main.go:1501 +0x11a

goroutine 2729 [sleep]:
time.Sleep(0x45d964b800)
	/home/jules/go/pkg/mod/golang.org/toolchain@v0.0.1-go1.25.0.linux-amd64/src/runtime/time.go:363 +0x165
github.com/bokiko/bloxos/hub.(*RateLimiter).cleanupLoop(0xc0003e17a0)
	/app/hub/main.go:1529 +0x54
created by github.com/bokiko/bloxos/hub.NewRateLimiter in goroutine 2727
	/app/hub/main.go:1501 +0x11a

goroutine 4378 [sleep, 1 minutes]:
time.Sleep(0x45d964b800)
	/home/jules/go/pkg/mod/golang.org/toolchain@v0.0.1-go1.25.0.linux-amd64/src/runtime/time.go:363 +0x165
github.com/bokiko/bloxos/hub.(*RateLimiter).cleanupLoop(0xc000308590)
	/app/hub/main.go:1529 +0x54
created by github.com/bokiko/bloxos/hub.NewRateLimiter in goroutine 4460
	/app/hub/main.go:1501 +0x11a

goroutine 4456 [sleep, 1 minutes]:
time.Sleep(0x45d964b800)
	/home/jules/go/pkg/mod/golang.org/toolchain@v0.0.1-go1.25.0.linux-amd64/src/runtime/time.go:363 +0x165
github.com/bokiko/bloxos/hub.(*RateLimiter).cleanupLoop(0xc00034d0d0)
	/app/hub/main.go:1529 +0x54
created by github.com/bokiko/bloxos/hub.NewRateLimiter in goroutine 4435
	/app/hub/main.go:1501 +0x11a

goroutine 3318 [sleep, 4 minutes]:
time.Sleep(0x45d964b800)
	/home/jules/go/pkg/mod/golang.org/toolchain@v0.0.1-go1.25.0.linux-amd64/src/runtime/time.go:363 +0x165
github.com/bokiko/bloxos/hub.(*RateLimiter).cleanupLoop(0xc000415d80)
	/app/hub/main.go:1529 +0x54
created by github.com/bokiko/bloxos/hub.NewRateLimiter in goroutine 3081
	/app/hub/main.go:1501 +0x11a

goroutine 1161 [sleep, 3 minutes]:
time.Sleep(0x45d964b800)
	/home/jules/go/pkg/mod/golang.org/toolchain@v0.0.1-go1.25.0.linux-amd64/src/runtime/time.go:363 +0x165
github.com/bokiko/bloxos/hub.(*RateLimiter).cleanupLoop(0xc000213a40)
	/app/hub/main.go:1529 +0x54
created by github.com/bokiko/bloxos/hub.NewRateLimiter in goroutine 1016
	/app/hub/main.go:1501 +0x11a

goroutine 3494 [sleep, 4 minutes]:
time.Sleep(0x45d964b800)
	/home/jules/go/pkg/mod/golang.org/toolchain@v0.0.1-go1.25.0.linux-amd64/src/runtime/time.go:363 +0x165
github.com/bokiko/bloxos/hub.(*RateLimiter).cleanupLoop(0xc0003e0ee0)
	/app/hub/main.go:1529 +0x54
created by github.com/bokiko/bloxos/hub.NewRateLimiter in goroutine 3463
	/app/hub/main.go:1501 +0x11a

goroutine 1614 [sleep, 2 minutes]:
time.Sleep(0x45d964b800)
	/home/jules/go/pkg/mod/golang.org/toolchain@v0.0.1-go1.25.0.linux-amd64/src/runtime/time.go:363 +0x165
github.com/bokiko/bloxos/hub.(*RateLimiter).cleanupLoop(0xc0005d47b0)
	/app/hub/main.go:1529 +0x54
created by github.com/bokiko/bloxos/hub.NewRateLimiter in goroutine 1648
	/app/hub/main.go:1501 +0x11a

goroutine 313 [sleep, 4 minutes]:
time.Sleep(0x45d964b800)
	/home/jules/go/pkg/mod/golang.org/toolchain@v0.0.1-go1.25.0.linux-amd64/src/runtime/time.go:363 +0x165
github.com/bokiko/bloxos/hub.(*RateLimiter).cleanupLoop(0xc000037860)
	/app/hub/main.go:1529 +0x54
created by github.com/bokiko/bloxos/hub.NewRateLimiter in goroutine 347
	/app/hub/main.go:1501 +0x11a

goroutine 3958 [sleep, 2 minutes]:
time.Sleep(0x45d964b800)
	/home/jules/go/pkg/mod/golang.org/toolchain@v0.0.1-go1.25.0.linux-amd64/src/runtime/time.go:363 +0x165
github.com/bokiko/bloxos/hub.(*RateLimiter).cleanupLoop(0xc000415cb0)
	/app/hub/main.go:1529 +0x54
created by github.com/bokiko/bloxos/hub.NewRateLimiter in goroutine 3928
	/app/hub/main.go:1501 +0x11a

goroutine 2939 [sleep]:
time.Sleep(0x45d964b800)
	/home/jules/go/pkg/mod/golang.org/toolchain@v0.0.1-go1.25.0.linux-amd64/src/runtime/time.go:363 +0x165
github.com/bokiko/bloxos/hub.(*RateLimiter).cleanupLoop(0xc0004dfd90)
	/app/hub/main.go:1529 +0x54
created by github.com/bokiko/bloxos/hub.NewRateLimiter in goroutine 2895
	/app/hub/main.go:1501 +0x11a

goroutine 1241 [sleep, 3 minutes]:
time.Sleep(0x45d964b800)
	/home/jules/go/pkg/mod/golang.org/toolchain@v0.0.1-go1.25.0.linux-amd64/src/runtime/time.go:363 +0x165
github.com/bokiko/bloxos/hub.(*RateLimiter).cleanupLoop(0xc000308d80)
	/app/hub/main.go:1529 +0x54
created by github.com/bokiko/bloxos/hub.NewRateLimiter in goroutine 1218
	/app/hub/main.go:1501 +0x11a

goroutine 845 [sleep, 4 minutes]:
time.Sleep(0x45d964b800)
	/home/jules/go/pkg/mod/golang.org/toolchain@v0.0.1-go1.25.0.linux-amd64/src/runtime/time.go:363 +0x165
github.com/bokiko/bloxos/hub.(*RateLimiter).cleanupLoop(0xc00046d760)
	/app/hub/main.go:1529 +0x54
created by github.com/bokiko/bloxos/hub.NewRateLimiter in goroutine 884
	/app/hub/main.go:1501 +0x11a

goroutine 3360 [sleep, 4 minutes]:
time.Sleep(0x45d964b800)
	/home/jules/go/pkg/mod/golang.org/toolchain@v0.0.1-go1.25.0.linux-amd64/src/runtime/time.go:363 +0x165
github.com/bokiko/bloxos/hub.(*RateLimiter).cleanupLoop(0xc000540570)
	/app/hub/main.go:1529 +0x54
created by github.com/bokiko/bloxos/hub.NewRateLimiter in goroutine 3348
	/app/hub/main.go:1501 +0x11a

goroutine 210 [sleep, 4 minutes]:
time.Sleep(0x45d964b800)
	/home/jules/go/pkg/mod/golang.org/toolchain@v0.0.1-go1.25.0.linux-amd64/src/runtime/time.go:363 +0x165
github.com/bokiko/bloxos/hub.(*RateLimiter).cleanupLoop(0xc00034d0e0)
	/app/hub/main.go:1529 +0x54
created by github.com/bokiko/bloxos/hub.NewRateLimiter in goroutine 185
	/app/hub/main.go:1501 +0x11a

goroutine 4555 [sleep]:
time.Sleep(0x45d964b800)
	/home/jules/go/pkg/mod/golang.org/toolchain@v0.0.1-go1.25.0.linux-amd64/src/runtime/time.go:363 +0x165
github.com/bokiko/bloxos/hub.(*RateLimiter).cleanupLoop(0xc0003082f0)
	/app/hub/main.go:1529 +0x54
created by github.com/bokiko/bloxos/hub.NewRateLimiter in goroutine 4513
	/app/hub/main.go:1501 +0x11a

goroutine 300 [sleep, 4 minutes]:
time.Sleep(0x45d964b800)
	/home/jules/go/pkg/mod/golang.org/toolchain@v0.0.1-go1.25.0.linux-amd64/src/runtime/time.go:363 +0x165
github.com/bokiko/bloxos/hub.(*RateLimiter).cleanupLoop(0xc00034d030)
	/app/hub/main.go:1529 +0x54
created by github.com/bokiko/bloxos/hub.NewRateLimiter in goroutine 275
	/app/hub/main.go:1501 +0x11a

goroutine 1472 [sleep, 3 minutes]:
time.Sleep(0x45d964b800)
	/home/jules/go/pkg/mod/golang.org/toolchain@v0.0.1-go1.25.0.linux-amd64/src/runtime/time.go:363 +0x165
github.com/bokiko/bloxos/hub.(*RateLimiter).cleanupLoop(0xc00034ceb0)
	/app/hub/main.go:1529 +0x54
created by github.com/bokiko/bloxos/hub.NewRateLimiter in goroutine 1447
	/app/hub/main.go:1501 +0x11a

goroutine 1618 [sleep, 2 minutes]:
time.Sleep(0x45d964b800)
	/home/jules/go/pkg/mod/golang.org/toolchain@v0.0.1-go1.25.0.linux-amd64/src/runtime/time.go:363 +0x165
github.com/bokiko/bloxos/hub.(*RateLimiter).cleanupLoop(0xc0003096e0)
	/app/hub/main.go:1529 +0x54
created by github.com/bokiko/bloxos/hub.NewRateLimiter in goroutine 1581
	/app/hub/main.go:1501 +0x11a

goroutine 1570 [sleep, 3 minutes]:
time.Sleep(0x45d964b800)
	/home/jules/go/pkg/mod/golang.org/toolchain@v0.0.1-go1.25.0.linux-amd64/src/runtime/time.go:363 +0x165
github.com/bokiko/bloxos/hub.(*RateLimiter).cleanupLoop(0xc000540030)
	/app/hub/main.go:1529 +0x54
created by github.com/bokiko/bloxos/hub.NewRateLimiter in goroutine 1517
	/app/hub/main.go:1501 +0x11a

goroutine 414 [sleep, 4 minutes]:
time.Sleep(0x45d964b800)
	/home/jules/go/pkg/mod/golang.org/toolchain@v0.0.1-go1.25.0.linux-amd64/src/runtime/time.go:363 +0x165
github.com/bokiko/bloxos/hub.(*RateLimiter).cleanupLoop(0xc000494580)
	/app/hub/main.go:1529 +0x54
created by github.com/bokiko/bloxos/hub.NewRateLimiter in goroutine 319
	/app/hub/main.go:1501 +0x11a

goroutine 1127 [sleep, 3 minutes]:
time.Sleep(0x45d964b800)
	/home/jules/go/pkg/mod/golang.org/toolchain@v0.0.1-go1.25.0.linux-amd64/src/runtime/time.go:363 +0x165
github.com/bokiko/bloxos/hub.(*RateLimiter).cleanupLoop(0xc0004a7d80)
	/app/hub/main.go:1529 +0x54
created by github.com/bokiko/bloxos/hub.NewRateLimiter in goroutine 1081
	/app/hub/main.go:1501 +0x11a

goroutine 4140 [sleep, 1 minutes]:
time.Sleep(0x45d964b800)
	/home/jules/go/pkg/mod/golang.org/toolchain@v0.0.1-go1.25.0.linux-amd64/src/runtime/time.go:363 +0x165
github.com/bokiko/bloxos/hub.(*RateLimiter).cleanupLoop(0xc00009bd90)
	/app/hub/main.go:1529 +0x54
created by github.com/bokiko/bloxos/hub.NewRateLimiter in goroutine 4079
	/app/hub/main.go:1501 +0x11a

goroutine 1806 [sleep, 2 minutes]:
time.Sleep(0x45d964b800)
	/home/jules/go/pkg/mod/golang.org/toolchain@v0.0.1-go1.25.0.linux-amd64/src/runtime/time.go:363 +0x165
github.com/bokiko/bloxos/hub.(*RateLimiter).cleanupLoop(0xc0004a6330)
	/app/hub/main.go:1529 +0x54
created by github.com/bokiko/bloxos/hub.NewRateLimiter in goroutine 1805
	/app/hub/main.go:1501 +0x11a

goroutine 3746 [sleep, 2 minutes]:
time.Sleep(0x45d964b800)
	/home/jules/go/pkg/mod/golang.org/toolchain@v0.0.1-go1.25.0.linux-amd64/src/runtime/time.go:363 +0x165
github.com/bokiko/bloxos/hub.(*RateLimiter).cleanupLoop(0xc000540250)
	/app/hub/main.go:1529 +0x54
created by github.com/bokiko/bloxos/hub.NewRateLimiter in goroutine 3709
	/app/hub/main.go:1501 +0x11a

goroutine 779 [sleep, 4 minutes]:
time.Sleep(0x45d964b800)
	/home/jules/go/pkg/mod/golang.org/toolchain@v0.0.1-go1.25.0.linux-amd64/src/runtime/time.go:363 +0x165
github.com/bokiko/bloxos/hub.(*RateLimiter).cleanupLoop(0xc000494f60)
	/app/hub/main.go:1529 +0x54
created by github.com/bokiko/bloxos/hub.NewRateLimiter in goroutine 713
	/app/hub/main.go:1501 +0x11a

goroutine 444 [sleep, 4 minutes]:
time.Sleep(0x45d964b800)
	/home/jules/go/pkg/mod/golang.org/toolchain@v0.0.1-go1.25.0.linux-amd64/src/runtime/time.go:363 +0x165
github.com/bokiko/bloxos/hub.(*RateLimiter).cleanupLoop(0xc000414d40)
	/app/hub/main.go:1529 +0x54
created by github.com/bokiko/bloxos/hub.NewRateLimiter in goroutine 362
	/app/hub/main.go:1501 +0x11a

goroutine 2608 [sleep]:
time.Sleep(0x45d964b800)
	/home/jules/go/pkg/mod/golang.org/toolchain@v0.0.1-go1.25.0.linux-amd64/src/runtime/time.go:363 +0x165
github.com/bokiko/bloxos/hub.(*RateLimiter).cleanupLoop(0xc000036f70)
	/app/hub/main.go:1529 +0x54
created by github.com/bokiko/bloxos/hub.NewRateLimiter in goroutine 2513
	/app/hub/main.go:1501 +0x11a

goroutine 2565 [sleep]:
time.Sleep(0x45d964b800)
	/home/jules/go/pkg/mod/golang.org/toolchain@v0.0.1-go1.25.0.linux-amd64/src/runtime/time.go:363 +0x165
github.com/bokiko/bloxos/hub.(*RateLimiter).cleanupLoop(0xc000540bb0)
	/app/hub/main.go:1529 +0x54
created by github.com/bokiko/bloxos/hub.NewRateLimiter in goroutine 2526
	/app/hub/main.go:1501 +0x11a

goroutine 2072 [sleep, 1 minutes]:
time.Sleep(0x45d964b800)
	/home/jules/go/pkg/mod/golang.org/toolchain@v0.0.1-go1.25.0.linux-amd64/src/runtime/time.go:363 +0x165
github.com/bokiko/bloxos/hub.(*RateLimiter).cleanupLoop(0xc0003e33c0)
	/app/hub/main.go:1529 +0x54
created by github.com/bokiko/bloxos/hub.NewRateLimiter in goroutine 1998
	/app/hub/main.go:1501 +0x11a

goroutine 3541 [sleep, 3 minutes]:
time.Sleep(0x45d964b800)
	/home/jules/go/pkg/mod/golang.org/toolchain@v0.0.1-go1.25.0.linux-amd64/src/runtime/time.go:363 +0x165
github.com/bokiko/bloxos/hub.(*RateLimiter).cleanupLoop(0xc0003e1a30)
	/app/hub/main.go:1529 +0x54
created by github.com/bokiko/bloxos/hub.NewRateLimiter in goroutine 3514
	/app/hub/main.go:1501 +0x11a

goroutine 4715 [sleep]:
time.Sleep(0x45d964b800)
	/home/jules/go/pkg/mod/golang.org/toolchain@v0.0.1-go1.25.0.linux-amd64/src/runtime/time.go:363 +0x165
github.com/bokiko/bloxos/hub.(*RateLimiter).cleanupLoop(0xc0005401f0)
	/app/hub/main.go:1529 +0x54
created by github.com/bokiko/bloxos/hub.NewRateLimiter in goroutine 4922
	/app/hub/main.go:1501 +0x11a

goroutine 1287 [sleep, 3 minutes]:
time.Sleep(0x45d964b800)
	/home/jules/go/pkg/mod/golang.org/toolchain@v0.0.1-go1.25.0.linux-amd64/src/runtime/time.go:363 +0x165
github.com/bokiko/bloxos/hub.(*RateLimiter).cleanupLoop(0xc00037cdd0)
	/app/hub/main.go:1529 +0x54
created by github.com/bokiko/bloxos/hub.NewRateLimiter in goroutine 1208
	/app/hub/main.go:1501 +0x11a

goroutine 3457 [sleep, 4 minutes]:
time.Sleep(0x45d964b800)
	/home/jules/go/pkg/mod/golang.org/toolchain@v0.0.1-go1.25.0.linux-amd64/src/runtime/time.go:363 +0x165
github.com/bokiko/bloxos/hub.(*RateLimiter).cleanupLoop(0xc0003c8fc0)
	/app/hub/main.go:1529 +0x54
created by github.com/bokiko/bloxos/hub.NewRateLimiter in goroutine 3434
	/app/hub/main.go:1501 +0x11a

goroutine 394 [sleep, 4 minutes]:
time.Sleep(0x45d964b800)
	/home/jules/go/pkg/mod/golang.org/toolchain@v0.0.1-go1.25.0.linux-amd64/src/runtime/time.go:363 +0x165
github.com/bokiko/bloxos/hub.(*RateLimiter).cleanupLoop(0xc000308b60)
	/app/hub/main.go:1529 +0x54
created by github.com/bokiko/bloxos/hub.NewRateLimiter in goroutine 449
	/app/hub/main.go:1501 +0x11a

goroutine 653 [sleep, 4 minutes]:
time.Sleep(0x45d964b800)
	/home/jules/go/pkg/mod/golang.org/toolchain@v0.0.1-go1.25.0.linux-amd64/src/runtime/time.go:363 +0x165
github.com/bokiko/bloxos/hub.(*RateLimiter).cleanupLoop(0xc0002126d0)
	/app/hub/main.go:1529 +0x54
created by github.com/bokiko/bloxos/hub.NewRateLimiter in goroutine 630
	/app/hub/main.go:1501 +0x11a

goroutine 708 [sleep, 4 minutes]:
time.Sleep(0x45d964b800)
	/home/jules/go/pkg/mod/golang.org/toolchain@v0.0.1-go1.25.0.linux-amd64/src/runtime/time.go:363 +0x165
github.com/bokiko/bloxos/hub.(*RateLimiter).cleanupLoop(0xc00009aa10)
	/app/hub/main.go:1529 +0x54
created by github.com/bokiko/bloxos/hub.NewRateLimiter in goroutine 657
	/app/hub/main.go:1501 +0x11a

goroutine 2461 [sleep, 1 minutes]:
time.Sleep(0x45d964b800)
	/home/jules/go/pkg/mod/golang.org/toolchain@v0.0.1-go1.25.0.linux-amd64/src/runtime/time.go:363 +0x165
github.com/bokiko/bloxos/hub.(*RateLimiter).cleanupLoop(0xc0003e2c70)
	/app/hub/main.go:1529 +0x54
created by github.com/bokiko/bloxos/hub.NewRateLimiter in goroutine 2434
	/app/hub/main.go:1501 +0x11a

goroutine 4335 [sleep, 1 minutes]:
time.Sleep(0x45d964b800)
	/home/jules/go/pkg/mod/golang.org/toolchain@v0.0.1-go1.25.0.linux-amd64/src/runtime/time.go:363 +0x165
github.com/bokiko/bloxos/hub.(*RateLimiter).cleanupLoop(0xc0003e2b40)
	/app/hub/main.go:1529 +0x54
created by github.com/bokiko/bloxos/hub.NewRateLimiter in goroutine 4206
	/app/hub/main.go:1501 +0x11a

goroutine 530 [sleep, 4 minutes]:
time.Sleep(0x45d964b800)
	/home/jules/go/pkg/mod/golang.org/toolchain@v0.0.1-go1.25.0.linux-amd64/src/runtime/time.go:363 +0x165
github.com/bokiko/bloxos/hub.(*RateLimiter).cleanupLoop(0xc0004debd0)
	/app/hub/main.go:1529 +0x54
created by github.com/bokiko/bloxos/hub.NewRateLimiter in goroutine 514
	/app/hub/main.go:1501 +0x11a

goroutine 2524 [sleep]:
time.Sleep(0x45d964b800)
	/home/jules/go/pkg/mod/golang.org/toolchain@v0.0.1-go1.25.0.linux-amd64/src/runtime/time.go:363 +0x165
github.com/bokiko/bloxos/hub.(*RateLimiter).cleanupLoop(0xc0005d5560)
	/app/hub/main.go:1529 +0x54
created by github.com/bokiko/bloxos/hub.NewRateLimiter in goroutine 2531
	/app/hub/main.go:1501 +0x11a

goroutine 4723 [sleep]:
time.Sleep(0x45d964b800)
	/home/jules/go/pkg/mod/golang.org/toolchain@v0.0.1-go1.25.0.linux-amd64/src/runtime/time.go:363 +0x165
github.com/bokiko/bloxos/hub.(*RateLimiter).cleanupLoop(0xc00037d240)
	/app/hub/main.go:1529 +0x54
created by github.com/bokiko/bloxos/hub.NewRateLimiter in goroutine 4671
	/app/hub/main.go:1501 +0x11a

goroutine 3397 [sleep, 4 minutes]:
time.Sleep(0x45d964b800)
	/home/jules/go/pkg/mod/golang.org/toolchain@v0.0.1-go1.25.0.linux-amd64/src/runtime/time.go:363 +0x165
github.com/bokiko/bloxos/hub.(*RateLimiter).cleanupLoop(0xc00037d260)
	/app/hub/main.go:1529 +0x54
created by github.com/bokiko/bloxos/hub.NewRateLimiter in goroutine 3339
	/app/hub/main.go:1501 +0x11a

goroutine 2573 [sleep]:
time.Sleep(0x45d964b800)
	/home/jules/go/pkg/mod/golang.org/toolchain@v0.0.1-go1.25.0.linux-amd64/src/runtime/time.go:363 +0x165
github.com/bokiko/bloxos/hub.(*RateLimiter).cleanupLoop(0xc000541920)
	/app/hub/main.go:1529 +0x54
created by github.com/bokiko/bloxos/hub.NewRateLimiter in goroutine 2513
	/app/hub/main.go:1501 +0x11a

goroutine 542 [sleep, 4 minutes]:
time.Sleep(0x45d964b800)
	/home/jules/go/pkg/mod/golang.org/toolchain@v0.0.1-go1.25.0.linux-amd64/src/runtime/time.go:363 +0x165
github.com/bokiko/bloxos/hub.(*RateLimiter).cleanupLoop(0xc000308a40)
	/app/hub/main.go:1529 +0x54
created by github.com/bokiko/bloxos/hub.NewRateLimiter in goroutine 535
	/app/hub/main.go:1501 +0x11a

goroutine 932 [sleep, 4 minutes]:
time.Sleep(0x45d964b800)
	/home/jules/go/pkg/mod/golang.org/toolchain@v0.0.1-go1.25.0.linux-amd64/src/runtime/time.go:363 +0x165
github.com/bokiko/bloxos/hub.(*RateLimiter).cleanupLoop(0xc0003e3f00)
	/app/hub/main.go:1529 +0x54
created by github.com/bokiko/bloxos/hub.NewRateLimiter in goroutine 847
	/app/hub/main.go:1501 +0x11a

goroutine 2830 [sleep]:
time.Sleep(0x45d964b800)
	/home/jules/go/pkg/mod/golang.org/toolchain@v0.0.1-go1.25.0.linux-amd64/src/runtime/time.go:363 +0x165
github.com/bokiko/bloxos/hub.(*RateLimiter).cleanupLoop(0xc000212a10)
	/app/hub/main.go:1529 +0x54
created by github.com/bokiko/bloxos/hub.NewRateLimiter in goroutine 2798
	/app/hub/main.go:1501 +0x11a

goroutine 2154 [sleep, 1 minutes]:
time.Sleep(0x45d964b800)
	/home/jules/go/pkg/mod/golang.org/toolchain@v0.0.1-go1.25.0.linux-amd64/src/runtime/time.go:363 +0x165
github.com/bokiko/bloxos/hub.(*RateLimiter).cleanupLoop(0xc0000379c0)
	/app/hub/main.go:1529 +0x54
created by github.com/bokiko/bloxos/hub.NewRateLimiter in goroutine 2096
	/app/hub/main.go:1501 +0x11a

goroutine 3375 [sleep, 4 minutes]:
time.Sleep(0x45d964b800)
	/home/jules/go/pkg/mod/golang.org/toolchain@v0.0.1-go1.25.0.linux-amd64/src/runtime/time.go:363 +0x165
github.com/bokiko/bloxos/hub.(*RateLimiter).cleanupLoop(0xc000495870)
	/app/hub/main.go:1529 +0x54
created by github.com/bokiko/bloxos/hub.NewRateLimiter in goroutine 3388
	/app/hub/main.go:1501 +0x11a

goroutine 1424 [sleep, 2 minutes]:
time.Sleep(0x45d964b800)
	/home/jules/go/pkg/mod/golang.org/toolchain@v0.0.1-go1.25.0.linux-amd64/src/runtime/time.go:363 +0x165
github.com/bokiko/bloxos/hub.(*RateLimiter).cleanupLoop(0xc000540020)
	/app/hub/main.go:1529 +0x54
created by github.com/bokiko/bloxos/hub.NewRateLimiter in goroutine 1608
	/app/hub/main.go:1501 +0x11a

goroutine 3777 [sleep, 2 minutes]:
time.Sleep(0x45d964b800)
	/home/jules/go/pkg/mod/golang.org/toolchain@v0.0.1-go1.25.0.linux-amd64/src/runtime/time.go:363 +0x165
github.com/bokiko/bloxos/hub.(*RateLimiter).cleanupLoop(0xc0004df5d0)
	/app/hub/main.go:1529 +0x54
created by github.com/bokiko/bloxos/hub.NewRateLimiter in goroutine 3727
	/app/hub/main.go:1501 +0x11a

goroutine 4104 [sleep, 1 minutes]:
time.Sleep(0x45d964b800)
	/home/jules/go/pkg/mod/golang.org/toolchain@v0.0.1-go1.25.0.linux-amd64/src/runtime/time.go:363 +0x165
github.com/bokiko/bloxos/hub.(*RateLimiter).cleanupLoop(0xc00034d230)
	/app/hub/main.go:1529 +0x54
created by github.com/bokiko/bloxos/hub.NewRateLimiter in goroutine 4059
	/app/hub/main.go:1501 +0x11a

goroutine 868 [sleep, 4 minutes]:
time.Sleep(0x45d964b800)
	/home/jules/go/pkg/mod/golang.org/toolchain@v0.0.1-go1.25.0.linux-amd64/src/runtime/time.go:363 +0x165
github.com/bokiko/bloxos/hub.(*RateLimiter).cleanupLoop(0xc000415ae0)
	/app/hub/main.go:1529 +0x54
created by github.com/bokiko/bloxos/hub.NewRateLimiter in goroutine 830
	/app/hub/main.go:1501 +0x11a

goroutine 2712 [sleep]:
time.Sleep(0x45d964b800)
	/home/jules/go/pkg/mod/golang.org/toolchain@v0.0.1-go1.25.0.linux-amd64/src/runtime/time.go:363 +0x165
github.com/bokiko/bloxos/hub.(*RateLimiter).cleanupLoop(0xc000540b80)
	/app/hub/main.go:1529 +0x54
created by github.com/bokiko/bloxos/hub.NewRateLimiter in goroutine 2682
	/app/hub/main.go:1501 +0x11a

goroutine 4747 [sleep]:
time.Sleep(0x45d964b800)
	/home/jules/go/pkg/mod/golang.org/toolchain@v0.0.1-go1.25.0.linux-amd64/src/runtime/time.go:363 +0x165
github.com/bokiko/bloxos/hub.(*RateLimiter).cleanupLoop(0xc0004a7f60)
	/app/hub/main.go:1529 +0x54
created by github.com/bokiko/bloxos/hub.NewRateLimiter in goroutine 4773
	/app/hub/main.go:1501 +0x11a

goroutine 3570 [sleep, 3 minutes]:
time.Sleep(0x45d964b800)
	/home/jules/go/pkg/mod/golang.org/toolchain@v0.0.1-go1.25.0.linux-amd64/src/runtime/time.go:363 +0x165
github.com/bokiko/bloxos/hub.(*RateLimiter).cleanupLoop(0xc000415190)
	/app/hub/main.go:1529 +0x54
created by github.com/bokiko/bloxos/hub.NewRateLimiter in goroutine 3543
	/app/hub/main.go:1501 +0x11a

goroutine 5093 [select]:
database/sql.(*DB).connectionOpener(0xc0002995f0, {0x158b048, 0xc0000f5130})
	/home/jules/go/pkg/mod/golang.org/toolchain@v0.0.1-go1.25.0.linux-amd64/src/database/sql/sql.go:1261 +0xeb
created by database/sql.OpenDB in goroutine 5082
	/home/jules/go/pkg/mod/golang.org/toolchain@v0.0.1-go1.25.0.linux-amd64/src/database/sql/sql.go:841 +0x287

goroutine 3770 [sleep, 2 minutes]:
time.Sleep(0x45d964b800)
	/home/jules/go/pkg/mod/golang.org/toolchain@v0.0.1-go1.25.0.linux-amd64/src/runtime/time.go:363 +0x165
github.com/bokiko/bloxos/hub.(*RateLimiter).cleanupLoop(0xc0004de9c0)
	/app/hub/main.go:1529 +0x54
created by github.com/bokiko/bloxos/hub.NewRateLimiter in goroutine 3745
	/app/hub/main.go:1501 +0x11a

goroutine 1206 [sleep, 3 minutes]:
time.Sleep(0x45d964b800)
	/home/jules/go/pkg/mod/golang.org/toolchain@v0.0.1-go1.25.0.linux-amd64/src/runtime/time.go:363 +0x165
github.com/bokiko/bloxos/hub.(*RateLimiter).cleanupLoop(0xc0002cc9a0)
	/app/hub/main.go:1529 +0x54
created by github.com/bokiko/bloxos/hub.NewRateLimiter in goroutine 1259
	/app/hub/main.go:1501 +0x11a

goroutine 2465 [sleep, 1 minutes]:
time.Sleep(0x45d964b800)
	/home/jules/go/pkg/mod/golang.org/toolchain@v0.0.1-go1.25.0.linux-amd64/src/runtime/time.go:363 +0x165
github.com/bokiko/bloxos/hub.(*RateLimiter).cleanupLoop(0xc0003e3720)
	/app/hub/main.go:1529 +0x54
created by github.com/bokiko/bloxos/hub.NewRateLimiter in goroutine 2464
	/app/hub/main.go:1501 +0x11a

goroutine 696 [sleep, 4 minutes]:
time.Sleep(0x45d964b800)
	/home/jules/go/pkg/mod/golang.org/toolchain@v0.0.1-go1.25.0.linux-amd64/src/runtime/time.go:363 +0x165
github.com/bokiko/bloxos/hub.(*RateLimiter).cleanupLoop(0xc00034c8d0)
	/app/hub/main.go:1529 +0x54
created by github.com/bokiko/bloxos/hub.NewRateLimiter in goroutine 678
	/app/hub/main.go:1501 +0x11a

goroutine 2635 [sleep]:
time.Sleep(0x45d964b800)
	/home/jules/go/pkg/mod/golang.org/toolchain@v0.0.1-go1.25.0.linux-amd64/src/runtime/time.go:363 +0x165
github.com/bokiko/bloxos/hub.(*RateLimiter).cleanupLoop(0xc0003e2800)
	/app/hub/main.go:1529 +0x54
created by github.com/bokiko/bloxos/hub.NewRateLimiter in goroutine 2609
	/app/hub/main.go:1501 +0x11a

goroutine 4477 [sleep, 1 minutes]:
time.Sleep(0x45d964b800)
	/home/jules/go/pkg/mod/golang.org/toolchain@v0.0.1-go1.25.0.linux-amd64/src/runtime/time.go:363 +0x165
github.com/bokiko/bloxos/hub.(*RateLimiter).cleanupLoop(0xc000414e40)
	/app/hub/main.go:1529 +0x54
created by github.com/bokiko/bloxos/hub.NewRateLimiter in goroutine 4466
	/app/hub/main.go:1501 +0x11a

goroutine 2383 [sleep]:
time.Sleep(0x45d964b800)
	/home/jules/go/pkg/mod/golang.org/toolchain@v0.0.1-go1.25.0.linux-amd64/src/runtime/time.go:363 +0x165
github.com/bokiko/bloxos/hub.(*RateLimiter).cleanupLoop(0xc0004de040)
	/app/hub/main.go:1529 +0x54
created by github.com/bokiko/bloxos/hub.NewRateLimiter in goroutine 2513
	/app/hub/main.go:1501 +0x11a

goroutine 4047 [sleep, 2 minutes]:
time.Sleep(0x45d964b800)
	/home/jules/go/pkg/mod/golang.org/toolchain@v0.0.1-go1.25.0.linux-amd64/src/runtime/time.go:363 +0x165
github.com/bokiko/bloxos/hub.(*RateLimiter).cleanupLoop(0xc000212b20)
	/app/hub/main.go:1529 +0x54
created by github.com/bokiko/bloxos/hub.NewRateLimiter in goroutine 4006
	/app/hub/main.go:1501 +0x11a

goroutine 1011 [sleep, 4 minutes]:
time.Sleep(0x45d964b800)
	/home/jules/go/pkg/mod/golang.org/toolchain@v0.0.1-go1.25.0.linux-amd64/src/runtime/time.go:363 +0x165
github.com/bokiko/bloxos/hub.(*RateLimiter).cleanupLoop(0xc0004a6b80)
	/app/hub/main.go:1529 +0x54
created by github.com/bokiko/bloxos/hub.NewRateLimiter in goroutine 942
	/app/hub/main.go:1501 +0x11a

goroutine 2382 [sleep, 1 minutes]:
time.Sleep(0x45d964b800)
	/home/jules/go/pkg/mod/golang.org/toolchain@v0.0.1-go1.25.0.linux-amd64/src/runtime/time.go:363 +0x165
github.com/bokiko/bloxos/hub.(*RateLimiter).cleanupLoop(0xc0004dfdb0)
	/app/hub/main.go:1529 +0x54
created by github.com/bokiko/bloxos/hub.NewRateLimiter in goroutine 2390
	/app/hub/main.go:1501 +0x11a

goroutine 1795 [sleep, 2 minutes]:
time.Sleep(0x45d964b800)
	/home/jules/go/pkg/mod/golang.org/toolchain@v0.0.1-go1.25.0.linux-amd64/src/runtime/time.go:363 +0x165
github.com/bokiko/bloxos/hub.(*RateLimiter).cleanupLoop(0xc000541bf0)
	/app/hub/main.go:1529 +0x54
created by github.com/bokiko/bloxos/hub.NewRateLimiter in goroutine 1757
	/app/hub/main.go:1501 +0x11a

goroutine 4172 [sleep, 1 minutes]:
time.Sleep(0x45d964b800)
	/home/jules/go/pkg/mod/golang.org/toolchain@v0.0.1-go1.25.0.linux-amd64/src/runtime/time.go:363 +0x165
github.com/bokiko/bloxos/hub.(*RateLimiter).cleanupLoop(0xc0004a7b70)
	/app/hub/main.go:1529 +0x54
created by github.com/bokiko/bloxos/hub.NewRateLimiter in goroutine 4164
	/app/hub/main.go:1501 +0x11a

goroutine 1321 [sleep, 3 minutes]:
time.Sleep(0x45d964b800)
	/home/jules/go/pkg/mod/golang.org/toolchain@v0.0.1-go1.25.0.linux-amd64/src/runtime/time.go:363 +0x165
github.com/bokiko/bloxos/hub.(*RateLimiter).cleanupLoop(0xc0000374d0)
	/app/hub/main.go:1529 +0x54
created by github.com/bokiko/bloxos/hub.NewRateLimiter in goroutine 1299
	/app/hub/main.go:1501 +0x11a

goroutine 791 [sleep, 4 minutes]:
time.Sleep(0x45d964b800)
	/home/jules/go/pkg/mod/golang.org/toolchain@v0.0.1-go1.25.0.linux-amd64/src/runtime/time.go:363 +0x165
github.com/bokiko/bloxos/hub.(*RateLimiter).cleanupLoop(0xc000494430)
	/app/hub/main.go:1529 +0x54
created by github.com/bokiko/bloxos/hub.NewRateLimiter in goroutine 789
	/app/hub/main.go:1501 +0x11a

goroutine 2804 [sleep]:
time.Sleep(0x45d964b800)
	/home/jules/go/pkg/mod/golang.org/toolchain@v0.0.1-go1.25.0.linux-amd64/src/runtime/time.go:363 +0x165
github.com/bokiko/bloxos/hub.(*RateLimiter).cleanupLoop(0xc0004de9a0)
	/app/hub/main.go:1529 +0x54
created by github.com/bokiko/bloxos/hub.NewRateLimiter in goroutine 2798
	/app/hub/main.go:1501 +0x11a

goroutine 812 [sleep, 4 minutes]:
time.Sleep(0x45d964b800)
	/home/jules/go/pkg/mod/golang.org/toolchain@v0.0.1-go1.25.0.linux-amd64/src/runtime/time.go:363 +0x165
github.com/bokiko/bloxos/hub.(*RateLimiter).cleanupLoop(0xc0005d4c20)
	/app/hub/main.go:1529 +0x54
created by github.com/bokiko/bloxos/hub.NewRateLimiter in goroutine 793
	/app/hub/main.go:1501 +0x11a

goroutine 1965 [sleep, 2 minutes]:
time.Sleep(0x45d964b800)
	/home/jules/go/pkg/mod/golang.org/toolchain@v0.0.1-go1.25.0.linux-amd64/src/runtime/time.go:363 +0x165
github.com/bokiko/bloxos/hub.(*RateLimiter).cleanupLoop(0xc000212bd0)
	/app/hub/main.go:1529 +0x54
created by github.com/bokiko/bloxos/hub.NewRateLimiter in goroutine 1930
	/app/hub/main.go:1501 +0x11a

goroutine 1859 [sleep, 2 minutes]:
time.Sleep(0x45d964b800)
	/home/jules/go/pkg/mod/golang.org/toolchain@v0.0.1-go1.25.0.linux-amd64/src/runtime/time.go:363 +0x165
github.com/bokiko/bloxos/hub.(*RateLimiter).cleanupLoop(0xc0004a78e0)
	/app/hub/main.go:1529 +0x54
created by github.com/bokiko/bloxos/hub.NewRateLimiter in goroutine 1788
	/app/hub/main.go:1501 +0x11a

goroutine 2094 [sleep, 1 minutes]:
time.Sleep(0x45d964b800)
	/home/jules/go/pkg/mod/golang.org/toolchain@v0.0.1-go1.25.0.linux-amd64/src/runtime/time.go:363 +0x165
github.com/bokiko/bloxos/hub.(*RateLimiter).cleanupLoop(0xc0005d4380)
	/app/hub/main.go:1529 +0x54
created by github.com/bokiko/bloxos/hub.NewRateLimiter in goroutine 2133
	/app/hub/main.go:1501 +0x11a

goroutine 1192 [sleep, 3 minutes]:
time.Sleep(0x45d964b800)
	/home/jules/go/pkg/mod/golang.org/toolchain@v0.0.1-go1.25.0.linux-amd64/src/runtime/time.go:363 +0x165
github.com/bokiko/bloxos/hub.(*RateLimiter).cleanupLoop(0xc0004deec0)
	/app/hub/main.go:1529 +0x54
created by github.com/bokiko/bloxos/hub.NewRateLimiter in goroutine 1172
	/app/hub/main.go:1501 +0x11a

goroutine 4267 [sleep, 1 minutes]:
time.Sleep(0x45d964b800)
	/home/jules/go/pkg/mod/golang.org/toolchain@v0.0.1-go1.25.0.linux-amd64/src/runtime/time.go:363 +0x165
github.com/bokiko/bloxos/hub.(*RateLimiter).cleanupLoop(0xc0004df450)
	/app/hub/main.go:1529 +0x54
created by github.com/bokiko/bloxos/hub.NewRateLimiter in goroutine 4258
	/app/hub/main.go:1501 +0x11a

goroutine 4670 [sleep]:
time.Sleep(0x45d964b800)
	/home/jules/go/pkg/mod/golang.org/toolchain@v0.0.1-go1.25.0.linux-amd64/src/runtime/time.go:363 +0x165
github.com/bokiko/bloxos/hub.(*RateLimiter).cleanupLoop(0xc0000371d0)
	/app/hub/main.go:1529 +0x54
created by github.com/bokiko/bloxos/hub.NewRateLimiter in goroutine 4677
	/app/hub/main.go:1501 +0x11a

goroutine 1062 [sleep, 3 minutes]:
time.Sleep(0x45d964b800)
	/home/jules/go/pkg/mod/golang.org/toolchain@v0.0.1-go1.25.0.linux-amd64/src/runtime/time.go:363 +0x165
github.com/bokiko/bloxos/hub.(*RateLimiter).cleanupLoop(0xc00037cf70)
	/app/hub/main.go:1529 +0x54
created by github.com/bokiko/bloxos/hub.NewRateLimiter in goroutine 958
	/app/hub/main.go:1501 +0x11a

goroutine 1680 [sleep, 2 minutes]:
time.Sleep(0x45d964b800)
	/home/jules/go/pkg/mod/golang.org/toolchain@v0.0.1-go1.25.0.linux-amd64/src/runtime/time.go:363 +0x165
github.com/bokiko/bloxos/hub.(*RateLimiter).cleanupLoop(0xc000541330)
	/app/hub/main.go:1529 +0x54
created by github.com/bokiko/bloxos/hub.NewRateLimiter in goroutine 1750
	/app/hub/main.go:1501 +0x11a

goroutine 1012 [sleep, 3 minutes]:
time.Sleep(0x45d964b800)
	/home/jules/go/pkg/mod/golang.org/toolchain@v0.0.1-go1.25.0.linux-amd64/src/runtime/time.go:363 +0x165
github.com/bokiko/bloxos/hub.(*RateLimiter).cleanupLoop(0xc0003e0030)
	/app/hub/main.go:1529 +0x54
created by github.com/bokiko/bloxos/hub.NewRateLimiter in goroutine 950
	/app/hub/main.go:1501 +0x11a

goroutine 4535 [sleep, 1 minutes]:
time.Sleep(0x45d964b800)
	/home/jules/go/pkg/mod/golang.org/toolchain@v0.0.1-go1.25.0.linux-amd64/src/runtime/time.go:363 +0x165
github.com/bokiko/bloxos/hub.(*RateLimiter).cleanupLoop(0xc000541cf0)
	/app/hub/main.go:1529 +0x54
created by github.com/bokiko/bloxos/hub.NewRateLimiter in goroutine 4380
	/app/hub/main.go:1501 +0x11a

goroutine 2055 [sleep, 1 minutes]:
time.Sleep(0x45d964b800)
	/home/jules/go/pkg/mod/golang.org/toolchain@v0.0.1-go1.25.0.linux-amd64/src/runtime/time.go:363 +0x165
github.com/bokiko/bloxos/hub.(*RateLimiter).cleanupLoop(0xc0000362b0)
	/app/hub/main.go:1529 +0x54
created by github.com/bokiko/bloxos/hub.NewRateLimiter in goroutine 2027
	/app/hub/main.go:1501 +0x11a

goroutine 4035 [sleep, 2 minutes]:
time.Sleep(0x45d964b800)
	/home/jules/go/pkg/mod/golang.org/toolchain@v0.0.1-go1.25.0.linux-amd64/src/runtime/time.go:363 +0x165
github.com/bokiko/bloxos/hub.(*RateLimiter).cleanupLoop(0xc000495bd0)
	/app/hub/main.go:1529 +0x54
created by github.com/bokiko/bloxos/hub.NewRateLimiter in goroutine 3978
	/app/hub/main.go:1501 +0x11a

goroutine 4234 [sleep, 1 minutes]:
time.Sleep(0x45d964b800)
	/home/jules/go/pkg/mod/golang.org/toolchain@v0.0.1-go1.25.0.linux-amd64/src/runtime/time.go:363 +0x165
github.com/bokiko/bloxos/hub.(*RateLimiter).cleanupLoop(0xc000540f00)
	/app/hub/main.go:1529 +0x54
created by github.com/bokiko/bloxos/hub.NewRateLimiter in goroutine 4197
	/app/hub/main.go:1501 +0x11a

goroutine 3881 [sleep, 2 minutes]:
time.Sleep(0x45d964b800)
	/home/jules/go/pkg/mod/golang.org/toolchain@v0.0.1-go1.25.0.linux-amd64/src/runtime/time.go:363 +0x165
github.com/bokiko/bloxos/hub.(*RateLimiter).cleanupLoop(0xc00037d700)
	/app/hub/main.go:1529 +0x54
created by github.com/bokiko/bloxos/hub.NewRateLimiter in goroutine 3863
	/app/hub/main.go:1501 +0x11a

goroutine 2103 [sleep, 1 minutes]:
time.Sleep(0x45d964b800)
	/home/jules/go/pkg/mod/golang.org/toolchain@v0.0.1-go1.25.0.linux-amd64/src/runtime/time.go:363 +0x165
github.com/bokiko/bloxos/hub.(*RateLimiter).cleanupLoop(0xc000540e20)
	/app/hub/main.go:1529 +0x54
created by github.com/bokiko/bloxos/hub.NewRateLimiter in goroutine 2065
	/app/hub/main.go:1501 +0x11a

goroutine 3838 [sleep, 2 minutes]:
time.Sleep(0x45d964b800)
	/home/jules/go/pkg/mod/golang.org/toolchain@v0.0.1-go1.25.0.linux-amd64/src/runtime/time.go:363 +0x165
github.com/bokiko/bloxos/hub.(*RateLimiter).cleanupLoop(0xc000414990)
	/app/hub/main.go:1529 +0x54
created by github.com/bokiko/bloxos/hub.NewRateLimiter in goroutine 3914
	/app/hub/main.go:1501 +0x11a

goroutine 2334 [sleep, 1 minutes]:
time.Sleep(0x45d964b800)
	/home/jules/go/pkg/mod/golang.org/toolchain@v0.0.1-go1.25.0.linux-amd64/src/runtime/time.go:363 +0x165
github.com/bokiko/bloxos/hub.(*RateLimiter).cleanupLoop(0xc000495770)
	/app/hub/main.go:1529 +0x54
created by github.com/bokiko/bloxos/hub.NewRateLimiter in goroutine 2324
	/app/hub/main.go:1501 +0x11a

goroutine 2831 [sleep]:
time.Sleep(0x45d964b800)
	/home/jules/go/pkg/mod/golang.org/toolchain@v0.0.1-go1.25.0.linux-amd64/src/runtime/time.go:363 +0x165
github.com/bokiko/bloxos/hub.(*RateLimiter).cleanupLoop(0xc0004940e0)
	/app/hub/main.go:1529 +0x54
created by github.com/bokiko/bloxos/hub.NewRateLimiter in goroutine 2798
	/app/hub/main.go:1501 +0x11a

goroutine 3159 [sleep, 4 minutes]:
time.Sleep(0x45d964b800)
	/home/jules/go/pkg/mod/golang.org/toolchain@v0.0.1-go1.25.0.linux-amd64/src/runtime/time.go:363 +0x165
github.com/bokiko/bloxos/hub.(*RateLimiter).cleanupLoop(0xc0004dfb50)
	/app/hub/main.go:1529 +0x54
created by github.com/bokiko/bloxos/hub.NewRateLimiter in goroutine 3144
	/app/hub/main.go:1501 +0x11a

goroutine 3232 [sleep, 4 minutes]:
time.Sleep(0x45d964b800)
	/home/jules/go/pkg/mod/golang.org/toolchain@v0.0.1-go1.25.0.linux-amd64/src/runtime/time.go:363 +0x165
github.com/bokiko/bloxos/hub.(*RateLimiter).cleanupLoop(0xc0004a6810)
	/app/hub/main.go:1529 +0x54
created by github.com/bokiko/bloxos/hub.NewRateLimiter in goroutine 3213
	/app/hub/main.go:1501 +0x11a

goroutine 2987 [sleep, 5 minutes]:
time.Sleep(0x45d964b800)
	/home/jules/go/pkg/mod/golang.org/toolchain@v0.0.1-go1.25.0.linux-amd64/src/runtime/time.go:363 +0x165
github.com/bokiko/bloxos/hub.(*RateLimiter).cleanupLoop(0xc0003e0d30)
	/app/hub/main.go:1529 +0x54
created by github.com/bokiko/bloxos/hub.NewRateLimiter in goroutine 2769
	/app/hub/main.go:1501 +0x11a

goroutine 5066 [sleep]:
time.Sleep(0x45d964b800)
	/home/jules/go/pkg/mod/golang.org/toolchain@v0.0.1-go1.25.0.linux-amd64/src/runtime/time.go:363 +0x165
github.com/bokiko/bloxos/hub.(*RateLimiter).cleanupLoop(0xc000494c20)
	/app/hub/main.go:1529 +0x54
created by github.com/bokiko/bloxos/hub.NewRateLimiter in goroutine 5054
	/app/hub/main.go:1501 +0x11a

goroutine 2680 [sleep]:
time.Sleep(0x45d964b800)
	/home/jules/go/pkg/mod/golang.org/toolchain@v0.0.1-go1.25.0.linux-amd64/src/runtime/time.go:363 +0x165
github.com/bokiko/bloxos/hub.(*RateLimiter).cleanupLoop(0xc0005d50a0)
	/app/hub/main.go:1529 +0x54
created by github.com/bokiko/bloxos/hub.NewRateLimiter in goroutine 2650
	/app/hub/main.go:1501 +0x11a

goroutine 4120 [sleep, 1 minutes]:
time.Sleep(0x45d964b800)
	/home/jules/go/pkg/mod/golang.org/toolchain@v0.0.1-go1.25.0.linux-amd64/src/runtime/time.go:363 +0x165
github.com/bokiko/bloxos/hub.(*RateLimiter).cleanupLoop(0xc0004a6ae0)
	/app/hub/main.go:1529 +0x54
created by github.com/bokiko/bloxos/hub.NewRateLimiter in goroutine 4106
	/app/hub/main.go:1501 +0x11a

goroutine 5003 [sleep]:
time.Sleep(0x45d964b800)
	/home/jules/go/pkg/mod/golang.org/toolchain@v0.0.1-go1.25.0.linux-amd64/src/runtime/time.go:363 +0x165
github.com/bokiko/bloxos/hub.(*RateLimiter).cleanupLoop(0xc0002d91d0)
	/app/hub/main.go:1529 +0x54
created by github.com/bokiko/bloxos/hub.NewRateLimiter in goroutine 5016
	/app/hub/main.go:1501 +0x11a

goroutine 2244 [sleep, 1 minutes]:
time.Sleep(0x45d964b800)
	/home/jules/go/pkg/mod/golang.org/toolchain@v0.0.1-go1.25.0.linux-amd64/src/runtime/time.go:363 +0x165
github.com/bokiko/bloxos/hub.(*RateLimiter).cleanupLoop(0xc000540b90)
	/app/hub/main.go:1529 +0x54
created by github.com/bokiko/bloxos/hub.NewRateLimiter in goroutine 2228
	/app/hub/main.go:1501 +0x11a

goroutine 3897 [sleep, 2 minutes]:
time.Sleep(0x45d964b800)
	/home/jules/go/pkg/mod/golang.org/toolchain@v0.0.1-go1.25.0.linux-amd64/src/runtime/time.go:363 +0x165
github.com/bokiko/bloxos/hub.(*RateLimiter).cleanupLoop(0xc0003e2dd0)
	/app/hub/main.go:1529 +0x54
created by github.com/bokiko/bloxos/hub.NewRateLimiter in goroutine 3883
	/app/hub/main.go:1501 +0x11a

goroutine 3987 [sleep, 2 minutes]:
time.Sleep(0x45d964b800)
	/home/jules/go/pkg/mod/golang.org/toolchain@v0.0.1-go1.25.0.linux-amd64/src/runtime/time.go:363 +0x165
github.com/bokiko/bloxos/hub.(*RateLimiter).cleanupLoop(0xc0002e86f0)
	/app/hub/main.go:1529 +0x54
created by github.com/bokiko/bloxos/hub.NewRateLimiter in goroutine 3921
	/app/hub/main.go:1501 +0x11a

goroutine 3009 [sleep, 4 minutes]:
time.Sleep(0x45d964b800)
	/home/jules/go/pkg/mod/golang.org/toolchain@v0.0.1-go1.25.0.linux-amd64/src/runtime/time.go:363 +0x165
github.com/bokiko/bloxos/hub.(*RateLimiter).cleanupLoop(0xc0004de120)
	/app/hub/main.go:1529 +0x54
created by github.com/bokiko/bloxos/hub.NewRateLimiter in goroutine 3031
	/app/hub/main.go:1501 +0x11a

goroutine 2368 [sleep, 1 minutes]:
time.Sleep(0x45d964b800)
	/home/jules/go/pkg/mod/golang.org/toolchain@v0.0.1-go1.25.0.linux-amd64/src/runtime/time.go:363 +0x165
github.com/bokiko/bloxos/hub.(*RateLimiter).cleanupLoop(0xc0000372c0)
	/app/hub/main.go:1529 +0x54
created by github.com/bokiko/bloxos/hub.NewRateLimiter in goroutine 2313
	/app/hub/main.go:1501 +0x11a

goroutine 2257 [sleep, 1 minutes]:
time.Sleep(0x45d964b800)
	/home/jules/go/pkg/mod/golang.org/toolchain@v0.0.1-go1.25.0.linux-amd64/src/runtime/time.go:363 +0x165
github.com/bokiko/bloxos/hub.(*RateLimiter).cleanupLoop(0xc000494200)
	/app/hub/main.go:1529 +0x54
created by github.com/bokiko/bloxos/hub.NewRateLimiter in goroutine 2286
	/app/hub/main.go:1501 +0x11a

goroutine 2311 [sleep, 1 minutes]:
time.Sleep(0x45d964b800)
	/home/jules/go/pkg/mod/golang.org/toolchain@v0.0.1-go1.25.0.linux-amd64/src/runtime/time.go:363 +0x165
github.com/bokiko/bloxos/hub.(*RateLimiter).cleanupLoop(0xc0004de480)
	/app/hub/main.go:1529 +0x54
created by github.com/bokiko/bloxos/hub.NewRateLimiter in goroutine 2336
	/app/hub/main.go:1501 +0x11a

goroutine 2290 [sleep, 1 minutes]:
time.Sleep(0x45d964b800)
	/home/jules/go/pkg/mod/golang.org/toolchain@v0.0.1-go1.25.0.linux-amd64/src/runtime/time.go:363 +0x165
github.com/bokiko/bloxos/hub.(*RateLimiter).cleanupLoop(0xc0003e3e60)
	/app/hub/main.go:1529 +0x54
created by github.com/bokiko/bloxos/hub.NewRateLimiter in goroutine 2263
	/app/hub/main.go:1501 +0x11a

goroutine 2805 [sleep]:
time.Sleep(0x45d964b800)
	/home/jules/go/pkg/mod/golang.org/toolchain@v0.0.1-go1.25.0.linux-amd64/src/runtime/time.go:363 +0x165
github.com/bokiko/bloxos/hub.(*RateLimiter).cleanupLoop(0xc0004df940)
	/app/hub/main.go:1529 +0x54
created by github.com/bokiko/bloxos/hub.NewRateLimiter in goroutine 2798
	/app/hub/main.go:1501 +0x11a

goroutine 3219 [sleep, 4 minutes]:
time.Sleep(0x45d964b800)
	/home/jules/go/pkg/mod/golang.org/toolchain@v0.0.1-go1.25.0.linux-amd64/src/runtime/time.go:363 +0x165
github.com/bokiko/bloxos/hub.(*RateLimiter).cleanupLoop(0xc000037a80)
	/app/hub/main.go:1529 +0x54
created by github.com/bokiko/bloxos/hub.NewRateLimiter in goroutine 3167
	/app/hub/main.go:1501 +0x11a

goroutine 3431 [sleep, 4 minutes]:
time.Sleep(0x45d964b800)
	/home/jules/go/pkg/mod/golang.org/toolchain@v0.0.1-go1.25.0.linux-amd64/src/runtime/time.go:363 +0x165
github.com/bokiko/bloxos/hub.(*RateLimiter).cleanupLoop(0xc000036a90)
	/app/hub/main.go:1529 +0x54
created by github.com/bokiko/bloxos/hub.NewRateLimiter in goroutine 3411
	/app/hub/main.go:1501 +0x11a

goroutine 4628 [sleep]:
time.Sleep(0x45d964b800)
	/home/jules/go/pkg/mod/golang.org/toolchain@v0.0.1-go1.25.0.linux-amd64/src/runtime/time.go:363 +0x165
github.com/bokiko/bloxos/hub.(*RateLimiter).cleanupLoop(0xc00009a220)
	/app/hub/main.go:1529 +0x54
created by github.com/bokiko/bloxos/hub.NewRateLimiter in goroutine 4617
	/app/hub/main.go:1501 +0x11a

goroutine 2971 [sleep, 5 minutes]:
time.Sleep(0x45d964b800)
	/home/jules/go/pkg/mod/golang.org/toolchain@v0.0.1-go1.25.0.linux-amd64/src/runtime/time.go:363 +0x165
github.com/bokiko/bloxos/hub.(*RateLimiter).cleanupLoop(0xc0005d5af0)
	/app/hub/main.go:1529 +0x54
created by github.com/bokiko/bloxos/hub.NewRateLimiter in goroutine 2881
	/app/hub/main.go:1501 +0x11a

goroutine 4308 [sleep, 1 minutes]:
time.Sleep(0x45d964b800)
	/home/jules/go/pkg/mod/golang.org/toolchain@v0.0.1-go1.25.0.linux-amd64/src/runtime/time.go:363 +0x165
github.com/bokiko/bloxos/hub.(*RateLimiter).cleanupLoop(0xc0003e0940)
	/app/hub/main.go:1529 +0x54
created by github.com/bokiko/bloxos/hub.NewRateLimiter in goroutine 4160
	/app/hub/main.go:1501 +0x11a

goroutine 3130 [sleep, 4 minutes]:
time.Sleep(0x45d964b800)
	/home/jules/go/pkg/mod/golang.org/toolchain@v0.0.1-go1.25.0.linux-amd64/src/runtime/time.go:363 +0x165
github.com/bokiko/bloxos/hub.(*RateLimiter).cleanupLoop(0xc000494670)
	/app/hub/main.go:1529 +0x54
created by github.com/bokiko/bloxos/hub.NewRateLimiter in goroutine 3061
	/app/hub/main.go:1501 +0x11a

goroutine 2950 [sleep, 5 minutes]:
time.Sleep(0x45d964b800)
	/home/jules/go/pkg/mod/golang.org/toolchain@v0.0.1-go1.25.0.linux-amd64/src/runtime/time.go:363 +0x165
github.com/bokiko/bloxos/hub.(*RateLimiter).cleanupLoop(0xc000541870)
	/app/hub/main.go:1529 +0x54
created by github.com/bokiko/bloxos/hub.NewRateLimiter in goroutine 2941
	/app/hub/main.go:1501 +0x11a

goroutine 4393 [sleep, 1 minutes]:
time.Sleep(0x45d964b800)
	/home/jules/go/pkg/mod/golang.org/toolchain@v0.0.1-go1.25.0.linux-amd64/src/runtime/time.go:363 +0x165
github.com/bokiko/bloxos/hub.(*RateLimiter).cleanupLoop(0xc0003e2ef0)
	/app/hub/main.go:1529 +0x54
created by github.com/bokiko/bloxos/hub.NewRateLimiter in goroutine 4304
	/app/hub/main.go:1501 +0x11a

goroutine 3006 [sleep, 5 minutes]:
time.Sleep(0x45d964b800)
	/home/jules/go/pkg/mod/golang.org/toolchain@v0.0.1-go1.25.0.linux-amd64/src/runtime/time.go:363 +0x165
github.com/bokiko/bloxos/hub.(*RateLimiter).cleanupLoop(0xc0004949e0)
	/app/hub/main.go:1529 +0x54
created by github.com/bokiko/bloxos/hub.NewRateLimiter in goroutine 3012
	/app/hub/main.go:1501 +0x11a

goroutine 4078 [sleep, 1 minutes]:
time.Sleep(0x45d964b800)
	/home/jules/go/pkg/mod/golang.org/toolchain@v0.0.1-go1.25.0.linux-amd64/src/runtime/time.go:363 +0x165
github.com/bokiko/bloxos/hub.(*RateLimiter).cleanupLoop(0xc0003085b0)
	/app/hub/main.go:1529 +0x54
created by github.com/bokiko/bloxos/hub.NewRateLimiter in goroutine 4122
	/app/hub/main.go:1501 +0x11a

goroutine 3299 [sleep, 4 minutes]:
time.Sleep(0x45d964b800)
	/home/jules/go/pkg/mod/golang.org/toolchain@v0.0.1-go1.25.0.linux-amd64/src/runtime/time.go:363 +0x165
github.com/bokiko/bloxos/hub.(*RateLimiter).cleanupLoop(0xc000414560)
	/app/hub/main.go:1529 +0x54
created by github.com/bokiko/bloxos/hub.NewRateLimiter in goroutine 3270
	/app/hub/main.go:1501 +0x11a

goroutine 3587 [sleep, 3 minutes]:
time.Sleep(0x45d964b800)
	/home/jules/go/pkg/mod/golang.org/toolchain@v0.0.1-go1.25.0.linux-amd64/src/runtime/time.go:363 +0x165
github.com/bokiko/bloxos/hub.(*RateLimiter).cleanupLoop(0xc0005d5980)
	/app/hub/main.go:1529 +0x54
created by github.com/bokiko/bloxos/hub.NewRateLimiter in goroutine 3621
	/app/hub/main.go:1501 +0x11a

goroutine 3193 [sleep, 4 minutes]:
time.Sleep(0x45d964b800)
	/home/jules/go/pkg/mod/golang.org/toolchain@v0.0.1-go1.25.0.linux-amd64/src/runtime/time.go:363 +0x165
github.com/bokiko/bloxos/hub.(*RateLimiter).cleanupLoop(0xc0003e04d0)
	/app/hub/main.go:1529 +0x54
created by github.com/bokiko/bloxos/hub.NewRateLimiter in goroutine 3161
	/app/hub/main.go:1501 +0x11a

goroutine 3226 [sleep, 4 minutes]:
time.Sleep(0x45d964b800)
	/home/jules/go/pkg/mod/golang.org/toolchain@v0.0.1-go1.25.0.linux-amd64/src/runtime/time.go:363 +0x165
github.com/bokiko/bloxos/hub.(*RateLimiter).cleanupLoop(0xc0002f51a0)
	/app/hub/main.go:1529 +0x54
created by github.com/bokiko/bloxos/hub.NewRateLimiter in goroutine 3221
	/app/hub/main.go:1501 +0x11a

goroutine 3142 [sleep, 4 minutes]:
time.Sleep(0x45d964b800)
	/home/jules/go/pkg/mod/golang.org/toolchain@v0.0.1-go1.25.0.linux-amd64/src/runtime/time.go:363 +0x165
github.com/bokiko/bloxos/hub.(*RateLimiter).cleanupLoop(0xc0005d4030)
	/app/hub/main.go:1529 +0x54
created by github.com/bokiko/bloxos/hub.NewRateLimiter in goroutine 3110
	/app/hub/main.go:1501 +0x11a

goroutine 3707 [sleep, 3 minutes]:
time.Sleep(0x45d964b800)
	/home/jules/go/pkg/mod/golang.org/toolchain@v0.0.1-go1.25.0.linux-amd64/src/runtime/time.go:363 +0x165
github.com/bokiko/bloxos/hub.(*RateLimiter).cleanupLoop(0xc00037cc30)
	/app/hub/main.go:1529 +0x54
created by github.com/bokiko/bloxos/hub.NewRateLimiter in goroutine 3689
	/app/hub/main.go:1501 +0x11a

goroutine 3613 [sleep, 3 minutes]:
time.Sleep(0x45d964b800)
	/home/jules/go/pkg/mod/golang.org/toolchain@v0.0.1-go1.25.0.linux-amd64/src/runtime/time.go:363 +0x165
github.com/bokiko/bloxos/hub.(*RateLimiter).cleanupLoop(0xc000494170)
	/app/hub/main.go:1529 +0x54
created by github.com/bokiko/bloxos/hub.NewRateLimiter in goroutine 3603
	/app/hub/main.go:1501 +0x11a

goroutine 3586 [sleep, 3 minutes]:
time.Sleep(0x45d964b800)
	/home/jules/go/pkg/mod/golang.org/toolchain@v0.0.1-go1.25.0.linux-amd64/src/runtime/time.go:363 +0x165
github.com/bokiko/bloxos/hub.(*RateLimiter).cleanupLoop(0xc0005d4760)
	/app/hub/main.go:1529 +0x54
created by github.com/bokiko/bloxos/hub.NewRateLimiter in goroutine 3550
	/app/hub/main.go:1501 +0x11a

goroutine 3720 [sleep, 2 minutes]:
time.Sleep(0x45d964b800)
	/home/jules/go/pkg/mod/golang.org/toolchain@v0.0.1-go1.25.0.linux-amd64/src/runtime/time.go:363 +0x165
github.com/bokiko/bloxos/hub.(*RateLimiter).cleanupLoop(0xc0003e0020)
	/app/hub/main.go:1529 +0x54
created by github.com/bokiko/bloxos/hub.NewRateLimiter in goroutine 3801
	/app/hub/main.go:1501 +0x11a

goroutine 3593 [sleep, 3 minutes]:
time.Sleep(0x45d964b800)
	/home/jules/go/pkg/mod/golang.org/toolchain@v0.0.1-go1.25.0.linux-amd64/src/runtime/time.go:363 +0x165
github.com/bokiko/bloxos/hub.(*RateLimiter).cleanupLoop(0xc000036850)
	/app/hub/main.go:1529 +0x54
created by github.com/bokiko/bloxos/hub.NewRateLimiter in goroutine 3641
	/app/hub/main.go:1501 +0x11a

goroutine 4638 [sleep]:
time.Sleep(0x45d964b800)
	/home/jules/go/pkg/mod/golang.org/toolchain@v0.0.1-go1.25.0.linux-amd64/src/runtime/time.go:363 +0x165
github.com/bokiko/bloxos/hub.(*RateLimiter).cleanupLoop(0xc00009b240)
	/app/hub/main.go:1529 +0x54
created by github.com/bokiko/bloxos/hub.NewRateLimiter in goroutine 4645
	/app/hub/main.go:1501 +0x11a

goroutine 4576 [sleep, 1 minutes]:
time.Sleep(0x45d964b800)
	/home/jules/go/pkg/mod/golang.org/toolchain@v0.0.1-go1.25.0.linux-amd64/src/runtime/time.go:363 +0x165
github.com/bokiko/bloxos/hub.(*RateLimiter).cleanupLoop(0xc0004dfc40)
	/app/hub/main.go:1529 +0x54
created by github.com/bokiko/bloxos/hub.NewRateLimiter in goroutine 4508
	/app/hub/main.go:1501 +0x11a

goroutine 4507 [sleep, 1 minutes]:
time.Sleep(0x45d964b800)
	/home/jules/go/pkg/mod/golang.org/toolchain@v0.0.1-go1.25.0.linux-amd64/src/runtime/time.go:363 +0x165
github.com/bokiko/bloxos/hub.(*RateLimiter).cleanupLoop(0xc0003e02e0)
	/app/hub/main.go:1529 +0x54
created by github.com/bokiko/bloxos/hub.NewRateLimiter in goroutine 4502
	/app/hub/main.go:1501 +0x11a

goroutine 4430 [sleep, 1 minutes]:
time.Sleep(0x45d964b800)
	/home/jules/go/pkg/mod/golang.org/toolchain@v0.0.1-go1.25.0.linux-amd64/src/runtime/time.go:363 +0x165
github.com/bokiko/bloxos/hub.(*RateLimiter).cleanupLoop(0xc00009ae20)
	/app/hub/main.go:1529 +0x54
created by github.com/bokiko/bloxos/hub.NewRateLimiter in goroutine 4361
	/app/hub/main.go:1501 +0x11a

goroutine 4751 [sleep]:
time.Sleep(0x45d964b800)
	/home/jules/go/pkg/mod/golang.org/toolchain@v0.0.1-go1.25.0.linux-amd64/src/runtime/time.go:363 +0x165
github.com/bokiko/bloxos/hub.(*RateLimiter).cleanupLoop(0xc0002c08f0)
	/app/hub/main.go:1529 +0x54
created by github.com/bokiko/bloxos/hub.NewRateLimiter in goroutine 4802
	/app/hub/main.go:1501 +0x11a
FAIL	github.com/bokiko/bloxos/hub	601.171s
ok  	github.com/bokiko/bloxos/hub/cmd/bloxos-sign	(cached)
FAIL
